[     116ms] [LOG] [Fast Refresh] rebuilding @ http://localhost:3000/_next/static/chunks/node_modules_next_dist_115brz8._.js:2477
[     167ms] [LOG] [Fast Refresh] done in 153ms @ http://localhost:3000/_next/static/chunks/node_modules_next_dist_115brz8._.js:2477
[     235ms] [INFO] %cDownload the React DevTools for a better development experience: https://react.dev/link/react-devtools font-weight:bold @ http://localhost:3000/_next/static/chunks/node_modules_next_dist_115brz8._.js:2477
[     286ms] [LOG] [HMR] connected @ http://localhost:3000/_next/static/chunks/node_modules_next_dist_115brz8._.js:2477
[     492ms] [LOG] [Fast Refresh] rebuilding @ http://localhost:3000/_next/static/chunks/node_modules_next_dist_115brz8._.js:2477
[     509ms] [WARNING] THREE.Clock: This module has been deprecated. Please use THREE.Timer instead. @ http://localhost:3000/_next/static/chunks/node_modules_next_dist_115brz8._.js:2477
[     570ms] [LOG] [Fast Refresh] done in 182ms @ http://localhost:3000/_next/static/chunks/node_modules_next_dist_115brz8._.js:2477
[  154166ms] [LOG] [Fast Refresh] rebuilding @ http://localhost:3000/_next/static/chunks/node_modules_next_dist_115brz8._.js:2477
[  154618ms] [LOG] [Fast Refresh] done in 553ms @ http://localhost:3000/_next/static/chunks/node_modules_next_dist_115brz8._.js:2477
[  181919ms] [LOG] [Fast Refresh] rebuilding @ http://localhost:3000/_next/static/chunks/node_modules_next_dist_115brz8._.js:2477
[  182395ms] [LOG] [Fast Refresh] done in 523ms @ http://localhost:3000/_next/static/chunks/node_modules_next_dist_115brz8._.js:2477
[  207447ms] [LOG] [Fast Refresh] rebuilding @ http://localhost:3000/_next/static/chunks/node_modules_next_dist_115brz8._.js:2477
[  207811ms] [LOG] [Fast Refresh] done in 426ms @ http://localhost:3000/_next/static/chunks/node_modules_next_dist_115brz8._.js:2477
[  229677ms] [LOG] [Fast Refresh] rebuilding @ http://localhost:3000/_next/static/chunks/node_modules_next_dist_115brz8._.js:2477
[  229882ms] [ERROR] ./app/_components/NavLinksMobile.tsx:315:17
Expected '</', got 'ident'
  313 |                   be pinned to its dark rim rather than the page's. */}
  314 |               <CtaButton
> 315 |                 href={absPath(ctaLink.to)}
      |                 ^^^^
  316 |                 onClick={toggleNav}
  317 |                 size="sm"
  318 |                 className="liquid-glass--on-dark"

Parsing ecmascript source code failed

Import traces:
  Client Component Browser:
    ./app/_components/NavLinksMobile.tsx [Client Component Browser]
    ./app/_components/Navbar.tsx [Client Component Browser]
    ./app/_components/Navbar.tsx [Server Component]
    ./app/layout.tsx [Server Component]

  Client Component SSR:
    ./app/_components/NavLinksMobile.tsx [Client Component SSR]
    ./app/_components/Navbar.tsx [Client Component SSR]
    ./app/_components/Navbar.tsx [Server Component]
    ./app/layout.tsx [Server Component] @ http://localhost:3000/_next/static/chunks/node_modules_next_dist_115brz8._.js:3318
[  229942ms] [ERROR] ./app/_components/NavLinksMobile.tsx:315:17
Expected '</', got 'ident'
  313 |                   be pinned to its dark rim rather than the page's. */}
  314 |               <CtaButton
> 315 |                 href={absPath(ctaLink.to)}
      |                 ^^^^
  316 |                 onClick={toggleNav}
  317 |                 size="sm"
  318 |                 className="liquid-glass--on-dark"

Parsing ecmascript source code failed

Import traces:
  Client Component Browser:
    ./app/_components/NavLinksMobile.tsx [Client Component Browser]
    ./app/_components/Navbar.tsx [Client Component Browser]
    ./app/_components/Navbar.tsx [Server Component]
    ./app/layout.tsx [Server Component]

  Client Component SSR:
    ./app/_components/NavLinksMobile.tsx [Client Component SSR]
    ./app/_components/Navbar.tsx [Client Component SSR]
    ./app/_components/Navbar.tsx [Server Component]
    ./app/layout.tsx [Server Component] @ http://localhost:3000/_next/static/chunks/node_modules_next_dist_115brz8._.js:3318
[  230055ms] [LOG] [Fast Refresh] rebuilding @ http://localhost:3000/_next/static/chunks/node_modules_next_dist_115brz8._.js:2477
[  230469ms] [ERROR] ./app/_components/NavLinksMobile.tsx:315:17
Expected '</', got 'ident'
  313 |                   be pinned to its dark rim rather than the page's. */}
  314 |               <CtaButton
> 315 |                 href={absPath(ctaLink.to)}
      |                 ^^^^
  316 |                 onClick={toggleNav}
  317 |                 size="sm"
  318 |                 className="liquid-glass--on-dark"

Parsing ecmascript source code failed

Import traces:
  Client Component Browser:
    ./app/_components/NavLinksMobile.tsx [Client Component Browser]
    ./app/_components/Navbar.tsx [Client Component Browser]
    ./app/_components/Navbar.tsx [Server Component]
    ./app/layout.tsx [Server Component]

  Client Component SSR:
    ./app/_components/NavLinksMobile.tsx [Client Component SSR]
    ./app/_components/Navbar.tsx [Client Component SSR]
    ./app/_components/Navbar.tsx [Server Component]
    ./app/layout.tsx [Server Component] @ http://localhost:3000/_next/static/chunks/node_modules_next_dist_115brz8._.js:3318
[  230546ms] [ERROR] ./app/_components/NavLinksMobile.tsx:315:17
Expected '</', got 'ident'
  313 |                   be pinned to its dark rim rather than the page's. */}
  314 |               <CtaButton
> 315 |                 href={absPath(ctaLink.to)}
      |                 ^^^^
  316 |                 onClick={toggleNav}
  317 |                 size="sm"
  318 |                 className="liquid-glass--on-dark"

Parsing ecmascript source code failed

Import traces:
  Client Component Browser:
    ./app/_components/NavLinksMobile.tsx [Client Component Browser]
    ./app/_components/Navbar.tsx [Client Component Browser]
    ./app/_components/Navbar.tsx [Server Component]
    ./app/layout.tsx [Server Component]

  Client Component SSR:
    ./app/_components/NavLinksMobile.tsx [Client Component SSR]
    ./app/_components/Navbar.tsx [Client Component SSR]
    ./app/_components/Navbar.tsx [Server Component]
    ./app/layout.tsx [Server Component] @ http://localhost:3000/_next/static/chunks/node_modules_next_dist_115brz8._.js:3318
[  230649ms] [LOG] [Fast Refresh] rebuilding @ http://localhost:3000/_next/static/chunks/node_modules_next_dist_115brz8._.js:2477
[  231160ms] [ERROR] ./app/_components/NavLinksMobile.tsx:315:17
Expected '</', got 'ident'
  313 |                   be pinned to its dark rim rather than the page's. */}
  314 |               <CtaButton
> 315 |                 href={absPath(ctaLink.to)}
      |                 ^^^^
  316 |                 onClick={toggleNav}
  317 |                 size="sm"
  318 |                 className="liquid-glass--on-dark"

Parsing ecmascript source code failed

Import traces:
  Client Component Browser:
    ./app/_components/NavLinksMobile.tsx [Client Component Browser]
    ./app/_components/Navbar.tsx [Client Component Browser]
    ./app/_components/Navbar.tsx [Server Component]
    ./app/layout.tsx [Server Component]

  Client Component SSR:
    ./app/_components/NavLinksMobile.tsx [Client Component SSR]
    ./app/_components/Navbar.tsx [Client Component SSR]
    ./app/_components/Navbar.tsx [Server Component]
    ./app/layout.tsx [Server Component] @ http://localhost:3000/_next/static/chunks/node_modules_next_dist_115brz8._.js:3318
[  231160ms] [ERROR] Failed to load resource: the server responded with a status of 500 (Internal Server Error) @ http://localhost:3000/?_rsc=q3mOO9BClNZHexY7:0
[  231275ms] [LOG] [Fast Refresh] rebuilding @ http://localhost:3000/_next/static/chunks/node_modules_next_dist_115brz8._.js:2477
[  231308ms] [ERROR] Failed to load resource: the server responded with a status of 500 (Internal Server Error) @ http://localhost:3000/:0
[  231457ms] [INFO] %cDownload the React DevTools for a better development experience: https://react.dev/link/react-devtools font-weight:bold @ http://localhost:3000/_next/static/chunks/node_modules_react-dom_0bruynb._.js:15305
[  231532ms] Error: ./app/_components/NavLinksMobile.tsx:315:17
Expected '</', got 'ident'
  313 |                   be pinned to its dark rim rather than the page's. */}
  314 |               <CtaButton
> 315 |                 href={absPath(ctaLink.to)}
      |                 ^^^^
  316 |                 onClick={toggleNav}
  317 |                 size="sm"
  318 |                 className="liquid-glass--on-dark"

Parsing ecmascript source code failed

Import traces:
  Client Component Browser:
    ./app/_components/NavLinksMobile.tsx [Client Component Browser]
    ./app/_components/Navbar.tsx [Client Component Browser]
    ./app/_components/Navbar.tsx [Server Component]
    ./app/layout.tsx [Server Component]

  Client Component SSR:
    ./app/_components/NavLinksMobile.tsx [Client Component SSR]
    ./app/_components/Navbar.tsx [Client Component SSR]
    ./app/_components/Navbar.tsx [Server Component]
    ./app/layout.tsx [Server Component]


    at <unknown> (Error: ./app/_components/NavLinksMobile.tsx:315:17)
    at Object.getCompilationErrors (file://C:\Users\admin\Desktop\Web Dev Projects\enigma-digital\node_modules\next\dist\server\dev\hot-reloader-turbopack.js:1186:59)
    at DevBundlerService.getCompilationError (file://C:\Users\admin\Desktop\Web Dev Projects\enigma-digital\node_modules\next\dist\server\lib\dev-bundler-service.js:44:55)
    at DevServer.getCompilationError (file://C:\Users\admin\Desktop\Web Dev Projects\enigma-digital\node_modules\next\dist\server\dev\next-dev-server.js:720:42)
    at DevServer.findPageComponents (file://C:\Users\admin\Desktop\Web Dev Projects\enigma-digital\node_modules\next\dist\server\dev\next-dev-server.js:690:43)
    at async DevServer.renderErrorToResponseImpl (file://C:\Users\admin\Desktop\Web Dev Projects\enigma-digital\node_modules\next\dist\server\base-server.js:1753:26)
[  231532ms] [LOG] [HMR] connected @ http://localhost:3000/_next/static/chunks/node_modules_next_dist_0u_w_5s._.js:1226
[  231563ms] [ERROR] ./app/_components/NavLinksMobile.tsx:315:17
Expected '</', got 'ident'
  313 |                   be pinned to its dark rim rather than the page's. */}
  314 |               <CtaButton
> 315 |                 href={absPath(ctaLink.to)}
      |                 ^^^^
  316 |                 onClick={toggleNav}
  317 |                 size="sm"
  318 |                 className="liquid-glass--on-dark"

Parsing ecmascript source code failed

Import traces:
  Client Component Browser:
    ./app/_components/NavLinksMobile.tsx [Client Component Browser]
    ./app/_components/Navbar.tsx [Client Component Browser]
    ./app/_components/Navbar.tsx [Server Component]
    ./app/layout.tsx [Server Component]

  Client Component SSR:
    ./app/_components/NavLinksMobile.tsx [Client Component SSR]
    ./app/_components/Navbar.tsx [Client Component SSR]
    ./app/_components/Navbar.tsx [Server Component]
    ./app/layout.tsx [Server Component] @ http://localhost:3000/_next/static/chunks/node_modules_next_dist_0u_w_5s._.js:1945
[  231563ms] [ERROR] ./app/_components/NavLinksMobile.tsx:315:17
Expected '</', got 'ident'
  313 |                   be pinned to its dark rim rather than the page's. */}
  314 |               <CtaButton
> 315 |                 href={absPath(ctaLink.to)}
      |                 ^^^^
  316 |                 onClick={toggleNav}
  317 |                 size="sm"
  318 |                 className="liquid-glass--on-dark"

Parsing ecmascript source code failed

Import traces:
  Client Component Browser:
    ./app/_components/NavLinksMobile.tsx [Client Component Browser]
    ./app/_components/Navbar.tsx [Client Component Browser]
    ./app/_components/Navbar.tsx [Server Component]
    ./app/layout.tsx [Server Component]

  Client Component SSR:
    ./app/_components/NavLinksMobile.tsx [Client Component SSR]
    ./app/_components/Navbar.tsx [Client Component SSR]
    ./app/_components/Navbar.tsx [Server Component]
    ./app/layout.tsx [Server Component] @ http://localhost:3000/_next/static/chunks/node_modules_next_dist_0u_w_5s._.js:1945
[  231563ms] [ERROR] ./app/_components/NavLinksMobile.tsx:315:17
Expected '</', got 'ident'
  313 |                   be pinned to its dark rim rather than the page's. */}
  314 |               <CtaButton
> 315 |                 href={absPath(ctaLink.to)}
      |                 ^^^^
  316 |                 onClick={toggleNav}
  317 |                 size="sm"
  318 |                 className="liquid-glass--on-dark"

Parsing ecmascript source code failed

Import traces:
  Client Component Browser:
    ./app/_components/NavLinksMobile.tsx [Client Component Browser]
    ./app/_components/Navbar.tsx [Client Component Browser]
    ./app/_components/Navbar.tsx [Server Component]
    ./app/layout.tsx [Server Component]

  Client Component SSR:
    ./app/_components/NavLinksMobile.tsx [Client Component SSR]
    ./app/_components/Navbar.tsx [Client Component SSR]
    ./app/_components/Navbar.tsx [Server Component]
    ./app/layout.tsx [Server Component] @ http://localhost:3000/_next/static/chunks/node_modules_next_dist_0u_w_5s._.js:1945
[  231563ms] [ERROR] ./app/_components/NavLinksMobile.tsx:315:17
Expected '</', got 'ident'
  313 |                   be pinned to its dark rim rather than the page's. */}
  314 |               <CtaButton
> 315 |                 href={absPath(ctaLink.to)}
      |                 ^^^^
  316 |                 onClick={toggleNav}
  317 |                 size="sm"
  318 |                 className="liquid-glass--on-dark"

Parsing ecmascript source code failed

Import traces:
  Client Component Browser:
    ./app/_components/NavLinksMobile.tsx [Client Component Browser]
    ./app/_components/Navbar.tsx [Client Component Browser]
    ./app/_components/Navbar.tsx [Server Component]
    ./app/layout.tsx [Server Component]

  Client Component SSR:
    ./app/_components/NavLinksMobile.tsx [Client Component SSR]
    ./app/_components/Navbar.tsx [Client Component SSR]
    ./app/_components/Navbar.tsx [Server Component]
    ./app/layout.tsx [Server Component] @ http://localhost:3000/_next/static/chunks/node_modules_next_dist_0u_w_5s._.js:1945
[  231650ms] [ERROR] ./app/_components/NavLinksMobile.tsx:315:17
Expected '</', got 'ident'
  313 |                   be pinned to its dark rim rather than the page's. */}
  314 |               <CtaButton
> 315 |                 href={absPath(ctaLink.to)}
      |                 ^^^^
  316 |                 onClick={toggleNav}
  317 |                 size="sm"
  318 |                 className="liquid-glass--on-dark"

Parsing ecmascript source code failed

Import traces:
  Client Component Browser:
    ./app/_components/NavLinksMobile.tsx [Client Component Browser]
    ./app/_components/Navbar.tsx [Client Component Browser]
    ./app/_components/Navbar.tsx [Server Component]
    ./app/layout.tsx [Server Component]

  Client Component SSR:
    ./app/_components/NavLinksMobile.tsx [Client Component SSR]
    ./app/_components/Navbar.tsx [Client Component SSR]
    ./app/_components/Navbar.tsx [Server Component]
    ./app/layout.tsx [Server Component] @ http://localhost:3000/_next/static/chunks/node_modules_next_dist_0u_w_5s._.js:1945
[  231742ms] [ERROR] ./app/_components/NavLinksMobile.tsx:315:17
Expected '</', got 'ident'
  313 |                   be pinned to its dark rim rather than the page's. */}
  314 |               <CtaButton
> 315 |                 href={absPath(ctaLink.to)}
      |                 ^^^^
  316 |                 onClick={toggleNav}
  317 |                 size="sm"
  318 |                 className="liquid-glass--on-dark"

Parsing ecmascript source code failed

Import traces:
  Client Component Browser:
    ./app/_components/NavLinksMobile.tsx [Client Component Browser]
    ./app/_components/Navbar.tsx [Client Component Browser]
    ./app/_components/Navbar.tsx [Server Component]
    ./app/layout.tsx [Server Component]

  Client Component SSR:
    ./app/_components/NavLinksMobile.tsx [Client Component SSR]
    ./app/_components/Navbar.tsx [Client Component SSR]
    ./app/_components/Navbar.tsx [Server Component]
    ./app/layout.tsx [Server Component] @ http://localhost:3000/_next/static/chunks/node_modules_next_dist_0u_w_5s._.js:1945
[  231772ms] [LOG] [Fast Refresh] rebuilding @ http://localhost:3000/_next/static/chunks/node_modules_next_dist_0u_w_5s._.js:1226
[  231835ms] [ERROR] ./app/_components/NavLinksMobile.tsx:315:17
Expected '</', got 'ident'
  313 |                   be pinned to its dark rim rather than the page's. */}
  314 |               <CtaButton
> 315 |                 href={absPath(ctaLink.to)}
      |                 ^^^^
  316 |                 onClick={toggleNav}
  317 |                 size="sm"
  318 |                 className="liquid-glass--on-dark"

Parsing ecmascript source code failed

Import traces:
  Client Component Browser:
    ./app/_components/NavLinksMobile.tsx [Client Component Browser]
    ./app/_components/Navbar.tsx [Client Component Browser]
    ./app/_components/Navbar.tsx [Server Component]
    ./app/layout.tsx [Server Component]

  Client Component SSR:
    ./app/_components/NavLinksMobile.tsx [Client Component SSR]
    ./app/_components/Navbar.tsx [Client Component SSR]
    ./app/_components/Navbar.tsx [Server Component]
    ./app/layout.tsx [Server Component] @ http://localhost:3000/_next/static/chunks/node_modules_next_dist_0u_w_5s._.js:1945
[  231888ms] [ERROR] ./app/_components/NavLinksMobile.tsx:315:17
Expected '</', got 'ident'
  313 |                   be pinned to its dark rim rather than the page's. */}
  314 |               <CtaButton
> 315 |                 href={absPath(ctaLink.to)}
      |                 ^^^^
  316 |                 onClick={toggleNav}
  317 |                 size="sm"
  318 |                 className="liquid-glass--on-dark"

Parsing ecmascript source code failed

Import traces:
  Client Component Browser:
    ./app/_components/NavLinksMobile.tsx [Client Component Browser]
    ./app/_components/Navbar.tsx [Client Component Browser]
    ./app/_components/Navbar.tsx [Server Component]
    ./app/layout.tsx [Server Component]

  Client Component SSR:
    ./app/_components/NavLinksMobile.tsx [Client Component SSR]
    ./app/_components/Navbar.tsx [Client Component SSR]
    ./app/_components/Navbar.tsx [Server Component]
    ./app/layout.tsx [Server Component] @ http://localhost:3000/_next/static/chunks/node_modules_next_dist_0u_w_5s._.js:1945
[  231952ms] [ERROR] ./app/_components/NavLinksMobile.tsx:315:17
Expected '</', got 'ident'
  313 |                   be pinned to its dark rim rather than the page's. */}
  314 |               <CtaButton
> 315 |                 href={absPath(ctaLink.to)}
      |                 ^^^^
  316 |                 onClick={toggleNav}
  317 |                 size="sm"
  318 |                 className="liquid-glass--on-dark"

Parsing ecmascript source code failed

Import traces:
  Client Component Browser:
    ./app/_components/NavLinksMobile.tsx [Client Component Browser]
    ./app/_components/Navbar.tsx [Client Component Browser]
    ./app/_components/Navbar.tsx [Server Component]
    ./app/layout.tsx [Server Component]

  Client Component SSR:
    ./app/_components/NavLinksMobile.tsx [Client Component SSR]
    ./app/_components/Navbar.tsx [Client Component SSR]
    ./app/_components/Navbar.tsx [Server Component]
    ./app/layout.tsx [Server Component] @ http://localhost:3000/_next/static/chunks/node_modules_next_dist_0u_w_5s._.js:1945
[  232012ms] [ERROR] ./app/_components/NavLinksMobile.tsx:315:17
Expected '</', got 'ident'
  313 |                   be pinned to its dark rim rather than the page's. */}
  314 |               <CtaButton
> 315 |                 href={absPath(ctaLink.to)}
      |                 ^^^^
  316 |                 onClick={toggleNav}
  317 |                 size="sm"
  318 |                 className="liquid-glass--on-dark"

Parsing ecmascript source code failed

Import traces:
  Client Component Browser:
    ./app/_components/NavLinksMobile.tsx [Client Component Browser]
    ./app/_components/Navbar.tsx [Client Component Browser]
    ./app/_components/Navbar.tsx [Server Component]
    ./app/layout.tsx [Server Component]

  Client Component SSR:
    ./app/_components/NavLinksMobile.tsx [Client Component SSR]
    ./app/_components/Navbar.tsx [Client Component SSR]
    ./app/_components/Navbar.tsx [Server Component]
    ./app/layout.tsx [Server Component] @ http://localhost:3000/_next/static/chunks/node_modules_next_dist_0u_w_5s._.js:1945
[  232074ms] [ERROR] ./app/_components/NavLinksMobile.tsx:315:17
Expected '</', got 'ident'
  313 |                   be pinned to its dark rim rather than the page's. */}
  314 |               <CtaButton
> 315 |                 href={absPath(ctaLink.to)}
      |                 ^^^^
  316 |                 onClick={toggleNav}
  317 |                 size="sm"
  318 |                 className="liquid-glass--on-dark"

Parsing ecmascript source code failed

Import traces:
  Client Component Browser:
    ./app/_components/NavLinksMobile.tsx [Client Component Browser]
    ./app/_components/Navbar.tsx [Client Component Browser]
    ./app/_components/Navbar.tsx [Server Component]
    ./app/layout.tsx [Server Component]

  Client Component SSR:
    ./app/_components/NavLinksMobile.tsx [Client Component SSR]
    ./app/_components/Navbar.tsx [Client Component SSR]
    ./app/_components/Navbar.tsx [Server Component]
    ./app/layout.tsx [Server Component] @ http://localhost:3000/_next/static/chunks/node_modules_next_dist_0u_w_5s._.js:1945
[  232137ms] [ERROR] ./app/_components/NavLinksMobile.tsx:315:17
Expected '</', got 'ident'
  313 |                   be pinned to its dark rim rather than the page's. */}
  314 |               <CtaButton
> 315 |                 href={absPath(ctaLink.to)}
      |                 ^^^^
  316 |                 onClick={toggleNav}
  317 |                 size="sm"
  318 |                 className="liquid-glass--on-dark"

Parsing ecmascript source code failed

Import traces:
  Client Component Browser:
    ./app/_components/NavLinksMobile.tsx [Client Component Browser]
    ./app/_components/Navbar.tsx [Client Component Browser]
    ./app/_components/Navbar.tsx [Server Component]
    ./app/layout.tsx [Server Component]

  Client Component SSR:
    ./app/_components/NavLinksMobile.tsx [Client Component SSR]
    ./app/_components/Navbar.tsx [Client Component SSR]
    ./app/_components/Navbar.tsx [Server Component]
    ./app/layout.tsx [Server Component] @ http://localhost:3000/_next/static/chunks/node_modules_next_dist_0u_w_5s._.js:1945
[  232198ms] [ERROR] ./app/_components/NavLinksMobile.tsx:315:17
Expected '</', got 'ident'
  313 |                   be pinned to its dark rim rather than the page's. */}
  314 |               <CtaButton
> 315 |                 href={absPath(ctaLink.to)}
      |                 ^^^^
  316 |                 onClick={toggleNav}
  317 |                 size="sm"
  318 |                 className="liquid-glass--on-dark"

Parsing ecmascript source code failed

Import traces:
  Client Component Browser:
    ./app/_components/NavLinksMobile.tsx [Client Component Browser]
    ./app/_components/Navbar.tsx [Client Component Browser]
    ./app/_components/Navbar.tsx [Server Component]
    ./app/layout.tsx [Server Component]

  Client Component SSR:
    ./app/_components/NavLinksMobile.tsx [Client Component SSR]
    ./app/_components/Navbar.tsx [Client Component SSR]
    ./app/_components/Navbar.tsx [Server Component]
    ./app/layout.tsx [Server Component] @ http://localhost:3000/_next/static/chunks/node_modules_next_dist_0u_w_5s._.js:1945
[  232261ms] [ERROR] ./app/_components/NavLinksMobile.tsx:315:17
Expected '</', got 'ident'
  313 |                   be pinned to its dark rim rather than the page's. */}
  314 |               <CtaButton
> 315 |                 href={absPath(ctaLink.to)}
      |                 ^^^^
  316 |                 onClick={toggleNav}
  317 |                 size="sm"
  318 |                 className="liquid-glass--on-dark"

Parsing ecmascript source code failed

Import traces:
  Client Component Browser:
    ./app/_components/NavLinksMobile.tsx [Client Component Browser]
    ./app/_components/Navbar.tsx [Client Component Browser]
    ./app/_components/Navbar.tsx [Server Component]
    ./app/layout.tsx [Server Component]

  Client Component SSR:
    ./app/_components/NavLinksMobile.tsx [Client Component SSR]
    ./app/_components/Navbar.tsx [Client Component SSR]
    ./app/_components/Navbar.tsx [Server Component]
    ./app/layout.tsx [Server Component] @ http://localhost:3000/_next/static/chunks/node_modules_next_dist_0u_w_5s._.js:1945
[  232323ms] [ERROR] ./app/_components/NavLinksMobile.tsx:315:17
Expected '</', got 'ident'
  313 |                   be pinned to its dark rim rather than the page's. */}
  314 |               <CtaButton
> 315 |                 href={absPath(ctaLink.to)}
      |                 ^^^^
  316 |                 onClick={toggleNav}
  317 |                 size="sm"
  318 |                 className="liquid-glass--on-dark"

Parsing ecmascript source code failed

Import traces:
  Client Component Browser:
    ./app/_components/NavLinksMobile.tsx [Client Component Browser]
    ./app/_components/Navbar.tsx [Client Component Browser]
    ./app/_components/Navbar.tsx [Server Component]
    ./app/layout.tsx [Server Component]

  Client Component SSR:
    ./app/_components/NavLinksMobile.tsx [Client Component SSR]
    ./app/_components/Navbar.tsx [Client Component SSR]
    ./app/_components/Navbar.tsx [Server Component]
    ./app/layout.tsx [Server Component] @ http://localhost:3000/_next/static/chunks/node_modules_next_dist_0u_w_5s._.js:1945
[  232386ms] [ERROR] ./app/_components/NavLinksMobile.tsx:315:17
Expected '</', got 'ident'
  313 |                   be pinned to its dark rim rather than the page's. */}
  314 |               <CtaButton
> 315 |                 href={absPath(ctaLink.to)}
      |                 ^^^^
  316 |                 onClick={toggleNav}
  317 |                 size="sm"
  318 |                 className="liquid-glass--on-dark"

Parsing ecmascript source code failed

Import traces:
  Client Component Browser:
    ./app/_components/NavLinksMobile.tsx [Client Component Browser]
    ./app/_components/Navbar.tsx [Client Component Browser]
    ./app/_components/Navbar.tsx [Server Component]
    ./app/layout.tsx [Server Component]

  Client Component SSR:
    ./app/_components/NavLinksMobile.tsx [Client Component SSR]
    ./app/_components/Navbar.tsx [Client Component SSR]
    ./app/_components/Navbar.tsx [Server Component]
    ./app/layout.tsx [Server Component] @ http://localhost:3000/_next/static/chunks/node_modules_next_dist_0u_w_5s._.js:1945
[  232446ms] [ERROR] ./app/_components/NavLinksMobile.tsx:315:17
Expected '</', got 'ident'
  313 |                   be pinned to its dark rim rather than the page's. */}
  314 |               <CtaButton
> 315 |                 href={absPath(ctaLink.to)}
      |                 ^^^^
  316 |                 onClick={toggleNav}
  317 |                 size="sm"
  318 |                 className="liquid-glass--on-dark"

Parsing ecmascript source code failed

Import traces:
  Client Component Browser:
    ./app/_components/NavLinksMobile.tsx [Client Component Browser]
    ./app/_components/Navbar.tsx [Client Component Browser]
    ./app/_components/Navbar.tsx [Server Component]
    ./app/layout.tsx [Server Component]

  Client Component SSR:
    ./app/_components/NavLinksMobile.tsx [Client Component SSR]
    ./app/_components/Navbar.tsx [Client Component SSR]
    ./app/_components/Navbar.tsx [Server Component]
    ./app/layout.tsx [Server Component] @ http://localhost:3000/_next/static/chunks/node_modules_next_dist_0u_w_5s._.js:1945
[  232508ms] [ERROR] ./app/_components/NavLinksMobile.tsx:315:17
Expected '</', got 'ident'
  313 |                   be pinned to its dark rim rather than the page's. */}
  314 |               <CtaButton
> 315 |                 href={absPath(ctaLink.to)}
      |                 ^^^^
  316 |                 onClick={toggleNav}
  317 |                 size="sm"
  318 |                 className="liquid-glass--on-dark"

Parsing ecmascript source code failed

Import traces:
  Client Component Browser:
    ./app/_components/NavLinksMobile.tsx [Client Component Browser]
    ./app/_components/Navbar.tsx [Client Component Browser]
    ./app/_components/Navbar.tsx [Server Component]
    ./app/layout.tsx [Server Component]

  Client Component SSR:
    ./app/_components/NavLinksMobile.tsx [Client Component SSR]
    ./app/_components/Navbar.tsx [Client Component SSR]
    ./app/_components/Navbar.tsx [Server Component]
    ./app/layout.tsx [Server Component] @ http://localhost:3000/_next/static/chunks/node_modules_next_dist_0u_w_5s._.js:1945
[  232570ms] [ERROR] ./app/_components/NavLinksMobile.tsx:315:17
Expected '</', got 'ident'
  313 |                   be pinned to its dark rim rather than the page's. */}
  314 |               <CtaButton
> 315 |                 href={absPath(ctaLink.to)}
      |                 ^^^^
  316 |                 onClick={toggleNav}
  317 |                 size="sm"
  318 |                 className="liquid-glass--on-dark"

Parsing ecmascript source code failed

Import traces:
  Client Component Browser:
    ./app/_components/NavLinksMobile.tsx [Client Component Browser]
    ./app/_components/Navbar.tsx [Client Component Browser]
    ./app/_components/Navbar.tsx [Server Component]
    ./app/layout.tsx [Server Component]

  Client Component SSR:
    ./app/_components/NavLinksMobile.tsx [Client Component SSR]
    ./app/_components/Navbar.tsx [Client Component SSR]
    ./app/_components/Navbar.tsx [Server Component]
    ./app/layout.tsx [Server Component] @ http://localhost:3000/_next/static/chunks/node_modules_next_dist_0u_w_5s._.js:1945
[  232633ms] [ERROR] ./app/_components/NavLinksMobile.tsx:315:17
Expected '</', got 'ident'
  313 |                   be pinned to its dark rim rather than the page's. */}
  314 |               <CtaButton
> 315 |                 href={absPath(ctaLink.to)}
      |                 ^^^^
  316 |                 onClick={toggleNav}
  317 |                 size="sm"
  318 |                 className="liquid-glass--on-dark"

Parsing ecmascript source code failed

Import traces:
  Client Component Browser:
    ./app/_components/NavLinksMobile.tsx [Client Component Browser]
    ./app/_components/Navbar.tsx [Client Component Browser]
    ./app/_components/Navbar.tsx [Server Component]
    ./app/layout.tsx [Server Component]

  Client Component SSR:
    ./app/_components/NavLinksMobile.tsx [Client Component SSR]
    ./app/_components/Navbar.tsx [Client Component SSR]
    ./app/_components/Navbar.tsx [Server Component]
    ./app/layout.tsx [Server Component] @ http://localhost:3000/_next/static/chunks/node_modules_next_dist_0u_w_5s._.js:1945
[  232694ms] [ERROR] ./app/_components/NavLinksMobile.tsx:315:17
Expected '</', got 'ident'
  313 |                   be pinned to its dark rim rather than the page's. */}
  314 |               <CtaButton
> 315 |                 href={absPath(ctaLink.to)}
      |                 ^^^^
  316 |                 onClick={toggleNav}
  317 |                 size="sm"
  318 |                 className="liquid-glass--on-dark"

Parsing ecmascript source code failed

Import traces:
  Client Component Browser:
    ./app/_components/NavLinksMobile.tsx [Client Component Browser]
    ./app/_components/Navbar.tsx [Client Component Browser]
    ./app/_components/Navbar.tsx [Server Component]
    ./app/layout.tsx [Server Component]

  Client Component SSR:
    ./app/_components/NavLinksMobile.tsx [Client Component SSR]
    ./app/_components/Navbar.tsx [Client Component SSR]
    ./app/_components/Navbar.tsx [Server Component]
    ./app/layout.tsx [Server Component] @ http://localhost:3000/_next/static/chunks/node_modules_next_dist_0u_w_5s._.js:1945
[  232757ms] [ERROR] ./app/_components/NavLinksMobile.tsx:315:17
Expected '</', got 'ident'
  313 |                   be pinned to its dark rim rather than the page's. */}
  314 |               <CtaButton
> 315 |                 href={absPath(ctaLink.to)}
      |                 ^^^^
  316 |                 onClick={toggleNav}
  317 |                 size="sm"
  318 |                 className="liquid-glass--on-dark"

Parsing ecmascript source code failed

Import traces:
  Client Component Browser:
    ./app/_components/NavLinksMobile.tsx [Client Component Browser]
    ./app/_components/Navbar.tsx [Client Component Browser]
    ./app/_components/Navbar.tsx [Server Component]
    ./app/layout.tsx [Server Component]

  Client Component SSR:
    ./app/_components/NavLinksMobile.tsx [Client Component SSR]
    ./app/_components/Navbar.tsx [Client Component SSR]
    ./app/_components/Navbar.tsx [Server Component]
    ./app/layout.tsx [Server Component] @ http://localhost:3000/_next/static/chunks/node_modules_next_dist_0u_w_5s._.js:1945
[  232819ms] [ERROR] ./app/_components/NavLinksMobile.tsx:315:17
Expected '</', got 'ident'
  313 |                   be pinned to its dark rim rather than the page's. */}
  314 |               <CtaButton
> 315 |                 href={absPath(ctaLink.to)}
      |                 ^^^^
  316 |                 onClick={toggleNav}
  317 |                 size="sm"
  318 |                 className="liquid-glass--on-dark"

Parsing ecmascript source code failed

Import traces:
  Client Component Browser:
    ./app/_components/NavLinksMobile.tsx [Client Component Browser]
    ./app/_components/Navbar.tsx [Client Component Browser]
    ./app/_components/Navbar.tsx [Server Component]
    ./app/layout.tsx [Server Component]

  Client Component SSR:
    ./app/_components/NavLinksMobile.tsx [Client Component SSR]
    ./app/_components/Navbar.tsx [Client Component SSR]
    ./app/_components/Navbar.tsx [Server Component]
    ./app/layout.tsx [Server Component] @ http://localhost:3000/_next/static/chunks/node_modules_next_dist_0u_w_5s._.js:1945
[  232881ms] [ERROR] ./app/_components/NavLinksMobile.tsx:315:17
Expected '</', got 'ident'
  313 |                   be pinned to its dark rim rather than the page's. */}
  314 |               <CtaButton
> 315 |                 href={absPath(ctaLink.to)}
      |                 ^^^^
  316 |                 onClick={toggleNav}
  317 |                 size="sm"
  318 |                 className="liquid-glass--on-dark"

Parsing ecmascript source code failed

Import traces:
  Client Component Browser:
    ./app/_components/NavLinksMobile.tsx [Client Component Browser]
    ./app/_components/Navbar.tsx [Client Component Browser]
    ./app/_components/Navbar.tsx [Server Component]
    ./app/layout.tsx [Server Component]

  Client Component SSR:
    ./app/_components/NavLinksMobile.tsx [Client Component SSR]
    ./app/_components/Navbar.tsx [Client Component SSR]
    ./app/_components/Navbar.tsx [Server Component]
    ./app/layout.tsx [Server Component] @ http://localhost:3000/_next/static/chunks/node_modules_next_dist_0u_w_5s._.js:1945
[  232943ms] [ERROR] ./app/_components/NavLinksMobile.tsx:315:17
Expected '</', got 'ident'
  313 |                   be pinned to its dark rim rather than the page's. */}
  314 |               <CtaButton
> 315 |                 href={absPath(ctaLink.to)}
      |                 ^^^^
  316 |                 onClick={toggleNav}
  317 |                 size="sm"
  318 |                 className="liquid-glass--on-dark"

Parsing ecmascript source code failed

Import traces:
  Client Component Browser:
    ./app/_components/NavLinksMobile.tsx [Client Component Browser]
    ./app/_components/Navbar.tsx [Client Component Browser]
    ./app/_components/Navbar.tsx [Server Component]
    ./app/layout.tsx [Server Component]

  Client Component SSR:
    ./app/_components/NavLinksMobile.tsx [Client Component SSR]
    ./app/_components/Navbar.tsx [Client Component SSR]
    ./app/_components/Navbar.tsx [Server Component]
    ./app/layout.tsx [Server Component] @ http://localhost:3000/_next/static/chunks/node_modules_next_dist_0u_w_5s._.js:1945
[  233006ms] [ERROR] ./app/_components/NavLinksMobile.tsx:315:17
Expected '</', got 'ident'
  313 |                   be pinned to its dark rim rather than the page's. */}
  314 |               <CtaButton
> 315 |                 href={absPath(ctaLink.to)}
      |                 ^^^^
  316 |                 onClick={toggleNav}
  317 |                 size="sm"
  318 |                 className="liquid-glass--on-dark"

Parsing ecmascript source code failed

Import traces:
  Client Component Browser:
    ./app/_components/NavLinksMobile.tsx [Client Component Browser]
    ./app/_components/Navbar.tsx [Client Component Browser]
    ./app/_components/Navbar.tsx [Server Component]
    ./app/layout.tsx [Server Component]

  Client Component SSR:
    ./app/_components/NavLinksMobile.tsx [Client Component SSR]
    ./app/_components/Navbar.tsx [Client Component SSR]
    ./app/_components/Navbar.tsx [Server Component]
    ./app/layout.tsx [Server Component] @ http://localhost:3000/_next/static/chunks/node_modules_next_dist_0u_w_5s._.js:1945
[  233068ms] [ERROR] ./app/_components/NavLinksMobile.tsx:315:17
Expected '</', got 'ident'
  313 |                   be pinned to its dark rim rather than the page's. */}
  314 |               <CtaButton
> 315 |                 href={absPath(ctaLink.to)}
      |                 ^^^^
  316 |                 onClick={toggleNav}
  317 |                 size="sm"
  318 |                 className="liquid-glass--on-dark"

Parsing ecmascript source code failed

Import traces:
  Client Component Browser:
    ./app/_components/NavLinksMobile.tsx [Client Component Browser]
    ./app/_components/Navbar.tsx [Client Component Browser]
    ./app/_components/Navbar.tsx [Server Component]
    ./app/layout.tsx [Server Component]

  Client Component SSR:
    ./app/_components/NavLinksMobile.tsx [Client Component SSR]
    ./app/_components/Navbar.tsx [Client Component SSR]
    ./app/_components/Navbar.tsx [Server Component]
    ./app/layout.tsx [Server Component] @ http://localhost:3000/_next/static/chunks/node_modules_next_dist_0u_w_5s._.js:1945
[  233131ms] [ERROR] ./app/_components/NavLinksMobile.tsx:315:17
Expected '</', got 'ident'
  313 |                   be pinned to its dark rim rather than the page's. */}
  314 |               <CtaButton
> 315 |                 href={absPath(ctaLink.to)}
      |                 ^^^^
  316 |                 onClick={toggleNav}
  317 |                 size="sm"
  318 |                 className="liquid-glass--on-dark"

Parsing ecmascript source code failed

Import traces:
  Client Component Browser:
    ./app/_components/NavLinksMobile.tsx [Client Component Browser]
    ./app/_components/Navbar.tsx [Client Component Browser]
    ./app/_components/Navbar.tsx [Server Component]
    ./app/layout.tsx [Server Component]

  Client Component SSR:
    ./app/_components/NavLinksMobile.tsx [Client Component SSR]
    ./app/_components/Navbar.tsx [Client Component SSR]
    ./app/_components/Navbar.tsx [Server Component]
    ./app/layout.tsx [Server Component] @ http://localhost:3000/_next/static/chunks/node_modules_next_dist_0u_w_5s._.js:1945
[  233194ms] [ERROR] ./app/_components/NavLinksMobile.tsx:315:17
Expected '</', got 'ident'
  313 |                   be pinned to its dark rim rather than the page's. */}
  314 |               <CtaButton
> 315 |                 href={absPath(ctaLink.to)}
      |                 ^^^^
  316 |                 onClick={toggleNav}
  317 |                 size="sm"
  318 |                 className="liquid-glass--on-dark"

Parsing ecmascript source code failed

Import traces:
  Client Component Browser:
    ./app/_components/NavLinksMobile.tsx [Client Component Browser]
    ./app/_components/Navbar.tsx [Client Component Browser]
    ./app/_components/Navbar.tsx [Server Component]
    ./app/layout.tsx [Server Component]

  Client Component SSR:
    ./app/_components/NavLinksMobile.tsx [Client Component SSR]
    ./app/_components/Navbar.tsx [Client Component SSR]
    ./app/_components/Navbar.tsx [Server Component]
    ./app/layout.tsx [Server Component] @ http://localhost:3000/_next/static/chunks/node_modules_next_dist_0u_w_5s._.js:1945
[  233257ms] [ERROR] ./app/_components/NavLinksMobile.tsx:315:17
Expected '</', got 'ident'
  313 |                   be pinned to its dark rim rather than the page's. */}
  314 |               <CtaButton
> 315 |                 href={absPath(ctaLink.to)}
      |                 ^^^^
  316 |                 onClick={toggleNav}
  317 |                 size="sm"
  318 |                 className="liquid-glass--on-dark"

Parsing ecmascript source code failed

Import traces:
  Client Component Browser:
    ./app/_components/NavLinksMobile.tsx [Client Component Browser]
    ./app/_components/Navbar.tsx [Client Component Browser]
    ./app/_components/Navbar.tsx [Server Component]
    ./app/layout.tsx [Server Component]

  Client Component SSR:
    ./app/_components/NavLinksMobile.tsx [Client Component SSR]
    ./app/_components/Navbar.tsx [Client Component SSR]
    ./app/_components/Navbar.tsx [Server Component]
    ./app/layout.tsx [Server Component] @ http://localhost:3000/_next/static/chunks/node_modules_next_dist_0u_w_5s._.js:1945
[  233321ms] [ERROR] ./app/_components/NavLinksMobile.tsx:315:17
Expected '</', got 'ident'
  313 |                   be pinned to its dark rim rather than the page's. */}
  314 |               <CtaButton
> 315 |                 href={absPath(ctaLink.to)}
      |                 ^^^^
  316 |                 onClick={toggleNav}
  317 |                 size="sm"
  318 |                 className="liquid-glass--on-dark"

Parsing ecmascript source code failed

Import traces:
  Client Component Browser:
    ./app/_components/NavLinksMobile.tsx [Client Component Browser]
    ./app/_components/Navbar.tsx [Client Component Browser]
    ./app/_components/Navbar.tsx [Server Component]
    ./app/layout.tsx [Server Component]

  Client Component SSR:
    ./app/_components/NavLinksMobile.tsx [Client Component SSR]
    ./app/_components/Navbar.tsx [Client Component SSR]
    ./app/_components/Navbar.tsx [Server Component]
    ./app/layout.tsx [Server Component] @ http://localhost:3000/_next/static/chunks/node_modules_next_dist_0u_w_5s._.js:1945
[  233380ms] [ERROR] ./app/_components/NavLinksMobile.tsx:315:17
Expected '</', got 'ident'
  313 |                   be pinned to its dark rim rather than the page's. */}
  314 |               <CtaButton
> 315 |                 href={absPath(ctaLink.to)}
      |                 ^^^^
  316 |                 onClick={toggleNav}
  317 |                 size="sm"
  318 |                 className="liquid-glass--on-dark"

Parsing ecmascript source code failed

Import traces:
  Client Component Browser:
    ./app/_components/NavLinksMobile.tsx [Client Component Browser]
    ./app/_components/Navbar.tsx [Client Component Browser]
    ./app/_components/Navbar.tsx [Server Component]
    ./app/layout.tsx [Server Component]

  Client Component SSR:
    ./app/_components/NavLinksMobile.tsx [Client Component SSR]
    ./app/_components/Navbar.tsx [Client Component SSR]
    ./app/_components/Navbar.tsx [Server Component]
    ./app/layout.tsx [Server Component] @ http://localhost:3000/_next/static/chunks/node_modules_next_dist_0u_w_5s._.js:1945
[  233433ms] [ERROR] ./app/_components/NavLinksMobile.tsx:315:17
Expected '</', got 'ident'
  313 |                   be pinned to its dark rim rather than the page's. */}
  314 |               <CtaButton
> 315 |                 href={absPath(ctaLink.to)}
      |                 ^^^^
  316 |                 onClick={toggleNav}
  317 |                 size="sm"
  318 |                 className="liquid-glass--on-dark"

Parsing ecmascript source code failed

Import traces:
  Client Component Browser:
    ./app/_components/NavLinksMobile.tsx [Client Component Browser]
    ./app/_components/Navbar.tsx [Client Component Browser]
    ./app/_components/Navbar.tsx [Server Component]
    ./app/layout.tsx [Server Component]

  Client Component SSR:
    ./app/_components/NavLinksMobile.tsx [Client Component SSR]
    ./app/_components/Navbar.tsx [Client Component SSR]
    ./app/_components/Navbar.tsx [Server Component]
    ./app/layout.tsx [Server Component] @ http://localhost:3000/_next/static/chunks/node_modules_next_dist_0u_w_5s._.js:1945
[  233490ms] [ERROR] ./app/_components/NavLinksMobile.tsx:315:17
Expected '</', got 'ident'
  313 |                   be pinned to its dark rim rather than the page's. */}
  314 |               <CtaButton
> 315 |                 href={absPath(ctaLink.to)}
      |                 ^^^^
  316 |                 onClick={toggleNav}
  317 |                 size="sm"
  318 |                 className="liquid-glass--on-dark"

Parsing ecmascript source code failed

Import traces:
  Client Component Browser:
    ./app/_components/NavLinksMobile.tsx [Client Component Browser]
    ./app/_components/Navbar.tsx [Client Component Browser]
    ./app/_components/Navbar.tsx [Server Component]
    ./app/layout.tsx [Server Component]

  Client Component SSR:
    ./app/_components/NavLinksMobile.tsx [Client Component SSR]
    ./app/_components/Navbar.tsx [Client Component SSR]
    ./app/_components/Navbar.tsx [Server Component]
    ./app/layout.tsx [Server Component] @ http://localhost:3000/_next/static/chunks/node_modules_next_dist_0u_w_5s._.js:1945
[  233551ms] [ERROR] ./app/_components/NavLinksMobile.tsx:315:17
Expected '</', got 'ident'
  313 |                   be pinned to its dark rim rather than the page's. */}
  314 |               <CtaButton
> 315 |                 href={absPath(ctaLink.to)}
      |                 ^^^^
  316 |                 onClick={toggleNav}
  317 |                 size="sm"
  318 |                 className="liquid-glass--on-dark"

Parsing ecmascript source code failed

Import traces:
  Client Component Browser:
    ./app/_components/NavLinksMobile.tsx [Client Component Browser]
    ./app/_components/Navbar.tsx [Client Component Browser]
    ./app/_components/Navbar.tsx [Server Component]
    ./app/layout.tsx [Server Component]

  Client Component SSR:
    ./app/_components/NavLinksMobile.tsx [Client Component SSR]
    ./app/_components/Navbar.tsx [Client Component SSR]
    ./app/_components/Navbar.tsx [Server Component]
    ./app/layout.tsx [Server Component] @ http://localhost:3000/_next/static/chunks/node_modules_next_dist_0u_w_5s._.js:1945
[  233612ms] [ERROR] ./app/_components/NavLinksMobile.tsx:315:17
Expected '</', got 'ident'
  313 |                   be pinned to its dark rim rather than the page's. */}
  314 |               <CtaButton
> 315 |                 href={absPath(ctaLink.to)}
      |                 ^^^^
  316 |                 onClick={toggleNav}
  317 |                 size="sm"
  318 |                 className="liquid-glass--on-dark"

Parsing ecmascript source code failed

Import traces:
  Client Component Browser:
    ./app/_components/NavLinksMobile.tsx [Client Component Browser]
    ./app/_components/Navbar.tsx [Client Component Browser]
    ./app/_components/Navbar.tsx [Server Component]
    ./app/layout.tsx [Server Component]

  Client Component SSR:
    ./app/_components/NavLinksMobile.tsx [Client Component SSR]
    ./app/_components/Navbar.tsx [Client Component SSR]
    ./app/_components/Navbar.tsx [Server Component]
    ./app/layout.tsx [Server Component] @ http://localhost:3000/_next/static/chunks/node_modules_next_dist_0u_w_5s._.js:1945
[  233675ms] [ERROR] ./app/_components/NavLinksMobile.tsx:315:17
Expected '</', got 'ident'
  313 |                   be pinned to its dark rim rather than the page's. */}
  314 |               <CtaButton
> 315 |                 href={absPath(ctaLink.to)}
      |                 ^^^^
  316 |                 onClick={toggleNav}
  317 |                 size="sm"
  318 |                 className="liquid-glass--on-dark"

Parsing ecmascript source code failed

Import traces:
  Client Component Browser:
    ./app/_components/NavLinksMobile.tsx [Client Component Browser]
    ./app/_components/Navbar.tsx [Client Component Browser]
    ./app/_components/Navbar.tsx [Server Component]
    ./app/layout.tsx [Server Component]

  Client Component SSR:
    ./app/_components/NavLinksMobile.tsx [Client Component SSR]
    ./app/_components/Navbar.tsx [Client Component SSR]
    ./app/_components/Navbar.tsx [Server Component]
    ./app/layout.tsx [Server Component] @ http://localhost:3000/_next/static/chunks/node_modules_next_dist_0u_w_5s._.js:1945
[  233736ms] [ERROR] ./app/_components/NavLinksMobile.tsx:315:17
Expected '</', got 'ident'
  313 |                   be pinned to its dark rim rather than the page's. */}
  314 |               <CtaButton
> 315 |                 href={absPath(ctaLink.to)}
      |                 ^^^^
  316 |                 onClick={toggleNav}
  317 |                 size="sm"
  318 |                 className="liquid-glass--on-dark"

Parsing ecmascript source code failed

Import traces:
  Client Component Browser:
    ./app/_components/NavLinksMobile.tsx [Client Component Browser]
    ./app/_components/Navbar.tsx [Client Component Browser]
    ./app/_components/Navbar.tsx [Server Component]
    ./app/layout.tsx [Server Component]

  Client Component SSR:
    ./app/_components/NavLinksMobile.tsx [Client Component SSR]
    ./app/_components/Navbar.tsx [Client Component SSR]
    ./app/_components/Navbar.tsx [Server Component]
    ./app/layout.tsx [Server Component] @ http://localhost:3000/_next/static/chunks/node_modules_next_dist_0u_w_5s._.js:1945
[  233798ms] [ERROR] ./app/_components/NavLinksMobile.tsx:315:17
Expected '</', got 'ident'
  313 |                   be pinned to its dark rim rather than the page's. */}
  314 |               <CtaButton
> 315 |                 href={absPath(ctaLink.to)}
      |                 ^^^^
  316 |                 onClick={toggleNav}
  317 |                 size="sm"
  318 |                 className="liquid-glass--on-dark"

Parsing ecmascript source code failed

Import traces:
  Client Component Browser:
    ./app/_components/NavLinksMobile.tsx [Client Component Browser]
    ./app/_components/Navbar.tsx [Client Component Browser]
    ./app/_components/Navbar.tsx [Server Component]
    ./app/layout.tsx [Server Component]

  Client Component SSR:
    ./app/_components/NavLinksMobile.tsx [Client Component SSR]
    ./app/_components/Navbar.tsx [Client Component SSR]
    ./app/_components/Navbar.tsx [Server Component]
    ./app/layout.tsx [Server Component] @ http://localhost:3000/_next/static/chunks/node_modules_next_dist_0u_w_5s._.js:1945
[  233860ms] [ERROR] ./app/_components/NavLinksMobile.tsx:315:17
Expected '</', got 'ident'
  313 |                   be pinned to its dark rim rather than the page's. */}
  314 |               <CtaButton
> 315 |                 href={absPath(ctaLink.to)}
      |                 ^^^^
  316 |                 onClick={toggleNav}
  317 |                 size="sm"
  318 |                 className="liquid-glass--on-dark"

Parsing ecmascript source code failed

Import traces:
  Client Component Browser:
    ./app/_components/NavLinksMobile.tsx [Client Component Browser]
    ./app/_components/Navbar.tsx [Client Component Browser]
    ./app/_components/Navbar.tsx [Server Component]
    ./app/layout.tsx [Server Component]

  Client Component SSR:
    ./app/_components/NavLinksMobile.tsx [Client Component SSR]
    ./app/_components/Navbar.tsx [Client Component SSR]
    ./app/_components/Navbar.tsx [Server Component]
    ./app/layout.tsx [Server Component] @ http://localhost:3000/_next/static/chunks/node_modules_next_dist_0u_w_5s._.js:1945
[  233922ms] [ERROR] ./app/_components/NavLinksMobile.tsx:315:17
Expected '</', got 'ident'
  313 |                   be pinned to its dark rim rather than the page's. */}
  314 |               <CtaButton
> 315 |                 href={absPath(ctaLink.to)}
      |                 ^^^^
  316 |                 onClick={toggleNav}
  317 |                 size="sm"
  318 |                 className="liquid-glass--on-dark"

Parsing ecmascript source code failed

Import traces:
  Client Component Browser:
    ./app/_components/NavLinksMobile.tsx [Client Component Browser]
    ./app/_components/Navbar.tsx [Client Component Browser]
    ./app/_components/Navbar.tsx [Server Component]
    ./app/layout.tsx [Server Component]

  Client Component SSR:
    ./app/_components/NavLinksMobile.tsx [Client Component SSR]
    ./app/_components/Navbar.tsx [Client Component SSR]
    ./app/_components/Navbar.tsx [Server Component]
    ./app/layout.tsx [Server Component] @ http://localhost:3000/_next/static/chunks/node_modules_next_dist_0u_w_5s._.js:1945
[  233984ms] [ERROR] ./app/_components/NavLinksMobile.tsx:315:17
Expected '</', got 'ident'
  313 |                   be pinned to its dark rim rather than the page's. */}
  314 |               <CtaButton
> 315 |                 href={absPath(ctaLink.to)}
      |                 ^^^^
  316 |                 onClick={toggleNav}
  317 |                 size="sm"
  318 |                 className="liquid-glass--on-dark"

Parsing ecmascript source code failed

Import traces:
  Client Component Browser:
    ./app/_components/NavLinksMobile.tsx [Client Component Browser]
    ./app/_components/Navbar.tsx [Client Component Browser]
    ./app/_components/Navbar.tsx [Server Component]
    ./app/layout.tsx [Server Component]

  Client Component SSR:
    ./app/_components/NavLinksMobile.tsx [Client Component SSR]
    ./app/_components/Navbar.tsx [Client Component SSR]
    ./app/_components/Navbar.tsx [Server Component]
    ./app/layout.tsx [Server Component] @ http://localhost:3000/_next/static/chunks/node_modules_next_dist_0u_w_5s._.js:1945
[  234046ms] [ERROR] ./app/_components/NavLinksMobile.tsx:315:17
Expected '</', got 'ident'
  313 |                   be pinned to its dark rim rather than the page's. */}
  314 |               <CtaButton
> 315 |                 href={absPath(ctaLink.to)}
      |                 ^^^^
  316 |                 onClick={toggleNav}
  317 |                 size="sm"
  318 |                 className="liquid-glass--on-dark"

Parsing ecmascript source code failed

Import traces:
  Client Component Browser:
    ./app/_components/NavLinksMobile.tsx [Client Component Browser]
    ./app/_components/Navbar.tsx [Client Component Browser]
    ./app/_components/Navbar.tsx [Server Component]
    ./app/layout.tsx [Server Component]

  Client Component SSR:
    ./app/_components/NavLinksMobile.tsx [Client Component SSR]
    ./app/_components/Navbar.tsx [Client Component SSR]
    ./app/_components/Navbar.tsx [Server Component]
    ./app/layout.tsx [Server Component] @ http://localhost:3000/_next/static/chunks/node_modules_next_dist_0u_w_5s._.js:1945
[  234108ms] [ERROR] ./app/_components/NavLinksMobile.tsx:315:17
Expected '</', got 'ident'
  313 |                   be pinned to its dark rim rather than the page's. */}
  314 |               <CtaButton
> 315 |                 href={absPath(ctaLink.to)}
      |                 ^^^^
  316 |                 onClick={toggleNav}
  317 |                 size="sm"
  318 |                 className="liquid-glass--on-dark"

Parsing ecmascript source code failed

Import traces:
  Client Component Browser:
    ./app/_components/NavLinksMobile.tsx [Client Component Browser]
    ./app/_components/Navbar.tsx [Client Component Browser]
    ./app/_components/Navbar.tsx [Server Component]
    ./app/layout.tsx [Server Component]

  Client Component SSR:
    ./app/_components/NavLinksMobile.tsx [Client Component SSR]
    ./app/_components/Navbar.tsx [Client Component SSR]
    ./app/_components/Navbar.tsx [Server Component]
    ./app/layout.tsx [Server Component] @ http://localhost:3000/_next/static/chunks/node_modules_next_dist_0u_w_5s._.js:1945
[  234171ms] [ERROR] ./app/_components/NavLinksMobile.tsx:315:17
Expected '</', got 'ident'
  313 |                   be pinned to its dark rim rather than the page's. */}
  314 |               <CtaButton
> 315 |                 href={absPath(ctaLink.to)}
      |                 ^^^^
  316 |                 onClick={toggleNav}
  317 |                 size="sm"
  318 |                 className="liquid-glass--on-dark"

Parsing ecmascript source code failed

Import traces:
  Client Component Browser:
    ./app/_components/NavLinksMobile.tsx [Client Component Browser]
    ./app/_components/Navbar.tsx [Client Component Browser]
    ./app/_components/Navbar.tsx [Server Component]
    ./app/layout.tsx [Server Component]

  Client Component SSR:
    ./app/_components/NavLinksMobile.tsx [Client Component SSR]
    ./app/_components/Navbar.tsx [Client Component SSR]
    ./app/_components/Navbar.tsx [Server Component]
    ./app/layout.tsx [Server Component] @ http://localhost:3000/_next/static/chunks/node_modules_next_dist_0u_w_5s._.js:1945
[  234233ms] [ERROR] ./app/_components/NavLinksMobile.tsx:315:17
Expected '</', got 'ident'
  313 |                   be pinned to its dark rim rather than the page's. */}
  314 |               <CtaButton
> 315 |                 href={absPath(ctaLink.to)}
      |                 ^^^^
  316 |                 onClick={toggleNav}
  317 |                 size="sm"
  318 |                 className="liquid-glass--on-dark"

Parsing ecmascript source code failed

Import traces:
  Client Component Browser:
    ./app/_components/NavLinksMobile.tsx [Client Component Browser]
    ./app/_components/Navbar.tsx [Client Component Browser]
    ./app/_components/Navbar.tsx [Server Component]
    ./app/layout.tsx [Server Component]

  Client Component SSR:
    ./app/_components/NavLinksMobile.tsx [Client Component SSR]
    ./app/_components/Navbar.tsx [Client Component SSR]
    ./app/_components/Navbar.tsx [Server Component]
    ./app/layout.tsx [Server Component] @ http://localhost:3000/_next/static/chunks/node_modules_next_dist_0u_w_5s._.js:1945
[  234294ms] [ERROR] ./app/_components/NavLinksMobile.tsx:315:17
Expected '</', got 'ident'
  313 |                   be pinned to its dark rim rather than the page's. */}
  314 |               <CtaButton
> 315 |                 href={absPath(ctaLink.to)}
      |                 ^^^^
  316 |                 onClick={toggleNav}
  317 |                 size="sm"
  318 |                 className="liquid-glass--on-dark"

Parsing ecmascript source code failed

Import traces:
  Client Component Browser:
    ./app/_components/NavLinksMobile.tsx [Client Component Browser]
    ./app/_components/Navbar.tsx [Client Component Browser]
    ./app/_components/Navbar.tsx [Server Component]
    ./app/layout.tsx [Server Component]

  Client Component SSR:
    ./app/_components/NavLinksMobile.tsx [Client Component SSR]
    ./app/_components/Navbar.tsx [Client Component SSR]
    ./app/_components/Navbar.tsx [Server Component]
    ./app/layout.tsx [Server Component] @ http://localhost:3000/_next/static/chunks/node_modules_next_dist_0u_w_5s._.js:1945
[  234357ms] [ERROR] ./app/_components/NavLinksMobile.tsx:315:17
Expected '</', got 'ident'
  313 |                   be pinned to its dark rim rather than the page's. */}
  314 |               <CtaButton
> 315 |                 href={absPath(ctaLink.to)}
      |                 ^^^^
  316 |                 onClick={toggleNav}
  317 |                 size="sm"
  318 |                 className="liquid-glass--on-dark"

Parsing ecmascript source code failed

Import traces:
  Client Component Browser:
    ./app/_components/NavLinksMobile.tsx [Client Component Browser]
    ./app/_components/Navbar.tsx [Client Component Browser]
    ./app/_components/Navbar.tsx [Server Component]
    ./app/layout.tsx [Server Component]

  Client Component SSR:
    ./app/_components/NavLinksMobile.tsx [Client Component SSR]
    ./app/_components/Navbar.tsx [Client Component SSR]
    ./app/_components/Navbar.tsx [Server Component]
    ./app/layout.tsx [Server Component] @ http://localhost:3000/_next/static/chunks/node_modules_next_dist_0u_w_5s._.js:1945
[  234419ms] [ERROR] ./app/_components/NavLinksMobile.tsx:315:17
Expected '</', got 'ident'
  313 |                   be pinned to its dark rim rather than the page's. */}
  314 |               <CtaButton
> 315 |                 href={absPath(ctaLink.to)}
      |                 ^^^^
  316 |                 onClick={toggleNav}
  317 |                 size="sm"
  318 |                 className="liquid-glass--on-dark"

Parsing ecmascript source code failed

Import traces:
  Client Component Browser:
    ./app/_components/NavLinksMobile.tsx [Client Component Browser]
    ./app/_components/Navbar.tsx [Client Component Browser]
    ./app/_components/Navbar.tsx [Server Component]
    ./app/layout.tsx [Server Component]

  Client Component SSR:
    ./app/_components/NavLinksMobile.tsx [Client Component SSR]
    ./app/_components/Navbar.tsx [Client Component SSR]
    ./app/_components/Navbar.tsx [Server Component]
    ./app/layout.tsx [Server Component] @ http://localhost:3000/_next/static/chunks/node_modules_next_dist_0u_w_5s._.js:1945
[  234480ms] [ERROR] ./app/_components/NavLinksMobile.tsx:315:17
Expected '</', got 'ident'
  313 |                   be pinned to its dark rim rather than the page's. */}
  314 |               <CtaButton
> 315 |                 href={absPath(ctaLink.to)}
      |                 ^^^^
  316 |                 onClick={toggleNav}
  317 |                 size="sm"
  318 |                 className="liquid-glass--on-dark"

Parsing ecmascript source code failed

Import traces:
  Client Component Browser:
    ./app/_components/NavLinksMobile.tsx [Client Component Browser]
    ./app/_components/Navbar.tsx [Client Component Browser]
    ./app/_components/Navbar.tsx [Server Component]
    ./app/layout.tsx [Server Component]

  Client Component SSR:
    ./app/_components/NavLinksMobile.tsx [Client Component SSR]
    ./app/_components/Navbar.tsx [Client Component SSR]
    ./app/_components/Navbar.tsx [Server Component]
    ./app/layout.tsx [Server Component] @ http://localhost:3000/_next/static/chunks/node_modules_next_dist_0u_w_5s._.js:1945
[  234541ms] [ERROR] ./app/_components/NavLinksMobile.tsx:315:17
Expected '</', got 'ident'
  313 |                   be pinned to its dark rim rather than the page's. */}
  314 |               <CtaButton
> 315 |                 href={absPath(ctaLink.to)}
      |                 ^^^^
  316 |                 onClick={toggleNav}
  317 |                 size="sm"
  318 |                 className="liquid-glass--on-dark"

Parsing ecmascript source code failed

Import traces:
  Client Component Browser:
    ./app/_components/NavLinksMobile.tsx [Client Component Browser]
    ./app/_components/Navbar.tsx [Client Component Browser]
    ./app/_components/Navbar.tsx [Server Component]
    ./app/layout.tsx [Server Component]

  Client Component SSR:
    ./app/_components/NavLinksMobile.tsx [Client Component SSR]
    ./app/_components/Navbar.tsx [Client Component SSR]
    ./app/_components/Navbar.tsx [Server Component]
    ./app/layout.tsx [Server Component] @ http://localhost:3000/_next/static/chunks/node_modules_next_dist_0u_w_5s._.js:1945
[  234602ms] [ERROR] ./app/_components/NavLinksMobile.tsx:315:17
Expected '</', got 'ident'
  313 |                   be pinned to its dark rim rather than the page's. */}
  314 |               <CtaButton
> 315 |                 href={absPath(ctaLink.to)}
      |                 ^^^^
  316 |                 onClick={toggleNav}
  317 |                 size="sm"
  318 |                 className="liquid-glass--on-dark"

Parsing ecmascript source code failed

Import traces:
  Client Component Browser:
    ./app/_components/NavLinksMobile.tsx [Client Component Browser]
    ./app/_components/Navbar.tsx [Client Component Browser]
    ./app/_components/Navbar.tsx [Server Component]
    ./app/layout.tsx [Server Component]

  Client Component SSR:
    ./app/_components/NavLinksMobile.tsx [Client Component SSR]
    ./app/_components/Navbar.tsx [Client Component SSR]
    ./app/_components/Navbar.tsx [Server Component]
    ./app/layout.tsx [Server Component] @ http://localhost:3000/_next/static/chunks/node_modules_next_dist_0u_w_5s._.js:1945
[  234664ms] [ERROR] ./app/_components/NavLinksMobile.tsx:315:17
Expected '</', got 'ident'
  313 |                   be pinned to its dark rim rather than the page's. */}
  314 |               <CtaButton
> 315 |                 href={absPath(ctaLink.to)}
      |                 ^^^^
  316 |                 onClick={toggleNav}
  317 |                 size="sm"
  318 |                 className="liquid-glass--on-dark"

Parsing ecmascript source code failed

Import traces:
  Client Component Browser:
    ./app/_components/NavLinksMobile.tsx [Client Component Browser]
    ./app/_components/Navbar.tsx [Client Component Browser]
    ./app/_components/Navbar.tsx [Server Component]
    ./app/layout.tsx [Server Component]

  Client Component SSR:
    ./app/_components/NavLinksMobile.tsx [Client Component SSR]
    ./app/_components/Navbar.tsx [Client Component SSR]
    ./app/_components/Navbar.tsx [Server Component]
    ./app/layout.tsx [Server Component] @ http://localhost:3000/_next/static/chunks/node_modules_next_dist_0u_w_5s._.js:1945
[  234726ms] [ERROR] ./app/_components/NavLinksMobile.tsx:315:17
Expected '</', got 'ident'
  313 |                   be pinned to its dark rim rather than the page's. */}
  314 |               <CtaButton
> 315 |                 href={absPath(ctaLink.to)}
      |                 ^^^^
  316 |                 onClick={toggleNav}
  317 |                 size="sm"
  318 |                 className="liquid-glass--on-dark"

Parsing ecmascript source code failed

Import traces:
  Client Component Browser:
    ./app/_components/NavLinksMobile.tsx [Client Component Browser]
    ./app/_components/Navbar.tsx [Client Component Browser]
    ./app/_components/Navbar.tsx [Server Component]
    ./app/layout.tsx [Server Component]

  Client Component SSR:
    ./app/_components/NavLinksMobile.tsx [Client Component SSR]
    ./app/_components/Navbar.tsx [Client Component SSR]
    ./app/_components/Navbar.tsx [Server Component]
    ./app/layout.tsx [Server Component] @ http://localhost:3000/_next/static/chunks/node_modules_next_dist_0u_w_5s._.js:1945
[  234787ms] [ERROR] ./app/_components/NavLinksMobile.tsx:315:17
Expected '</', got 'ident'
  313 |                   be pinned to its dark rim rather than the page's. */}
  314 |               <CtaButton
> 315 |                 href={absPath(ctaLink.to)}
      |                 ^^^^
  316 |                 onClick={toggleNav}
  317 |                 size="sm"
  318 |                 className="liquid-glass--on-dark"

Parsing ecmascript source code failed

Import traces:
  Client Component Browser:
    ./app/_components/NavLinksMobile.tsx [Client Component Browser]
    ./app/_components/Navbar.tsx [Client Component Browser]
    ./app/_components/Navbar.tsx [Server Component]
    ./app/layout.tsx [Server Component]

  Client Component SSR:
    ./app/_components/NavLinksMobile.tsx [Client Component SSR]
    ./app/_components/Navbar.tsx [Client Component SSR]
    ./app/_components/Navbar.tsx [Server Component]
    ./app/layout.tsx [Server Component] @ http://localhost:3000/_next/static/chunks/node_modules_next_dist_0u_w_5s._.js:1945
[  234848ms] [ERROR] ./app/_components/NavLinksMobile.tsx:315:17
Expected '</', got 'ident'
  313 |                   be pinned to its dark rim rather than the page's. */}
  314 |               <CtaButton
> 315 |                 href={absPath(ctaLink.to)}
      |                 ^^^^
  316 |                 onClick={toggleNav}
  317 |                 size="sm"
  318 |                 className="liquid-glass--on-dark"

Parsing ecmascript source code failed

Import traces:
  Client Component Browser:
    ./app/_components/NavLinksMobile.tsx [Client Component Browser]
    ./app/_components/Navbar.tsx [Client Component Browser]
    ./app/_components/Navbar.tsx [Server Component]
    ./app/layout.tsx [Server Component]

  Client Component SSR:
    ./app/_components/NavLinksMobile.tsx [Client Component SSR]
    ./app/_components/Navbar.tsx [Client Component SSR]
    ./app/_components/Navbar.tsx [Server Component]
    ./app/layout.tsx [Server Component] @ http://localhost:3000/_next/static/chunks/node_modules_next_dist_0u_w_5s._.js:1945
[  234910ms] [ERROR] ./app/_components/NavLinksMobile.tsx:315:17
Expected '</', got 'ident'
  313 |                   be pinned to its dark rim rather than the page's. */}
  314 |               <CtaButton
> 315 |                 href={absPath(ctaLink.to)}
      |                 ^^^^
  316 |                 onClick={toggleNav}
  317 |                 size="sm"
  318 |                 className="liquid-glass--on-dark"

Parsing ecmascript source code failed

Import traces:
  Client Component Browser:
    ./app/_components/NavLinksMobile.tsx [Client Component Browser]
    ./app/_components/Navbar.tsx [Client Component Browser]
    ./app/_components/Navbar.tsx [Server Component]
    ./app/layout.tsx [Server Component]

  Client Component SSR:
    ./app/_components/NavLinksMobile.tsx [Client Component SSR]
    ./app/_components/Navbar.tsx [Client Component SSR]
    ./app/_components/Navbar.tsx [Server Component]
    ./app/layout.tsx [Server Component] @ http://localhost:3000/_next/static/chunks/node_modules_next_dist_0u_w_5s._.js:1945
[  234971ms] [ERROR] ./app/_components/NavLinksMobile.tsx:315:17
Expected '</', got 'ident'
  313 |                   be pinned to its dark rim rather than the page's. */}
  314 |               <CtaButton
> 315 |                 href={absPath(ctaLink.to)}
      |                 ^^^^
  316 |                 onClick={toggleNav}
  317 |                 size="sm"
  318 |                 className="liquid-glass--on-dark"

Parsing ecmascript source code failed

Import traces:
  Client Component Browser:
    ./app/_components/NavLinksMobile.tsx [Client Component Browser]
    ./app/_components/Navbar.tsx [Client Component Browser]
    ./app/_components/Navbar.tsx [Server Component]
    ./app/layout.tsx [Server Component]

  Client Component SSR:
    ./app/_components/NavLinksMobile.tsx [Client Component SSR]
    ./app/_components/Navbar.tsx [Client Component SSR]
    ./app/_components/Navbar.tsx [Server Component]
    ./app/layout.tsx [Server Component] @ http://localhost:3000/_next/static/chunks/node_modules_next_dist_0u_w_5s._.js:1945
[  235028ms] [ERROR] ./app/_components/NavLinksMobile.tsx:315:17
Expected '</', got 'ident'
  313 |                   be pinned to its dark rim rather than the page's. */}
  314 |               <CtaButton
> 315 |                 href={absPath(ctaLink.to)}
      |                 ^^^^
  316 |                 onClick={toggleNav}
  317 |                 size="sm"
  318 |                 className="liquid-glass--on-dark"

Parsing ecmascript source code failed

Import traces:
  Client Component Browser:
    ./app/_components/NavLinksMobile.tsx [Client Component Browser]
    ./app/_components/Navbar.tsx [Client Component Browser]
    ./app/_components/Navbar.tsx [Server Component]
    ./app/layout.tsx [Server Component]

  Client Component SSR:
    ./app/_components/NavLinksMobile.tsx [Client Component SSR]
    ./app/_components/Navbar.tsx [Client Component SSR]
    ./app/_components/Navbar.tsx [Server Component]
    ./app/layout.tsx [Server Component] @ http://localhost:3000/_next/static/chunks/node_modules_next_dist_0u_w_5s._.js:1945
[  235091ms] [ERROR] ./app/_components/NavLinksMobile.tsx:315:17
Expected '</', got 'ident'
  313 |                   be pinned to its dark rim rather than the page's. */}
  314 |               <CtaButton
> 315 |                 href={absPath(ctaLink.to)}
      |                 ^^^^
  316 |                 onClick={toggleNav}
  317 |                 size="sm"
  318 |                 className="liquid-glass--on-dark"

Parsing ecmascript source code failed

Import traces:
  Client Component Browser:
    ./app/_components/NavLinksMobile.tsx [Client Component Browser]
    ./app/_components/Navbar.tsx [Client Component Browser]
    ./app/_components/Navbar.tsx [Server Component]
    ./app/layout.tsx [Server Component]

  Client Component SSR:
    ./app/_components/NavLinksMobile.tsx [Client Component SSR]
    ./app/_components/Navbar.tsx [Client Component SSR]
    ./app/_components/Navbar.tsx [Server Component]
    ./app/layout.tsx [Server Component] @ http://localhost:3000/_next/static/chunks/node_modules_next_dist_0u_w_5s._.js:1945
[  235152ms] [ERROR] ./app/_components/NavLinksMobile.tsx:315:17
Expected '</', got 'ident'
  313 |                   be pinned to its dark rim rather than the page's. */}
  314 |               <CtaButton
> 315 |                 href={absPath(ctaLink.to)}
      |                 ^^^^
  316 |                 onClick={toggleNav}
  317 |                 size="sm"
  318 |                 className="liquid-glass--on-dark"

Parsing ecmascript source code failed

Import traces:
  Client Component Browser:
    ./app/_components/NavLinksMobile.tsx [Client Component Browser]
    ./app/_components/Navbar.tsx [Client Component Browser]
    ./app/_components/Navbar.tsx [Server Component]
    ./app/layout.tsx [Server Component]

  Client Component SSR:
    ./app/_components/NavLinksMobile.tsx [Client Component SSR]
    ./app/_components/Navbar.tsx [Client Component SSR]
    ./app/_components/Navbar.tsx [Server Component]
    ./app/layout.tsx [Server Component] @ http://localhost:3000/_next/static/chunks/node_modules_next_dist_0u_w_5s._.js:1945
[  235213ms] [ERROR] ./app/_components/NavLinksMobile.tsx:315:17
Expected '</', got 'ident'
  313 |                   be pinned to its dark rim rather than the page's. */}
  314 |               <CtaButton
> 315 |                 href={absPath(ctaLink.to)}
      |                 ^^^^
  316 |                 onClick={toggleNav}
  317 |                 size="sm"
  318 |                 className="liquid-glass--on-dark"

Parsing ecmascript source code failed

Import traces:
  Client Component Browser:
    ./app/_components/NavLinksMobile.tsx [Client Component Browser]
    ./app/_components/Navbar.tsx [Client Component Browser]
    ./app/_components/Navbar.tsx [Server Component]
    ./app/layout.tsx [Server Component]

  Client Component SSR:
    ./app/_components/NavLinksMobile.tsx [Client Component SSR]
    ./app/_components/Navbar.tsx [Client Component SSR]
    ./app/_components/Navbar.tsx [Server Component]
    ./app/layout.tsx [Server Component] @ http://localhost:3000/_next/static/chunks/node_modules_next_dist_0u_w_5s._.js:1945
[  235277ms] [ERROR] ./app/_components/NavLinksMobile.tsx:315:17
Expected '</', got 'ident'
  313 |                   be pinned to its dark rim rather than the page's. */}
  314 |               <CtaButton
> 315 |                 href={absPath(ctaLink.to)}
      |                 ^^^^
  316 |                 onClick={toggleNav}
  317 |                 size="sm"
  318 |                 className="liquid-glass--on-dark"

Parsing ecmascript source code failed

Import traces:
  Client Component Browser:
    ./app/_components/NavLinksMobile.tsx [Client Component Browser]
    ./app/_components/Navbar.tsx [Client Component Browser]
    ./app/_components/Navbar.tsx [Server Component]
    ./app/layout.tsx [Server Component]

  Client Component SSR:
    ./app/_components/NavLinksMobile.tsx [Client Component SSR]
    ./app/_components/Navbar.tsx [Client Component SSR]
    ./app/_components/Navbar.tsx [Server Component]
    ./app/layout.tsx [Server Component] @ http://localhost:3000/_next/static/chunks/node_modules_next_dist_0u_w_5s._.js:1945
[  235338ms] [ERROR] ./app/_components/NavLinksMobile.tsx:315:17
Expected '</', got 'ident'
  313 |                   be pinned to its dark rim rather than the page's. */}
  314 |               <CtaButton
> 315 |                 href={absPath(ctaLink.to)}
      |                 ^^^^
  316 |                 onClick={toggleNav}
  317 |                 size="sm"
  318 |                 className="liquid-glass--on-dark"

Parsing ecmascript source code failed

Import traces:
  Client Component Browser:
    ./app/_components/NavLinksMobile.tsx [Client Component Browser]
    ./app/_components/Navbar.tsx [Client Component Browser]
    ./app/_components/Navbar.tsx [Server Component]
    ./app/layout.tsx [Server Component]

  Client Component SSR:
    ./app/_components/NavLinksMobile.tsx [Client Component SSR]
    ./app/_components/Navbar.tsx [Client Component SSR]
    ./app/_components/Navbar.tsx [Server Component]
    ./app/layout.tsx [Server Component] @ http://localhost:3000/_next/static/chunks/node_modules_next_dist_0u_w_5s._.js:1945
[  235400ms] [ERROR] ./app/_components/NavLinksMobile.tsx:315:17
Expected '</', got 'ident'
  313 |                   be pinned to its dark rim rather than the page's. */}
  314 |               <CtaButton
> 315 |                 href={absPath(ctaLink.to)}
      |                 ^^^^
  316 |                 onClick={toggleNav}
  317 |                 size="sm"
  318 |                 className="liquid-glass--on-dark"

Parsing ecmascript source code failed

Import traces:
  Client Component Browser:
    ./app/_components/NavLinksMobile.tsx [Client Component Browser]
    ./app/_components/Navbar.tsx [Client Component Browser]
    ./app/_components/Navbar.tsx [Server Component]
    ./app/layout.tsx [Server Component]

  Client Component SSR:
    ./app/_components/NavLinksMobile.tsx [Client Component SSR]
    ./app/_components/Navbar.tsx [Client Component SSR]
    ./app/_components/Navbar.tsx [Server Component]
    ./app/layout.tsx [Server Component] @ http://localhost:3000/_next/static/chunks/node_modules_next_dist_0u_w_5s._.js:1945
[  235461ms] [ERROR] ./app/_components/NavLinksMobile.tsx:315:17
Expected '</', got 'ident'
  313 |                   be pinned to its dark rim rather than the page's. */}
  314 |               <CtaButton
> 315 |                 href={absPath(ctaLink.to)}
      |                 ^^^^
  316 |                 onClick={toggleNav}
  317 |                 size="sm"
  318 |                 className="liquid-glass--on-dark"

Parsing ecmascript source code failed

Import traces:
  Client Component Browser:
    ./app/_components/NavLinksMobile.tsx [Client Component Browser]
    ./app/_components/Navbar.tsx [Client Component Browser]
    ./app/_components/Navbar.tsx [Server Component]
    ./app/layout.tsx [Server Component]

  Client Component SSR:
    ./app/_components/NavLinksMobile.tsx [Client Component SSR]
    ./app/_components/Navbar.tsx [Client Component SSR]
    ./app/_components/Navbar.tsx [Server Component]
    ./app/layout.tsx [Server Component] @ http://localhost:3000/_next/static/chunks/node_modules_next_dist_0u_w_5s._.js:1945
[  235522ms] [ERROR] ./app/_components/NavLinksMobile.tsx:315:17
Expected '</', got 'ident'
  313 |                   be pinned to its dark rim rather than the page's. */}
  314 |               <CtaButton
> 315 |                 href={absPath(ctaLink.to)}
      |                 ^^^^
  316 |                 onClick={toggleNav}
  317 |                 size="sm"
  318 |                 className="liquid-glass--on-dark"

Parsing ecmascript source code failed

Import traces:
  Client Component Browser:
    ./app/_components/NavLinksMobile.tsx [Client Component Browser]
    ./app/_components/Navbar.tsx [Client Component Browser]
    ./app/_components/Navbar.tsx [Server Component]
    ./app/layout.tsx [Server Component]

  Client Component SSR:
    ./app/_components/NavLinksMobile.tsx [Client Component SSR]
    ./app/_components/Navbar.tsx [Client Component SSR]
    ./app/_components/Navbar.tsx [Server Component]
    ./app/layout.tsx [Server Component] @ http://localhost:3000/_next/static/chunks/node_modules_next_dist_0u_w_5s._.js:1945
[  235584ms] [ERROR] ./app/_components/NavLinksMobile.tsx:315:17
Expected '</', got 'ident'
  313 |                   be pinned to its dark rim rather than the page's. */}
  314 |               <CtaButton
> 315 |                 href={absPath(ctaLink.to)}
      |                 ^^^^
  316 |                 onClick={toggleNav}
  317 |                 size="sm"
  318 |                 className="liquid-glass--on-dark"

Parsing ecmascript source code failed

Import traces:
  Client Component Browser:
    ./app/_components/NavLinksMobile.tsx [Client Component Browser]
    ./app/_components/Navbar.tsx [Client Component Browser]
    ./app/_components/Navbar.tsx [Server Component]
    ./app/layout.tsx [Server Component]

  Client Component SSR:
    ./app/_components/NavLinksMobile.tsx [Client Component SSR]
    ./app/_components/Navbar.tsx [Client Component SSR]
    ./app/_components/Navbar.tsx [Server Component]
    ./app/layout.tsx [Server Component] @ http://localhost:3000/_next/static/chunks/node_modules_next_dist_0u_w_5s._.js:1945
[  235647ms] [ERROR] ./app/_components/NavLinksMobile.tsx:315:17
Expected '</', got 'ident'
  313 |                   be pinned to its dark rim rather than the page's. */}
  314 |               <CtaButton
> 315 |                 href={absPath(ctaLink.to)}
      |                 ^^^^
  316 |                 onClick={toggleNav}
  317 |                 size="sm"
  318 |                 className="liquid-glass--on-dark"

Parsing ecmascript source code failed

Import traces:
  Client Component Browser:
    ./app/_components/NavLinksMobile.tsx [Client Component Browser]
    ./app/_components/Navbar.tsx [Client Component Browser]
    ./app/_components/Navbar.tsx [Server Component]
    ./app/layout.tsx [Server Component]

  Client Component SSR:
    ./app/_components/NavLinksMobile.tsx [Client Component SSR]
    ./app/_components/Navbar.tsx [Client Component SSR]
    ./app/_components/Navbar.tsx [Server Component]
    ./app/layout.tsx [Server Component] @ http://localhost:3000/_next/static/chunks/node_modules_next_dist_0u_w_5s._.js:1945
[  235710ms] [ERROR] ./app/_components/NavLinksMobile.tsx:315:17
Expected '</', got 'ident'
  313 |                   be pinned to its dark rim rather than the page's. */}
  314 |               <CtaButton
> 315 |                 href={absPath(ctaLink.to)}
      |                 ^^^^
  316 |                 onClick={toggleNav}
  317 |                 size="sm"
  318 |                 className="liquid-glass--on-dark"

Parsing ecmascript source code failed

Import traces:
  Client Component Browser:
    ./app/_components/NavLinksMobile.tsx [Client Component Browser]
    ./app/_components/Navbar.tsx [Client Component Browser]
    ./app/_components/Navbar.tsx [Server Component]
    ./app/layout.tsx [Server Component]

  Client Component SSR:
    ./app/_components/NavLinksMobile.tsx [Client Component SSR]
    ./app/_components/Navbar.tsx [Client Component SSR]
    ./app/_components/Navbar.tsx [Server Component]
    ./app/layout.tsx [Server Component] @ http://localhost:3000/_next/static/chunks/node_modules_next_dist_0u_w_5s._.js:1945
[  235772ms] [ERROR] ./app/_components/NavLinksMobile.tsx:315:17
Expected '</', got 'ident'
  313 |                   be pinned to its dark rim rather than the page's. */}
  314 |               <CtaButton
> 315 |                 href={absPath(ctaLink.to)}
      |                 ^^^^
  316 |                 onClick={toggleNav}
  317 |                 size="sm"
  318 |                 className="liquid-glass--on-dark"

Parsing ecmascript source code failed

Import traces:
  Client Component Browser:
    ./app/_components/NavLinksMobile.tsx [Client Component Browser]
    ./app/_components/Navbar.tsx [Client Component Browser]
    ./app/_components/Navbar.tsx [Server Component]
    ./app/layout.tsx [Server Component]

  Client Component SSR:
    ./app/_components/NavLinksMobile.tsx [Client Component SSR]
    ./app/_components/Navbar.tsx [Client Component SSR]
    ./app/_components/Navbar.tsx [Server Component]
    ./app/layout.tsx [Server Component] @ http://localhost:3000/_next/static/chunks/node_modules_next_dist_0u_w_5s._.js:1945
[  235834ms] [ERROR] ./app/_components/NavLinksMobile.tsx:315:17
Expected '</', got 'ident'
  313 |                   be pinned to its dark rim rather than the page's. */}
  314 |               <CtaButton
> 315 |                 href={absPath(ctaLink.to)}
      |                 ^^^^
  316 |                 onClick={toggleNav}
  317 |                 size="sm"
  318 |                 className="liquid-glass--on-dark"

Parsing ecmascript source code failed

Import traces:
  Client Component Browser:
    ./app/_components/NavLinksMobile.tsx [Client Component Browser]
    ./app/_components/Navbar.tsx [Client Component Browser]
    ./app/_components/Navbar.tsx [Server Component]
    ./app/layout.tsx [Server Component]

  Client Component SSR:
    ./app/_components/NavLinksMobile.tsx [Client Component SSR]
    ./app/_components/Navbar.tsx [Client Component SSR]
    ./app/_components/Navbar.tsx [Server Component]
    ./app/layout.tsx [Server Component] @ http://localhost:3000/_next/static/chunks/node_modules_next_dist_0u_w_5s._.js:1945
[  235896ms] [ERROR] ./app/_components/NavLinksMobile.tsx:315:17
Expected '</', got 'ident'
  313 |                   be pinned to its dark rim rather than the page's. */}
  314 |               <CtaButton
> 315 |                 href={absPath(ctaLink.to)}
      |                 ^^^^
  316 |                 onClick={toggleNav}
  317 |                 size="sm"
  318 |                 className="liquid-glass--on-dark"

Parsing ecmascript source code failed

Import traces:
  Client Component Browser:
    ./app/_components/NavLinksMobile.tsx [Client Component Browser]
    ./app/_components/Navbar.tsx [Client Component Browser]
    ./app/_components/Navbar.tsx [Server Component]
    ./app/layout.tsx [Server Component]

  Client Component SSR:
    ./app/_components/NavLinksMobile.tsx [Client Component SSR]
    ./app/_components/Navbar.tsx [Client Component SSR]
    ./app/_components/Navbar.tsx [Server Component]
    ./app/layout.tsx [Server Component] @ http://localhost:3000/_next/static/chunks/node_modules_next_dist_0u_w_5s._.js:1945
[  235957ms] [ERROR] ./app/_components/NavLinksMobile.tsx:315:17
Expected '</', got 'ident'
  313 |                   be pinned to its dark rim rather than the page's. */}
  314 |               <CtaButton
> 315 |                 href={absPath(ctaLink.to)}
      |                 ^^^^
  316 |                 onClick={toggleNav}
  317 |                 size="sm"
  318 |                 className="liquid-glass--on-dark"

Parsing ecmascript source code failed

Import traces:
  Client Component Browser:
    ./app/_components/NavLinksMobile.tsx [Client Component Browser]
    ./app/_components/Navbar.tsx [Client Component Browser]
    ./app/_components/Navbar.tsx [Server Component]
    ./app/layout.tsx [Server Component]

  Client Component SSR:
    ./app/_components/NavLinksMobile.tsx [Client Component SSR]
    ./app/_components/Navbar.tsx [Client Component SSR]
    ./app/_components/Navbar.tsx [Server Component]
    ./app/layout.tsx [Server Component] @ http://localhost:3000/_next/static/chunks/node_modules_next_dist_0u_w_5s._.js:1945
[  236019ms] [ERROR] ./app/_components/NavLinksMobile.tsx:315:17
Expected '</', got 'ident'
  313 |                   be pinned to its dark rim rather than the page's. */}
  314 |               <CtaButton
> 315 |                 href={absPath(ctaLink.to)}
      |                 ^^^^
  316 |                 onClick={toggleNav}
  317 |                 size="sm"
  318 |                 className="liquid-glass--on-dark"

Parsing ecmascript source code failed

Import traces:
  Client Component Browser:
    ./app/_components/NavLinksMobile.tsx [Client Component Browser]
    ./app/_components/Navbar.tsx [Client Component Browser]
    ./app/_components/Navbar.tsx [Server Component]
    ./app/layout.tsx [Server Component]

  Client Component SSR:
    ./app/_components/NavLinksMobile.tsx [Client Component SSR]
    ./app/_components/Navbar.tsx [Client Component SSR]
    ./app/_components/Navbar.tsx [Server Component]
    ./app/layout.tsx [Server Component] @ http://localhost:3000/_next/static/chunks/node_modules_next_dist_0u_w_5s._.js:1945
[  236080ms] [ERROR] ./app/_components/NavLinksMobile.tsx:315:17
Expected '</', got 'ident'
  313 |                   be pinned to its dark rim rather than the page's. */}
  314 |               <CtaButton
> 315 |                 href={absPath(ctaLink.to)}
      |                 ^^^^
  316 |                 onClick={toggleNav}
  317 |                 size="sm"
  318 |                 className="liquid-glass--on-dark"

Parsing ecmascript source code failed

Import traces:
  Client Component Browser:
    ./app/_components/NavLinksMobile.tsx [Client Component Browser]
    ./app/_components/Navbar.tsx [Client Component Browser]
    ./app/_components/Navbar.tsx [Server Component]
    ./app/layout.tsx [Server Component]

  Client Component SSR:
    ./app/_components/NavLinksMobile.tsx [Client Component SSR]
    ./app/_components/Navbar.tsx [Client Component SSR]
    ./app/_components/Navbar.tsx [Server Component]
    ./app/layout.tsx [Server Component] @ http://localhost:3000/_next/static/chunks/node_modules_next_dist_0u_w_5s._.js:1945
[  236141ms] [ERROR] ./app/_components/NavLinksMobile.tsx:315:17
Expected '</', got 'ident'
  313 |                   be pinned to its dark rim rather than the page's. */}
  314 |               <CtaButton
> 315 |                 href={absPath(ctaLink.to)}
      |                 ^^^^
  316 |                 onClick={toggleNav}
  317 |                 size="sm"
  318 |                 className="liquid-glass--on-dark"

Parsing ecmascript source code failed

Import traces:
  Client Component Browser:
    ./app/_components/NavLinksMobile.tsx [Client Component Browser]
    ./app/_components/Navbar.tsx [Client Component Browser]
    ./app/_components/Navbar.tsx [Server Component]
    ./app/layout.tsx [Server Component]

  Client Component SSR:
    ./app/_components/NavLinksMobile.tsx [Client Component SSR]
    ./app/_components/Navbar.tsx [Client Component SSR]
    ./app/_components/Navbar.tsx [Server Component]
    ./app/layout.tsx [Server Component] @ http://localhost:3000/_next/static/chunks/node_modules_next_dist_0u_w_5s._.js:1945
[  236202ms] [ERROR] ./app/_components/NavLinksMobile.tsx:315:17
Expected '</', got 'ident'
  313 |                   be pinned to its dark rim rather than the page's. */}
  314 |               <CtaButton
> 315 |                 href={absPath(ctaLink.to)}
      |                 ^^^^
  316 |                 onClick={toggleNav}
  317 |                 size="sm"
  318 |                 className="liquid-glass--on-dark"

Parsing ecmascript source code failed

Import traces:
  Client Component Browser:
    ./app/_components/NavLinksMobile.tsx [Client Component Browser]
    ./app/_components/Navbar.tsx [Client Component Browser]
    ./app/_components/Navbar.tsx [Server Component]
    ./app/layout.tsx [Server Component]

  Client Component SSR:
    ./app/_components/NavLinksMobile.tsx [Client Component SSR]
    ./app/_components/Navbar.tsx [Client Component SSR]
    ./app/_components/Navbar.tsx [Server Component]
    ./app/layout.tsx [Server Component] @ http://localhost:3000/_next/static/chunks/node_modules_next_dist_0u_w_5s._.js:1945
[  236264ms] [ERROR] ./app/_components/NavLinksMobile.tsx:315:17
Expected '</', got 'ident'
  313 |                   be pinned to its dark rim rather than the page's. */}
  314 |               <CtaButton
> 315 |                 href={absPath(ctaLink.to)}
      |                 ^^^^
  316 |                 onClick={toggleNav}
  317 |                 size="sm"
  318 |                 className="liquid-glass--on-dark"

Parsing ecmascript source code failed

Import traces:
  Client Component Browser:
    ./app/_components/NavLinksMobile.tsx [Client Component Browser]
    ./app/_components/Navbar.tsx [Client Component Browser]
    ./app/_components/Navbar.tsx [Server Component]
    ./app/layout.tsx [Server Component]

  Client Component SSR:
    ./app/_components/NavLinksMobile.tsx [Client Component SSR]
    ./app/_components/Navbar.tsx [Client Component SSR]
    ./app/_components/Navbar.tsx [Server Component]
    ./app/layout.tsx [Server Component] @ http://localhost:3000/_next/static/chunks/node_modules_next_dist_0u_w_5s._.js:1945
[  236324ms] [ERROR] ./app/_components/NavLinksMobile.tsx:315:17
Expected '</', got 'ident'
  313 |                   be pinned to its dark rim rather than the page's. */}
  314 |               <CtaButton
> 315 |                 href={absPath(ctaLink.to)}
      |                 ^^^^
  316 |                 onClick={toggleNav}
  317 |                 size="sm"
  318 |                 className="liquid-glass--on-dark"

Parsing ecmascript source code failed

Import traces:
  Client Component Browser:
    ./app/_components/NavLinksMobile.tsx [Client Component Browser]
    ./app/_components/Navbar.tsx [Client Component Browser]
    ./app/_components/Navbar.tsx [Server Component]
    ./app/layout.tsx [Server Component]

  Client Component SSR:
    ./app/_components/NavLinksMobile.tsx [Client Component SSR]
    ./app/_components/Navbar.tsx [Client Component SSR]
    ./app/_components/Navbar.tsx [Server Component]
    ./app/layout.tsx [Server Component] @ http://localhost:3000/_next/static/chunks/node_modules_next_dist_0u_w_5s._.js:1945
[  236387ms] [ERROR] ./app/_components/NavLinksMobile.tsx:315:17
Expected '</', got 'ident'
  313 |                   be pinned to its dark rim rather than the page's. */}
  314 |               <CtaButton
> 315 |                 href={absPath(ctaLink.to)}
      |                 ^^^^
  316 |                 onClick={toggleNav}
  317 |                 size="sm"
  318 |                 className="liquid-glass--on-dark"

Parsing ecmascript source code failed

Import traces:
  Client Component Browser:
    ./app/_components/NavLinksMobile.tsx [Client Component Browser]
    ./app/_components/Navbar.tsx [Client Component Browser]
    ./app/_components/Navbar.tsx [Server Component]
    ./app/layout.tsx [Server Component]

  Client Component SSR:
    ./app/_components/NavLinksMobile.tsx [Client Component SSR]
    ./app/_components/Navbar.tsx [Client Component SSR]
    ./app/_components/Navbar.tsx [Server Component]
    ./app/layout.tsx [Server Component] @ http://localhost:3000/_next/static/chunks/node_modules_next_dist_0u_w_5s._.js:1945
[  236450ms] [ERROR] ./app/_components/NavLinksMobile.tsx:315:17
Expected '</', got 'ident'
  313 |                   be pinned to its dark rim rather than the page's. */}
  314 |               <CtaButton
> 315 |                 href={absPath(ctaLink.to)}
      |                 ^^^^
  316 |                 onClick={toggleNav}
  317 |                 size="sm"
  318 |                 className="liquid-glass--on-dark"

Parsing ecmascript source code failed

Import traces:
  Client Component Browser:
    ./app/_components/NavLinksMobile.tsx [Client Component Browser]
    ./app/_components/Navbar.tsx [Client Component Browser]
    ./app/_components/Navbar.tsx [Server Component]
    ./app/layout.tsx [Server Component]

  Client Component SSR:
    ./app/_components/NavLinksMobile.tsx [Client Component SSR]
    ./app/_components/Navbar.tsx [Client Component SSR]
    ./app/_components/Navbar.tsx [Server Component]
    ./app/layout.tsx [Server Component] @ http://localhost:3000/_next/static/chunks/node_modules_next_dist_0u_w_5s._.js:1945
[  236513ms] [ERROR] ./app/_components/NavLinksMobile.tsx:315:17
Expected '</', got 'ident'
  313 |                   be pinned to its dark rim rather than the page's. */}
  314 |               <CtaButton
> 315 |                 href={absPath(ctaLink.to)}
      |                 ^^^^
  316 |                 onClick={toggleNav}
  317 |                 size="sm"
  318 |                 className="liquid-glass--on-dark"

Parsing ecmascript source code failed

Import traces:
  Client Component Browser:
    ./app/_components/NavLinksMobile.tsx [Client Component Browser]
    ./app/_components/Navbar.tsx [Client Component Browser]
    ./app/_components/Navbar.tsx [Server Component]
    ./app/layout.tsx [Server Component]

  Client Component SSR:
    ./app/_components/NavLinksMobile.tsx [Client Component SSR]
    ./app/_components/Navbar.tsx [Client Component SSR]
    ./app/_components/Navbar.tsx [Server Component]
    ./app/layout.tsx [Server Component] @ http://localhost:3000/_next/static/chunks/node_modules_next_dist_0u_w_5s._.js:1945
[  236573ms] [ERROR] ./app/_components/NavLinksMobile.tsx:315:17
Expected '</', got 'ident'
  313 |                   be pinned to its dark rim rather than the page's. */}
  314 |               <CtaButton
> 315 |                 href={absPath(ctaLink.to)}
      |                 ^^^^
  316 |                 onClick={toggleNav}
  317 |                 size="sm"
  318 |                 className="liquid-glass--on-dark"

Parsing ecmascript source code failed

Import traces:
  Client Component Browser:
    ./app/_components/NavLinksMobile.tsx [Client Component Browser]
    ./app/_components/Navbar.tsx [Client Component Browser]
    ./app/_components/Navbar.tsx [Server Component]
    ./app/layout.tsx [Server Component]

  Client Component SSR:
    ./app/_components/NavLinksMobile.tsx [Client Component SSR]
    ./app/_components/Navbar.tsx [Client Component SSR]
    ./app/_components/Navbar.tsx [Server Component]
    ./app/layout.tsx [Server Component] @ http://localhost:3000/_next/static/chunks/node_modules_next_dist_0u_w_5s._.js:1945
[  236636ms] [ERROR] ./app/_components/NavLinksMobile.tsx:315:17
Expected '</', got 'ident'
  313 |                   be pinned to its dark rim rather than the page's. */}
  314 |               <CtaButton
> 315 |                 href={absPath(ctaLink.to)}
      |                 ^^^^
  316 |                 onClick={toggleNav}
  317 |                 size="sm"
  318 |                 className="liquid-glass--on-dark"

Parsing ecmascript source code failed

Import traces:
  Client Component Browser:
    ./app/_components/NavLinksMobile.tsx [Client Component Browser]
    ./app/_components/Navbar.tsx [Client Component Browser]
    ./app/_components/Navbar.tsx [Server Component]
    ./app/layout.tsx [Server Component]

  Client Component SSR:
    ./app/_components/NavLinksMobile.tsx [Client Component SSR]
    ./app/_components/Navbar.tsx [Client Component SSR]
    ./app/_components/Navbar.tsx [Server Component]
    ./app/layout.tsx [Server Component] @ http://localhost:3000/_next/static/chunks/node_modules_next_dist_0u_w_5s._.js:1945
[  236697ms] [ERROR] ./app/_components/NavLinksMobile.tsx:315:17
Expected '</', got 'ident'
  313 |                   be pinned to its dark rim rather than the page's. */}
  314 |               <CtaButton
> 315 |                 href={absPath(ctaLink.to)}
      |                 ^^^^
  316 |                 onClick={toggleNav}
  317 |                 size="sm"
  318 |                 className="liquid-glass--on-dark"

Parsing ecmascript source code failed

Import traces:
  Client Component Browser:
    ./app/_components/NavLinksMobile.tsx [Client Component Browser]
    ./app/_components/Navbar.tsx [Client Component Browser]
    ./app/_components/Navbar.tsx [Server Component]
    ./app/layout.tsx [Server Component]

  Client Component SSR:
    ./app/_components/NavLinksMobile.tsx [Client Component SSR]
    ./app/_components/Navbar.tsx [Client Component SSR]
    ./app/_components/Navbar.tsx [Server Component]
    ./app/layout.tsx [Server Component] @ http://localhost:3000/_next/static/chunks/node_modules_next_dist_0u_w_5s._.js:1945
[  236759ms] [ERROR] ./app/_components/NavLinksMobile.tsx:315:17
Expected '</', got 'ident'
  313 |                   be pinned to its dark rim rather than the page's. */}
  314 |               <CtaButton
> 315 |                 href={absPath(ctaLink.to)}
      |                 ^^^^
  316 |                 onClick={toggleNav}
  317 |                 size="sm"
  318 |                 className="liquid-glass--on-dark"

Parsing ecmascript source code failed

Import traces:
  Client Component Browser:
    ./app/_components/NavLinksMobile.tsx [Client Component Browser]
    ./app/_components/Navbar.tsx [Client Component Browser]
    ./app/_components/Navbar.tsx [Server Component]
    ./app/layout.tsx [Server Component]

  Client Component SSR:
    ./app/_components/NavLinksMobile.tsx [Client Component SSR]
    ./app/_components/Navbar.tsx [Client Component SSR]
    ./app/_components/Navbar.tsx [Server Component]
    ./app/layout.tsx [Server Component] @ http://localhost:3000/_next/static/chunks/node_modules_next_dist_0u_w_5s._.js:1945
[  236820ms] [ERROR] ./app/_components/NavLinksMobile.tsx:315:17
Expected '</', got 'ident'
  313 |                   be pinned to its dark rim rather than the page's. */}
  314 |               <CtaButton
> 315 |                 href={absPath(ctaLink.to)}
      |                 ^^^^
  316 |                 onClick={toggleNav}
  317 |                 size="sm"
  318 |                 className="liquid-glass--on-dark"

Parsing ecmascript source code failed

Import traces:
  Client Component Browser:
    ./app/_components/NavLinksMobile.tsx [Client Component Browser]
    ./app/_components/Navbar.tsx [Client Component Browser]
    ./app/_components/Navbar.tsx [Server Component]
    ./app/layout.tsx [Server Component]

  Client Component SSR:
    ./app/_components/NavLinksMobile.tsx [Client Component SSR]
    ./app/_components/Navbar.tsx [Client Component SSR]
    ./app/_components/Navbar.tsx [Server Component]
    ./app/layout.tsx [Server Component] @ http://localhost:3000/_next/static/chunks/node_modules_next_dist_0u_w_5s._.js:1945
[  236882ms] [ERROR] ./app/_components/NavLinksMobile.tsx:315:17
Expected '</', got 'ident'
  313 |                   be pinned to its dark rim rather than the page's. */}
  314 |               <CtaButton
> 315 |                 href={absPath(ctaLink.to)}
      |                 ^^^^
  316 |                 onClick={toggleNav}
  317 |                 size="sm"
  318 |                 className="liquid-glass--on-dark"

Parsing ecmascript source code failed

Import traces:
  Client Component Browser:
    ./app/_components/NavLinksMobile.tsx [Client Component Browser]
    ./app/_components/Navbar.tsx [Client Component Browser]
    ./app/_components/Navbar.tsx [Server Component]
    ./app/layout.tsx [Server Component]

  Client Component SSR:
    ./app/_components/NavLinksMobile.tsx [Client Component SSR]
    ./app/_components/Navbar.tsx [Client Component SSR]
    ./app/_components/Navbar.tsx [Server Component]
    ./app/layout.tsx [Server Component] @ http://localhost:3000/_next/static/chunks/node_modules_next_dist_0u_w_5s._.js:1945
[  236943ms] [ERROR] ./app/_components/NavLinksMobile.tsx:315:17
Expected '</', got 'ident'
  313 |                   be pinned to its dark rim rather than the page's. */}
  314 |               <CtaButton
> 315 |                 href={absPath(ctaLink.to)}
      |                 ^^^^
  316 |                 onClick={toggleNav}
  317 |                 size="sm"
  318 |                 className="liquid-glass--on-dark"

Parsing ecmascript source code failed

Import traces:
  Client Component Browser:
    ./app/_components/NavLinksMobile.tsx [Client Component Browser]
    ./app/_components/Navbar.tsx [Client Component Browser]
    ./app/_components/Navbar.tsx [Server Component]
    ./app/layout.tsx [Server Component]

  Client Component SSR:
    ./app/_components/NavLinksMobile.tsx [Client Component SSR]
    ./app/_components/Navbar.tsx [Client Component SSR]
    ./app/_components/Navbar.tsx [Server Component]
    ./app/layout.tsx [Server Component] @ http://localhost:3000/_next/static/chunks/node_modules_next_dist_0u_w_5s._.js:1945
[  237005ms] [ERROR] ./app/_components/NavLinksMobile.tsx:315:17
Expected '</', got 'ident'
  313 |                   be pinned to its dark rim rather than the page's. */}
  314 |               <CtaButton
> 315 |                 href={absPath(ctaLink.to)}
      |                 ^^^^
  316 |                 onClick={toggleNav}
  317 |                 size="sm"
  318 |                 className="liquid-glass--on-dark"

Parsing ecmascript source code failed

Import traces:
  Client Component Browser:
    ./app/_components/NavLinksMobile.tsx [Client Component Browser]
    ./app/_components/Navbar.tsx [Client Component Browser]
    ./app/_components/Navbar.tsx [Server Component]
    ./app/layout.tsx [Server Component]

  Client Component SSR:
    ./app/_components/NavLinksMobile.tsx [Client Component SSR]
    ./app/_components/Navbar.tsx [Client Component SSR]
    ./app/_components/Navbar.tsx [Server Component]
    ./app/layout.tsx [Server Component] @ http://localhost:3000/_next/static/chunks/node_modules_next_dist_0u_w_5s._.js:1945
[  237069ms] [ERROR] ./app/_components/NavLinksMobile.tsx:315:17
Expected '</', got 'ident'
  313 |                   be pinned to its dark rim rather than the page's. */}
  314 |               <CtaButton
> 315 |                 href={absPath(ctaLink.to)}
      |                 ^^^^
  316 |                 onClick={toggleNav}
  317 |                 size="sm"
  318 |                 className="liquid-glass--on-dark"

Parsing ecmascript source code failed

Import traces:
  Client Component Browser:
    ./app/_components/NavLinksMobile.tsx [Client Component Browser]
    ./app/_components/Navbar.tsx [Client Component Browser]
    ./app/_components/Navbar.tsx [Server Component]
    ./app/layout.tsx [Server Component]

  Client Component SSR:
    ./app/_components/NavLinksMobile.tsx [Client Component SSR]
    ./app/_components/Navbar.tsx [Client Component SSR]
    ./app/_components/Navbar.tsx [Server Component]
    ./app/layout.tsx [Server Component] @ http://localhost:3000/_next/static/chunks/node_modules_next_dist_0u_w_5s._.js:1945
[  237130ms] [ERROR] ./app/_components/NavLinksMobile.tsx:315:17
Expected '</', got 'ident'
  313 |                   be pinned to its dark rim rather than the page's. */}
  314 |               <CtaButton
> 315 |                 href={absPath(ctaLink.to)}
      |                 ^^^^
  316 |                 onClick={toggleNav}
  317 |                 size="sm"
  318 |                 className="liquid-glass--on-dark"

Parsing ecmascript source code failed

Import traces:
  Client Component Browser:
    ./app/_components/NavLinksMobile.tsx [Client Component Browser]
    ./app/_components/Navbar.tsx [Client Component Browser]
    ./app/_components/Navbar.tsx [Server Component]
    ./app/layout.tsx [Server Component]

  Client Component SSR:
    ./app/_components/NavLinksMobile.tsx [Client Component SSR]
    ./app/_components/Navbar.tsx [Client Component SSR]
    ./app/_components/Navbar.tsx [Server Component]
    ./app/layout.tsx [Server Component] @ http://localhost:3000/_next/static/chunks/node_modules_next_dist_0u_w_5s._.js:1945
[  237192ms] [ERROR] ./app/_components/NavLinksMobile.tsx:315:17
Expected '</', got 'ident'
  313 |                   be pinned to its dark rim rather than the page's. */}
  314 |               <CtaButton
> 315 |                 href={absPath(ctaLink.to)}
      |                 ^^^^
  316 |                 onClick={toggleNav}
  317 |                 size="sm"
  318 |                 className="liquid-glass--on-dark"

Parsing ecmascript source code failed

Import traces:
  Client Component Browser:
    ./app/_components/NavLinksMobile.tsx [Client Component Browser]
    ./app/_components/Navbar.tsx [Client Component Browser]
    ./app/_components/Navbar.tsx [Server Component]
    ./app/layout.tsx [Server Component]

  Client Component SSR:
    ./app/_components/NavLinksMobile.tsx [Client Component SSR]
    ./app/_components/Navbar.tsx [Client Component SSR]
    ./app/_components/Navbar.tsx [Server Component]
    ./app/layout.tsx [Server Component] @ http://localhost:3000/_next/static/chunks/node_modules_next_dist_0u_w_5s._.js:1945
[  237254ms] [ERROR] ./app/_components/NavLinksMobile.tsx:315:17
Expected '</', got 'ident'
  313 |                   be pinned to its dark rim rather than the page's. */}
  314 |               <CtaButton
> 315 |                 href={absPath(ctaLink.to)}
      |                 ^^^^
  316 |                 onClick={toggleNav}
  317 |                 size="sm"
  318 |                 className="liquid-glass--on-dark"

Parsing ecmascript source code failed

Import traces:
  Client Component Browser:
    ./app/_components/NavLinksMobile.tsx [Client Component Browser]
    ./app/_components/Navbar.tsx [Client Component Browser]
    ./app/_components/Navbar.tsx [Server Component]
    ./app/layout.tsx [Server Component]

  Client Component SSR:
    ./app/_components/NavLinksMobile.tsx [Client Component SSR]
    ./app/_components/Navbar.tsx [Client Component SSR]
    ./app/_components/Navbar.tsx [Server Component]
    ./app/layout.tsx [Server Component] @ http://localhost:3000/_next/static/chunks/node_modules_next_dist_0u_w_5s._.js:1945
[  237315ms] [ERROR] ./app/_components/NavLinksMobile.tsx:315:17
Expected '</', got 'ident'
  313 |                   be pinned to its dark rim rather than the page's. */}
  314 |               <CtaButton
> 315 |                 href={absPath(ctaLink.to)}
      |                 ^^^^
  316 |                 onClick={toggleNav}
  317 |                 size="sm"
  318 |                 className="liquid-glass--on-dark"

Parsing ecmascript source code failed

Import traces:
  Client Component Browser:
    ./app/_components/NavLinksMobile.tsx [Client Component Browser]
    ./app/_components/Navbar.tsx [Client Component Browser]
    ./app/_components/Navbar.tsx [Server Component]
    ./app/layout.tsx [Server Component]

  Client Component SSR:
    ./app/_components/NavLinksMobile.tsx [Client Component SSR]
    ./app/_components/Navbar.tsx [Client Component SSR]
    ./app/_components/Navbar.tsx [Server Component]
    ./app/layout.tsx [Server Component] @ http://localhost:3000/_next/static/chunks/node_modules_next_dist_0u_w_5s._.js:1945
[  237376ms] [ERROR] ./app/_components/NavLinksMobile.tsx:315:17
Expected '</', got 'ident'
  313 |                   be pinned to its dark rim rather than the page's. */}
  314 |               <CtaButton
> 315 |                 href={absPath(ctaLink.to)}
      |                 ^^^^
  316 |                 onClick={toggleNav}
  317 |                 size="sm"
  318 |                 className="liquid-glass--on-dark"

Parsing ecmascript source code failed

Import traces:
  Client Component Browser:
    ./app/_components/NavLinksMobile.tsx [Client Component Browser]
    ./app/_components/Navbar.tsx [Client Component Browser]
    ./app/_components/Navbar.tsx [Server Component]
    ./app/layout.tsx [Server Component]

  Client Component SSR:
    ./app/_components/NavLinksMobile.tsx [Client Component SSR]
    ./app/_components/Navbar.tsx [Client Component SSR]
    ./app/_components/Navbar.tsx [Server Component]
    ./app/layout.tsx [Server Component] @ http://localhost:3000/_next/static/chunks/node_modules_next_dist_0u_w_5s._.js:1945
[  237438ms] [ERROR] ./app/_components/NavLinksMobile.tsx:315:17
Expected '</', got 'ident'
  313 |                   be pinned to its dark rim rather than the page's. */}
  314 |               <CtaButton
> 315 |                 href={absPath(ctaLink.to)}
      |                 ^^^^
  316 |                 onClick={toggleNav}
  317 |                 size="sm"
  318 |                 className="liquid-glass--on-dark"

Parsing ecmascript source code failed

Import traces:
  Client Component Browser:
    ./app/_components/NavLinksMobile.tsx [Client Component Browser]
    ./app/_components/Navbar.tsx [Client Component Browser]
    ./app/_components/Navbar.tsx [Server Component]
    ./app/layout.tsx [Server Component]

  Client Component SSR:
    ./app/_components/NavLinksMobile.tsx [Client Component SSR]
    ./app/_components/Navbar.tsx [Client Component SSR]
    ./app/_components/Navbar.tsx [Server Component]
    ./app/layout.tsx [Server Component] @ http://localhost:3000/_next/static/chunks/node_modules_next_dist_0u_w_5s._.js:1945
[  237499ms] [ERROR] ./app/_components/NavLinksMobile.tsx:315:17
Expected '</', got 'ident'
  313 |                   be pinned to its dark rim rather than the page's. */}
  314 |               <CtaButton
> 315 |                 href={absPath(ctaLink.to)}
      |                 ^^^^
  316 |                 onClick={toggleNav}
  317 |                 size="sm"
  318 |                 className="liquid-glass--on-dark"

Parsing ecmascript source code failed

Import traces:
  Client Component Browser:
    ./app/_components/NavLinksMobile.tsx [Client Component Browser]
    ./app/_components/Navbar.tsx [Client Component Browser]
    ./app/_components/Navbar.tsx [Server Component]
    ./app/layout.tsx [Server Component]

  Client Component SSR:
    ./app/_components/NavLinksMobile.tsx [Client Component SSR]
    ./app/_components/Navbar.tsx [Client Component SSR]
    ./app/_components/Navbar.tsx [Server Component]
    ./app/layout.tsx [Server Component] @ http://localhost:3000/_next/static/chunks/node_modules_next_dist_0u_w_5s._.js:1945
[  237561ms] [ERROR] ./app/_components/NavLinksMobile.tsx:315:17
Expected '</', got 'ident'
  313 |                   be pinned to its dark rim rather than the page's. */}
  314 |               <CtaButton
> 315 |                 href={absPath(ctaLink.to)}
      |                 ^^^^
  316 |                 onClick={toggleNav}
  317 |                 size="sm"
  318 |                 className="liquid-glass--on-dark"

Parsing ecmascript source code failed

Import traces:
  Client Component Browser:
    ./app/_components/NavLinksMobile.tsx [Client Component Browser]
    ./app/_components/Navbar.tsx [Client Component Browser]
    ./app/_components/Navbar.tsx [Server Component]
    ./app/layout.tsx [Server Component]

  Client Component SSR:
    ./app/_components/NavLinksMobile.tsx [Client Component SSR]
    ./app/_components/Navbar.tsx [Client Component SSR]
    ./app/_components/Navbar.tsx [Server Component]
    ./app/layout.tsx [Server Component] @ http://localhost:3000/_next/static/chunks/node_modules_next_dist_0u_w_5s._.js:1945
[  237623ms] [ERROR] ./app/_components/NavLinksMobile.tsx:315:17
Expected '</', got 'ident'
  313 |                   be pinned to its dark rim rather than the page's. */}
  314 |               <CtaButton
> 315 |                 href={absPath(ctaLink.to)}
      |                 ^^^^
  316 |                 onClick={toggleNav}
  317 |                 size="sm"
  318 |                 className="liquid-glass--on-dark"

Parsing ecmascript source code failed

Import traces:
  Client Component Browser:
    ./app/_components/NavLinksMobile.tsx [Client Component Browser]
    ./app/_components/Navbar.tsx [Client Component Browser]
    ./app/_components/Navbar.tsx [Server Component]
    ./app/layout.tsx [Server Component]

  Client Component SSR:
    ./app/_components/NavLinksMobile.tsx [Client Component SSR]
    ./app/_components/Navbar.tsx [Client Component SSR]
    ./app/_components/Navbar.tsx [Server Component]
    ./app/layout.tsx [Server Component] @ http://localhost:3000/_next/static/chunks/node_modules_next_dist_0u_w_5s._.js:1945
[  237684ms] [ERROR] ./app/_components/NavLinksMobile.tsx:315:17
Expected '</', got 'ident'
  313 |                   be pinned to its dark rim rather than the page's. */}
  314 |               <CtaButton
> 315 |                 href={absPath(ctaLink.to)}
      |                 ^^^^
  316 |                 onClick={toggleNav}
  317 |                 size="sm"
  318 |                 className="liquid-glass--on-dark"

Parsing ecmascript source code failed

Import traces:
  Client Component Browser:
    ./app/_components/NavLinksMobile.tsx [Client Component Browser]
    ./app/_components/Navbar.tsx [Client Component Browser]
    ./app/_components/Navbar.tsx [Server Component]
    ./app/layout.tsx [Server Component]

  Client Component SSR:
    ./app/_components/NavLinksMobile.tsx [Client Component SSR]
    ./app/_components/Navbar.tsx [Client Component SSR]
    ./app/_components/Navbar.tsx [Server Component]
    ./app/layout.tsx [Server Component] @ http://localhost:3000/_next/static/chunks/node_modules_next_dist_0u_w_5s._.js:1945
[  237746ms] [ERROR] ./app/_components/NavLinksMobile.tsx:315:17
Expected '</', got 'ident'
  313 |                   be pinned to its dark rim rather than the page's. */}
  314 |               <CtaButton
> 315 |                 href={absPath(ctaLink.to)}
      |                 ^^^^
  316 |                 onClick={toggleNav}
  317 |                 size="sm"
  318 |                 className="liquid-glass--on-dark"

Parsing ecmascript source code failed

Import traces:
  Client Component Browser:
    ./app/_components/NavLinksMobile.tsx [Client Component Browser]
    ./app/_components/Navbar.tsx [Client Component Browser]
    ./app/_components/Navbar.tsx [Server Component]
    ./app/layout.tsx [Server Component]

  Client Component SSR:
    ./app/_components/NavLinksMobile.tsx [Client Component SSR]
    ./app/_components/Navbar.tsx [Client Component SSR]
    ./app/_components/Navbar.tsx [Server Component]
    ./app/layout.tsx [Server Component] @ http://localhost:3000/_next/static/chunks/node_modules_next_dist_0u_w_5s._.js:1945
[  237807ms] [ERROR] ./app/_components/NavLinksMobile.tsx:315:17
Expected '</', got 'ident'
  313 |                   be pinned to its dark rim rather than the page's. */}
  314 |               <CtaButton
> 315 |                 href={absPath(ctaLink.to)}
      |                 ^^^^
  316 |                 onClick={toggleNav}
  317 |                 size="sm"
  318 |                 className="liquid-glass--on-dark"

Parsing ecmascript source code failed

Import traces:
  Client Component Browser:
    ./app/_components/NavLinksMobile.tsx [Client Component Browser]
    ./app/_components/Navbar.tsx [Client Component Browser]
    ./app/_components/Navbar.tsx [Server Component]
    ./app/layout.tsx [Server Component]

  Client Component SSR:
    ./app/_components/NavLinksMobile.tsx [Client Component SSR]
    ./app/_components/Navbar.tsx [Client Component SSR]
    ./app/_components/Navbar.tsx [Server Component]
    ./app/layout.tsx [Server Component] @ http://localhost:3000/_next/static/chunks/node_modules_next_dist_0u_w_5s._.js:1945
[  237869ms] [ERROR] ./app/_components/NavLinksMobile.tsx:315:17
Expected '</', got 'ident'
  313 |                   be pinned to its dark rim rather than the page's. */}
  314 |               <CtaButton
> 315 |                 href={absPath(ctaLink.to)}
      |                 ^^^^
  316 |                 onClick={toggleNav}
  317 |                 size="sm"
  318 |                 className="liquid-glass--on-dark"

Parsing ecmascript source code failed

Import traces:
  Client Component Browser:
    ./app/_components/NavLinksMobile.tsx [Client Component Browser]
    ./app/_components/Navbar.tsx [Client Component Browser]
    ./app/_components/Navbar.tsx [Server Component]
    ./app/layout.tsx [Server Component]

  Client Component SSR:
    ./app/_components/NavLinksMobile.tsx [Client Component SSR]
    ./app/_components/Navbar.tsx [Client Component SSR]
    ./app/_components/Navbar.tsx [Server Component]
    ./app/layout.tsx [Server Component] @ http://localhost:3000/_next/static/chunks/node_modules_next_dist_0u_w_5s._.js:1945
[  237929ms] [ERROR] ./app/_components/NavLinksMobile.tsx:315:17
Expected '</', got 'ident'
  313 |                   be pinned to its dark rim rather than the page's. */}
  314 |               <CtaButton
> 315 |                 href={absPath(ctaLink.to)}
      |                 ^^^^
  316 |                 onClick={toggleNav}
  317 |                 size="sm"
  318 |                 className="liquid-glass--on-dark"

Parsing ecmascript source code failed

Import traces:
  Client Component Browser:
    ./app/_components/NavLinksMobile.tsx [Client Component Browser]
    ./app/_components/Navbar.tsx [Client Component Browser]
    ./app/_components/Navbar.tsx [Server Component]
    ./app/layout.tsx [Server Component]

  Client Component SSR:
    ./app/_components/NavLinksMobile.tsx [Client Component SSR]
    ./app/_components/Navbar.tsx [Client Component SSR]
    ./app/_components/Navbar.tsx [Server Component]
    ./app/layout.tsx [Server Component] @ http://localhost:3000/_next/static/chunks/node_modules_next_dist_0u_w_5s._.js:1945
[  237991ms] [ERROR] ./app/_components/NavLinksMobile.tsx:315:17
Expected '</', got 'ident'
  313 |                   be pinned to its dark rim rather than the page's. */}
  314 |               <CtaButton
> 315 |                 href={absPath(ctaLink.to)}
      |                 ^^^^
  316 |                 onClick={toggleNav}
  317 |                 size="sm"
  318 |                 className="liquid-glass--on-dark"

Parsing ecmascript source code failed

Import traces:
  Client Component Browser:
    ./app/_components/NavLinksMobile.tsx [Client Component Browser]
    ./app/_components/Navbar.tsx [Client Component Browser]
    ./app/_components/Navbar.tsx [Server Component]
    ./app/layout.tsx [Server Component]

  Client Component SSR:
    ./app/_components/NavLinksMobile.tsx [Client Component SSR]
    ./app/_components/Navbar.tsx [Client Component SSR]
    ./app/_components/Navbar.tsx [Server Component]
    ./app/layout.tsx [Server Component] @ http://localhost:3000/_next/static/chunks/node_modules_next_dist_0u_w_5s._.js:1945
[  238053ms] [ERROR] ./app/_components/NavLinksMobile.tsx:315:17
Expected '</', got 'ident'
  313 |                   be pinned to its dark rim rather than the page's. */}
  314 |               <CtaButton
> 315 |                 href={absPath(ctaLink.to)}
      |                 ^^^^
  316 |                 onClick={toggleNav}
  317 |                 size="sm"
  318 |                 className="liquid-glass--on-dark"

Parsing ecmascript source code failed

Import traces:
  Client Component Browser:
    ./app/_components/NavLinksMobile.tsx [Client Component Browser]
    ./app/_components/Navbar.tsx [Client Component Browser]
    ./app/_components/Navbar.tsx [Server Component]
    ./app/layout.tsx [Server Component]

  Client Component SSR:
    ./app/_components/NavLinksMobile.tsx [Client Component SSR]
    ./app/_components/Navbar.tsx [Client Component SSR]
    ./app/_components/Navbar.tsx [Server Component]
    ./app/layout.tsx [Server Component] @ http://localhost:3000/_next/static/chunks/node_modules_next_dist_0u_w_5s._.js:1945
[  238114ms] [ERROR] ./app/_components/NavLinksMobile.tsx:315:17
Expected '</', got 'ident'
  313 |                   be pinned to its dark rim rather than the page's. */}
  314 |               <CtaButton
> 315 |                 href={absPath(ctaLink.to)}
      |                 ^^^^
  316 |                 onClick={toggleNav}
  317 |                 size="sm"
  318 |                 className="liquid-glass--on-dark"

Parsing ecmascript source code failed

Import traces:
  Client Component Browser:
    ./app/_components/NavLinksMobile.tsx [Client Component Browser]
    ./app/_components/Navbar.tsx [Client Component Browser]
    ./app/_components/Navbar.tsx [Server Component]
    ./app/layout.tsx [Server Component]

  Client Component SSR:
    ./app/_components/NavLinksMobile.tsx [Client Component SSR]
    ./app/_components/Navbar.tsx [Client Component SSR]
    ./app/_components/Navbar.tsx [Server Component]
    ./app/layout.tsx [Server Component] @ http://localhost:3000/_next/static/chunks/node_modules_next_dist_0u_w_5s._.js:1945
[  238176ms] [ERROR] ./app/_components/NavLinksMobile.tsx:315:17
Expected '</', got 'ident'
  313 |                   be pinned to its dark rim rather than the page's. */}
  314 |               <CtaButton
> 315 |                 href={absPath(ctaLink.to)}
      |                 ^^^^
  316 |                 onClick={toggleNav}
  317 |                 size="sm"
  318 |                 className="liquid-glass--on-dark"

Parsing ecmascript source code failed

Import traces:
  Client Component Browser:
    ./app/_components/NavLinksMobile.tsx [Client Component Browser]
    ./app/_components/Navbar.tsx [Client Component Browser]
    ./app/_components/Navbar.tsx [Server Component]
    ./app/layout.tsx [Server Component]

  Client Component SSR:
    ./app/_components/NavLinksMobile.tsx [Client Component SSR]
    ./app/_components/Navbar.tsx [Client Component SSR]
    ./app/_components/Navbar.tsx [Server Component]
    ./app/layout.tsx [Server Component] @ http://localhost:3000/_next/static/chunks/node_modules_next_dist_0u_w_5s._.js:1945
[  238236ms] [ERROR] ./app/_components/NavLinksMobile.tsx:315:17
Expected '</', got 'ident'
  313 |                   be pinned to its dark rim rather than the page's. */}
  314 |               <CtaButton
> 315 |                 href={absPath(ctaLink.to)}
      |                 ^^^^
  316 |                 onClick={toggleNav}
  317 |                 size="sm"
  318 |                 className="liquid-glass--on-dark"

Parsing ecmascript source code failed

Import traces:
  Client Component Browser:
    ./app/_components/NavLinksMobile.tsx [Client Component Browser]
    ./app/_components/Navbar.tsx [Client Component Browser]
    ./app/_components/Navbar.tsx [Server Component]
    ./app/layout.tsx [Server Component]

  Client Component SSR:
    ./app/_components/NavLinksMobile.tsx [Client Component SSR]
    ./app/_components/Navbar.tsx [Client Component SSR]
    ./app/_components/Navbar.tsx [Server Component]
    ./app/layout.tsx [Server Component] @ http://localhost:3000/_next/static/chunks/node_modules_next_dist_0u_w_5s._.js:1945
[  238297ms] [ERROR] ./app/_components/NavLinksMobile.tsx:315:17
Expected '</', got 'ident'
  313 |                   be pinned to its dark rim rather than the page's. */}
  314 |               <CtaButton
> 315 |                 href={absPath(ctaLink.to)}
      |                 ^^^^
  316 |                 onClick={toggleNav}
  317 |                 size="sm"
  318 |                 className="liquid-glass--on-dark"

Parsing ecmascript source code failed

Import traces:
  Client Component Browser:
    ./app/_components/NavLinksMobile.tsx [Client Component Browser]
    ./app/_components/Navbar.tsx [Client Component Browser]
    ./app/_components/Navbar.tsx [Server Component]
    ./app/layout.tsx [Server Component]

  Client Component SSR:
    ./app/_components/NavLinksMobile.tsx [Client Component SSR]
    ./app/_components/Navbar.tsx [Client Component SSR]
    ./app/_components/Navbar.tsx [Server Component]
    ./app/layout.tsx [Server Component] @ http://localhost:3000/_next/static/chunks/node_modules_next_dist_0u_w_5s._.js:1945
[  238354ms] [ERROR] ./app/_components/NavLinksMobile.tsx:315:17
Expected '</', got 'ident'
  313 |                   be pinned to its dark rim rather than the page's. */}
  314 |               <CtaButton
> 315 |                 href={absPath(ctaLink.to)}
      |                 ^^^^
  316 |                 onClick={toggleNav}
  317 |                 size="sm"
  318 |                 className="liquid-glass--on-dark"

Parsing ecmascript source code failed

Import traces:
  Client Component Browser:
    ./app/_components/NavLinksMobile.tsx [Client Component Browser]
    ./app/_components/Navbar.tsx [Client Component Browser]
    ./app/_components/Navbar.tsx [Server Component]
    ./app/layout.tsx [Server Component]

  Client Component SSR:
    ./app/_components/NavLinksMobile.tsx [Client Component SSR]
    ./app/_components/Navbar.tsx [Client Component SSR]
    ./app/_components/Navbar.tsx [Server Component]
    ./app/layout.tsx [Server Component] @ http://localhost:3000/_next/static/chunks/node_modules_next_dist_0u_w_5s._.js:1945
[  238417ms] [ERROR] ./app/_components/NavLinksMobile.tsx:315:17
Expected '</', got 'ident'
  313 |                   be pinned to its dark rim rather than the page's. */}
  314 |               <CtaButton
> 315 |                 href={absPath(ctaLink.to)}
      |                 ^^^^
  316 |                 onClick={toggleNav}
  317 |                 size="sm"
  318 |                 className="liquid-glass--on-dark"

Parsing ecmascript source code failed

Import traces:
  Client Component Browser:
    ./app/_components/NavLinksMobile.tsx [Client Component Browser]
    ./app/_components/Navbar.tsx [Client Component Browser]
    ./app/_components/Navbar.tsx [Server Component]
    ./app/layout.tsx [Server Component]

  Client Component SSR:
    ./app/_components/NavLinksMobile.tsx [Client Component SSR]
    ./app/_components/Navbar.tsx [Client Component SSR]
    ./app/_components/Navbar.tsx [Server Component]
    ./app/layout.tsx [Server Component] @ http://localhost:3000/_next/static/chunks/node_modules_next_dist_0u_w_5s._.js:1945
[  238478ms] [ERROR] ./app/_components/NavLinksMobile.tsx:315:17
Expected '</', got 'ident'
  313 |                   be pinned to its dark rim rather than the page's. */}
  314 |               <CtaButton
> 315 |                 href={absPath(ctaLink.to)}
      |                 ^^^^
  316 |                 onClick={toggleNav}
  317 |                 size="sm"
  318 |                 className="liquid-glass--on-dark"

Parsing ecmascript source code failed

Import traces:
  Client Component Browser:
    ./app/_components/NavLinksMobile.tsx [Client Component Browser]
    ./app/_components/Navbar.tsx [Client Component Browser]
    ./app/_components/Navbar.tsx [Server Component]
    ./app/layout.tsx [Server Component]

  Client Component SSR:
    ./app/_components/NavLinksMobile.tsx [Client Component SSR]
    ./app/_components/Navbar.tsx [Client Component SSR]
    ./app/_components/Navbar.tsx [Server Component]
    ./app/layout.tsx [Server Component] @ http://localhost:3000/_next/static/chunks/node_modules_next_dist_0u_w_5s._.js:1945
[  238539ms] [ERROR] ./app/_components/NavLinksMobile.tsx:315:17
Expected '</', got 'ident'
  313 |                   be pinned to its dark rim rather than the page's. */}
  314 |               <CtaButton
> 315 |                 href={absPath(ctaLink.to)}
      |                 ^^^^
  316 |                 onClick={toggleNav}
  317 |                 size="sm"
  318 |                 className="liquid-glass--on-dark"

Parsing ecmascript source code failed

Import traces:
  Client Component Browser:
    ./app/_components/NavLinksMobile.tsx [Client Component Browser]
    ./app/_components/Navbar.tsx [Client Component Browser]
    ./app/_components/Navbar.tsx [Server Component]
    ./app/layout.tsx [Server Component]

  Client Component SSR:
    ./app/_components/NavLinksMobile.tsx [Client Component SSR]
    ./app/_components/Navbar.tsx [Client Component SSR]
    ./app/_components/Navbar.tsx [Server Component]
    ./app/layout.tsx [Server Component] @ http://localhost:3000/_next/static/chunks/node_modules_next_dist_0u_w_5s._.js:1945
[  238601ms] [ERROR] ./app/_components/NavLinksMobile.tsx:315:17
Expected '</', got 'ident'
  313 |                   be pinned to its dark rim rather than the page's. */}
  314 |               <CtaButton
> 315 |                 href={absPath(ctaLink.to)}
      |                 ^^^^
  316 |                 onClick={toggleNav}
  317 |                 size="sm"
  318 |                 className="liquid-glass--on-dark"

Parsing ecmascript source code failed

Import traces:
  Client Component Browser:
    ./app/_components/NavLinksMobile.tsx [Client Component Browser]
    ./app/_components/Navbar.tsx [Client Component Browser]
    ./app/_components/Navbar.tsx [Server Component]
    ./app/layout.tsx [Server Component]

  Client Component SSR:
    ./app/_components/NavLinksMobile.tsx [Client Component SSR]
    ./app/_components/Navbar.tsx [Client Component SSR]
    ./app/_components/Navbar.tsx [Server Component]
    ./app/layout.tsx [Server Component] @ http://localhost:3000/_next/static/chunks/node_modules_next_dist_0u_w_5s._.js:1945
[  238664ms] [ERROR] ./app/_components/NavLinksMobile.tsx:315:17
Expected '</', got 'ident'
  313 |                   be pinned to its dark rim rather than the page's. */}
  314 |               <CtaButton
> 315 |                 href={absPath(ctaLink.to)}
      |                 ^^^^
  316 |                 onClick={toggleNav}
  317 |                 size="sm"
  318 |                 className="liquid-glass--on-dark"

Parsing ecmascript source code failed

Import traces:
  Client Component Browser:
    ./app/_components/NavLinksMobile.tsx [Client Component Browser]
    ./app/_components/Navbar.tsx [Client Component Browser]
    ./app/_components/Navbar.tsx [Server Component]
    ./app/layout.tsx [Server Component]

  Client Component SSR:
    ./app/_components/NavLinksMobile.tsx [Client Component SSR]
    ./app/_components/Navbar.tsx [Client Component SSR]
    ./app/_components/Navbar.tsx [Server Component]
    ./app/layout.tsx [Server Component] @ http://localhost:3000/_next/static/chunks/node_modules_next_dist_0u_w_5s._.js:1945
[  238725ms] [ERROR] ./app/_components/NavLinksMobile.tsx:315:17
Expected '</', got 'ident'
  313 |                   be pinned to its dark rim rather than the page's. */}
  314 |               <CtaButton
> 315 |                 href={absPath(ctaLink.to)}
      |                 ^^^^
  316 |                 onClick={toggleNav}
  317 |                 size="sm"
  318 |                 className="liquid-glass--on-dark"

Parsing ecmascript source code failed

Import traces:
  Client Component Browser:
    ./app/_components/NavLinksMobile.tsx [Client Component Browser]
    ./app/_components/Navbar.tsx [Client Component Browser]
    ./app/_components/Navbar.tsx [Server Component]
    ./app/layout.tsx [Server Component]

  Client Component SSR:
    ./app/_components/NavLinksMobile.tsx [Client Component SSR]
    ./app/_components/Navbar.tsx [Client Component SSR]
    ./app/_components/Navbar.tsx [Server Component]
    ./app/layout.tsx [Server Component] @ http://localhost:3000/_next/static/chunks/node_modules_next_dist_0u_w_5s._.js:1945
[  238786ms] [ERROR] ./app/_components/NavLinksMobile.tsx:315:17
Expected '</', got 'ident'
  313 |                   be pinned to its dark rim rather than the page's. */}
  314 |               <CtaButton
> 315 |                 href={absPath(ctaLink.to)}
      |                 ^^^^
  316 |                 onClick={toggleNav}
  317 |                 size="sm"
  318 |                 className="liquid-glass--on-dark"

Parsing ecmascript source code failed

Import traces:
  Client Component Browser:
    ./app/_components/NavLinksMobile.tsx [Client Component Browser]
    ./app/_components/Navbar.tsx [Client Component Browser]
    ./app/_components/Navbar.tsx [Server Component]
    ./app/layout.tsx [Server Component]

  Client Component SSR:
    ./app/_components/NavLinksMobile.tsx [Client Component SSR]
    ./app/_components/Navbar.tsx [Client Component SSR]
    ./app/_components/Navbar.tsx [Server Component]
    ./app/layout.tsx [Server Component] @ http://localhost:3000/_next/static/chunks/node_modules_next_dist_0u_w_5s._.js:1945
[  238847ms] [ERROR] ./app/_components/NavLinksMobile.tsx:315:17
Expected '</', got 'ident'
  313 |                   be pinned to its dark rim rather than the page's. */}
  314 |               <CtaButton
> 315 |                 href={absPath(ctaLink.to)}
      |                 ^^^^
  316 |                 onClick={toggleNav}
  317 |                 size="sm"
  318 |                 className="liquid-glass--on-dark"

Parsing ecmascript source code failed

Import traces:
  Client Component Browser:
    ./app/_components/NavLinksMobile.tsx [Client Component Browser]
    ./app/_components/Navbar.tsx [Client Component Browser]
    ./app/_components/Navbar.tsx [Server Component]
    ./app/layout.tsx [Server Component]

  Client Component SSR:
    ./app/_components/NavLinksMobile.tsx [Client Component SSR]
    ./app/_components/Navbar.tsx [Client Component SSR]
    ./app/_components/Navbar.tsx [Server Component]
    ./app/layout.tsx [Server Component] @ http://localhost:3000/_next/static/chunks/node_modules_next_dist_0u_w_5s._.js:1945
[  238908ms] [ERROR] ./app/_components/NavLinksMobile.tsx:315:17
Expected '</', got 'ident'
  313 |                   be pinned to its dark rim rather than the page's. */}
  314 |               <CtaButton
> 315 |                 href={absPath(ctaLink.to)}
      |                 ^^^^
  316 |                 onClick={toggleNav}
  317 |                 size="sm"
  318 |                 className="liquid-glass--on-dark"

Parsing ecmascript source code failed

Import traces:
  Client Component Browser:
    ./app/_components/NavLinksMobile.tsx [Client Component Browser]
    ./app/_components/Navbar.tsx [Client Component Browser]
    ./app/_components/Navbar.tsx [Server Component]
    ./app/layout.tsx [Server Component]

  Client Component SSR:
    ./app/_components/NavLinksMobile.tsx [Client Component SSR]
    ./app/_components/Navbar.tsx [Client Component SSR]
    ./app/_components/Navbar.tsx [Server Component]
    ./app/layout.tsx [Server Component] @ http://localhost:3000/_next/static/chunks/node_modules_next_dist_0u_w_5s._.js:1945
[  238970ms] [ERROR] ./app/_components/NavLinksMobile.tsx:315:17
Expected '</', got 'ident'
  313 |                   be pinned to its dark rim rather than the page's. */}
  314 |               <CtaButton
> 315 |                 href={absPath(ctaLink.to)}
      |                 ^^^^
  316 |                 onClick={toggleNav}
  317 |                 size="sm"
  318 |                 className="liquid-glass--on-dark"

Parsing ecmascript source code failed

Import traces:
  Client Component Browser:
    ./app/_components/NavLinksMobile.tsx [Client Component Browser]
    ./app/_components/Navbar.tsx [Client Component Browser]
    ./app/_components/Navbar.tsx [Server Component]
    ./app/layout.tsx [Server Component]

  Client Component SSR:
    ./app/_components/NavLinksMobile.tsx [Client Component SSR]
    ./app/_components/Navbar.tsx [Client Component SSR]
    ./app/_components/Navbar.tsx [Server Component]
    ./app/layout.tsx [Server Component] @ http://localhost:3000/_next/static/chunks/node_modules_next_dist_0u_w_5s._.js:1945
[  239046ms] [ERROR] ./app/_components/NavLinksMobile.tsx:315:17
Expected '</', got 'ident'
  313 |                   be pinned to its dark rim rather than the page's. */}
  314 |               <CtaButton
> 315 |                 href={absPath(ctaLink.to)}
      |                 ^^^^
  316 |                 onClick={toggleNav}
  317 |                 size="sm"
  318 |                 className="liquid-glass--on-dark"

Parsing ecmascript source code failed

Import traces:
  Client Component Browser:
    ./app/_components/NavLinksMobile.tsx [Client Component Browser]
    ./app/_components/Navbar.tsx [Client Component Browser]
    ./app/_components/Navbar.tsx [Server Component]
    ./app/layout.tsx [Server Component]

  Client Component SSR:
    ./app/_components/NavLinksMobile.tsx [Client Component SSR]
    ./app/_components/Navbar.tsx [Client Component SSR]
    ./app/_components/Navbar.tsx [Server Component]
    ./app/layout.tsx [Server Component] @ http://localhost:3000/_next/static/chunks/node_modules_next_dist_0u_w_5s._.js:1945
[  239108ms] [ERROR] ./app/_components/NavLinksMobile.tsx:315:17
Expected '</', got 'ident'
  313 |                   be pinned to its dark rim rather than the page's. */}
  314 |               <CtaButton
> 315 |                 href={absPath(ctaLink.to)}
      |                 ^^^^
  316 |                 onClick={toggleNav}
  317 |                 size="sm"
  318 |                 className="liquid-glass--on-dark"

Parsing ecmascript source code failed

Import traces:
  Client Component Browser:
    ./app/_components/NavLinksMobile.tsx [Client Component Browser]
    ./app/_components/Navbar.tsx [Client Component Browser]
    ./app/_components/Navbar.tsx [Server Component]
    ./app/layout.tsx [Server Component]

  Client Component SSR:
    ./app/_components/NavLinksMobile.tsx [Client Component SSR]
    ./app/_components/Navbar.tsx [Client Component SSR]
    ./app/_components/Navbar.tsx [Server Component]
    ./app/layout.tsx [Server Component] @ http://localhost:3000/_next/static/chunks/node_modules_next_dist_0u_w_5s._.js:1945
[  239167ms] [ERROR] ./app/_components/NavLinksMobile.tsx:315:17
Expected '</', got 'ident'
  313 |                   be pinned to its dark rim rather than the page's. */}
  314 |               <CtaButton
> 315 |                 href={absPath(ctaLink.to)}
      |                 ^^^^
  316 |                 onClick={toggleNav}
  317 |                 size="sm"
  318 |                 className="liquid-glass--on-dark"

Parsing ecmascript source code failed

Import traces:
  Client Component Browser:
    ./app/_components/NavLinksMobile.tsx [Client Component Browser]
    ./app/_components/Navbar.tsx [Client Component Browser]
    ./app/_components/Navbar.tsx [Server Component]
    ./app/layout.tsx [Server Component]

  Client Component SSR:
    ./app/_components/NavLinksMobile.tsx [Client Component SSR]
    ./app/_components/Navbar.tsx [Client Component SSR]
    ./app/_components/Navbar.tsx [Server Component]
    ./app/layout.tsx [Server Component] @ http://localhost:3000/_next/static/chunks/node_modules_next_dist_0u_w_5s._.js:1945
[  239229ms] [ERROR] ./app/_components/NavLinksMobile.tsx:315:17
Expected '</', got 'ident'
  313 |                   be pinned to its dark rim rather than the page's. */}
  314 |               <CtaButton
> 315 |                 href={absPath(ctaLink.to)}
      |                 ^^^^
  316 |                 onClick={toggleNav}
  317 |                 size="sm"
  318 |                 className="liquid-glass--on-dark"

Parsing ecmascript source code failed

Import traces:
  Client Component Browser:
    ./app/_components/NavLinksMobile.tsx [Client Component Browser]
    ./app/_components/Navbar.tsx [Client Component Browser]
    ./app/_components/Navbar.tsx [Server Component]
    ./app/layout.tsx [Server Component]

  Client Component SSR:
    ./app/_components/NavLinksMobile.tsx [Client Component SSR]
    ./app/_components/Navbar.tsx [Client Component SSR]
    ./app/_components/Navbar.tsx [Server Component]
    ./app/layout.tsx [Server Component] @ http://localhost:3000/_next/static/chunks/node_modules_next_dist_0u_w_5s._.js:1945
[  239290ms] [ERROR] ./app/_components/NavLinksMobile.tsx:315:17
Expected '</', got 'ident'
  313 |                   be pinned to its dark rim rather than the page's. */}
  314 |               <CtaButton
> 315 |                 href={absPath(ctaLink.to)}
      |                 ^^^^
  316 |                 onClick={toggleNav}
  317 |                 size="sm"
  318 |                 className="liquid-glass--on-dark"

Parsing ecmascript source code failed

Import traces:
  Client Component Browser:
    ./app/_components/NavLinksMobile.tsx [Client Component Browser]
    ./app/_components/Navbar.tsx [Client Component Browser]
    ./app/_components/Navbar.tsx [Server Component]
    ./app/layout.tsx [Server Component]

  Client Component SSR:
    ./app/_components/NavLinksMobile.tsx [Client Component SSR]
    ./app/_components/Navbar.tsx [Client Component SSR]
    ./app/_components/Navbar.tsx [Server Component]
    ./app/layout.tsx [Server Component] @ http://localhost:3000/_next/static/chunks/node_modules_next_dist_0u_w_5s._.js:1945
[  239352ms] [ERROR] ./app/_components/NavLinksMobile.tsx:315:17
Expected '</', got 'ident'
  313 |                   be pinned to its dark rim rather than the page's. */}
  314 |               <CtaButton
> 315 |                 href={absPath(ctaLink.to)}
      |                 ^^^^
  316 |                 onClick={toggleNav}
  317 |                 size="sm"
  318 |                 className="liquid-glass--on-dark"

Parsing ecmascript source code failed

Import traces:
  Client Component Browser:
    ./app/_components/NavLinksMobile.tsx [Client Component Browser]
    ./app/_components/Navbar.tsx [Client Component Browser]
    ./app/_components/Navbar.tsx [Server Component]
    ./app/layout.tsx [Server Component]

  Client Component SSR:
    ./app/_components/NavLinksMobile.tsx [Client Component SSR]
    ./app/_components/Navbar.tsx [Client Component SSR]
    ./app/_components/Navbar.tsx [Server Component]
    ./app/layout.tsx [Server Component] @ http://localhost:3000/_next/static/chunks/node_modules_next_dist_0u_w_5s._.js:1945
[  239409ms] [ERROR] ./app/_components/NavLinksMobile.tsx:315:17
Expected '</', got 'ident'
  313 |                   be pinned to its dark rim rather than the page's. */}
  314 |               <CtaButton
> 315 |                 href={absPath(ctaLink.to)}
      |                 ^^^^
  316 |                 onClick={toggleNav}
  317 |                 size="sm"
  318 |                 className="liquid-glass--on-dark"

Parsing ecmascript source code failed

Import traces:
  Client Component Browser:
    ./app/_components/NavLinksMobile.tsx [Client Component Browser]
    ./app/_components/Navbar.tsx [Client Component Browser]
    ./app/_components/Navbar.tsx [Server Component]
    ./app/layout.tsx [Server Component]

  Client Component SSR:
    ./app/_components/NavLinksMobile.tsx [Client Component SSR]
    ./app/_components/Navbar.tsx [Client Component SSR]
    ./app/_components/Navbar.tsx [Server Component]
    ./app/layout.tsx [Server Component] @ http://localhost:3000/_next/static/chunks/node_modules_next_dist_0u_w_5s._.js:1945
[  239470ms] [ERROR] ./app/_components/NavLinksMobile.tsx:315:17
Expected '</', got 'ident'
  313 |                   be pinned to its dark rim rather than the page's. */}
  314 |               <CtaButton
> 315 |                 href={absPath(ctaLink.to)}
      |                 ^^^^
  316 |                 onClick={toggleNav}
  317 |                 size="sm"
  318 |                 className="liquid-glass--on-dark"

Parsing ecmascript source code failed

Import traces:
  Client Component Browser:
    ./app/_components/NavLinksMobile.tsx [Client Component Browser]
    ./app/_components/Navbar.tsx [Client Component Browser]
    ./app/_components/Navbar.tsx [Server Component]
    ./app/layout.tsx [Server Component]

  Client Component SSR:
    ./app/_components/NavLinksMobile.tsx [Client Component SSR]
    ./app/_components/Navbar.tsx [Client Component SSR]
    ./app/_components/Navbar.tsx [Server Component]
    ./app/layout.tsx [Server Component] @ http://localhost:3000/_next/static/chunks/node_modules_next_dist_0u_w_5s._.js:1945
[  239533ms] [ERROR] ./app/_components/NavLinksMobile.tsx:315:17
Expected '</', got 'ident'
  313 |                   be pinned to its dark rim rather than the page's. */}
  314 |               <CtaButton
> 315 |                 href={absPath(ctaLink.to)}
      |                 ^^^^
  316 |                 onClick={toggleNav}
  317 |                 size="sm"
  318 |                 className="liquid-glass--on-dark"

Parsing ecmascript source code failed

Import traces:
  Client Component Browser:
    ./app/_components/NavLinksMobile.tsx [Client Component Browser]
    ./app/_components/Navbar.tsx [Client Component Browser]
    ./app/_components/Navbar.tsx [Server Component]
    ./app/layout.tsx [Server Component]

  Client Component SSR:
    ./app/_components/NavLinksMobile.tsx [Client Component SSR]
    ./app/_components/Navbar.tsx [Client Component SSR]
    ./app/_components/Navbar.tsx [Server Component]
    ./app/layout.tsx [Server Component] @ http://localhost:3000/_next/static/chunks/node_modules_next_dist_0u_w_5s._.js:1945
[  239596ms] [ERROR] ./app/_components/NavLinksMobile.tsx:315:17
Expected '</', got 'ident'
  313 |                   be pinned to its dark rim rather than the page's. */}
  314 |               <CtaButton
> 315 |                 href={absPath(ctaLink.to)}
      |                 ^^^^
  316 |                 onClick={toggleNav}
  317 |                 size="sm"
  318 |                 className="liquid-glass--on-dark"

Parsing ecmascript source code failed

Import traces:
  Client Component Browser:
    ./app/_components/NavLinksMobile.tsx [Client Component Browser]
    ./app/_components/Navbar.tsx [Client Component Browser]
    ./app/_components/Navbar.tsx [Server Component]
    ./app/layout.tsx [Server Component]

  Client Component SSR:
    ./app/_components/NavLinksMobile.tsx [Client Component SSR]
    ./app/_components/Navbar.tsx [Client Component SSR]
    ./app/_components/Navbar.tsx [Server Component]
    ./app/layout.tsx [Server Component] @ http://localhost:3000/_next/static/chunks/node_modules_next_dist_0u_w_5s._.js:1945
[  239657ms] [LOG] [Fast Refresh] rebuilding @ http://localhost:3000/_next/static/chunks/node_modules_next_dist_0u_w_5s._.js:1226
[  239668ms] [ERROR] ./app/_components/NavLinksMobile.tsx:315:17
Expected '</', got 'ident'
  313 |                   be pinned to its dark rim rather than the page's. */}
  314 |               <CtaButton
> 315 |                 href={absPath(ctaLink.to)}
      |                 ^^^^
  316 |                 onClick={toggleNav}
  317 |                 size="sm"
  318 |                 className="liquid-glass--on-dark"

Parsing ecmascript source code failed

Import traces:
  Client Component Browser:
    ./app/_components/NavLinksMobile.tsx [Client Component Browser]
    ./app/_components/Navbar.tsx [Client Component Browser]
    ./app/_components/Navbar.tsx [Server Component]
    ./app/layout.tsx [Server Component]

  Client Component SSR:
    ./app/_components/NavLinksMobile.tsx [Client Component SSR]
    ./app/_components/Navbar.tsx [Client Component SSR]
    ./app/_components/Navbar.tsx [Server Component]
    ./app/layout.tsx [Server Component] @ http://localhost:3000/_next/static/chunks/node_modules_next_dist_0u_w_5s._.js:1945
[  239719ms] [ERROR] ./app/_components/NavLinksMobile.tsx:315:17
Expected '</', got 'ident'
  313 |                   be pinned to its dark rim rather than the page's. */}
  314 |               <CtaButton
> 315 |                 href={absPath(ctaLink.to)}
      |                 ^^^^
  316 |                 onClick={toggleNav}
  317 |                 size="sm"
  318 |                 className="liquid-glass--on-dark"

Parsing ecmascript source code failed

Import traces:
  Client Component Browser:
    ./app/_components/NavLinksMobile.tsx [Client Component Browser]
    ./app/_components/Navbar.tsx [Client Component Browser]
    ./app/_components/Navbar.tsx [Server Component]
    ./app/layout.tsx [Server Component]

  Client Component SSR:
    ./app/_components/NavLinksMobile.tsx [Client Component SSR]
    ./app/_components/Navbar.tsx [Client Component SSR]
    ./app/_components/Navbar.tsx [Server Component]
    ./app/layout.tsx [Server Component] @ http://localhost:3000/_next/static/chunks/node_modules_next_dist_0u_w_5s._.js:1945
[  239781ms] [ERROR] ./app/_components/NavLinksMobile.tsx:315:17
Expected '</', got 'ident'
  313 |                   be pinned to its dark rim rather than the page's. */}
  314 |               <CtaButton
> 315 |                 href={absPath(ctaLink.to)}
      |                 ^^^^
  316 |                 onClick={toggleNav}
  317 |                 size="sm"
  318 |                 className="liquid-glass--on-dark"

Parsing ecmascript source code failed

Import traces:
  Client Component Browser:
    ./app/_components/NavLinksMobile.tsx [Client Component Browser]
    ./app/_components/Navbar.tsx [Client Component Browser]
    ./app/_components/Navbar.tsx [Server Component]
    ./app/layout.tsx [Server Component]

  Client Component SSR:
    ./app/_components/NavLinksMobile.tsx [Client Component SSR]
    ./app/_components/Navbar.tsx [Client Component SSR]
    ./app/_components/Navbar.tsx [Server Component]
    ./app/layout.tsx [Server Component] @ http://localhost:3000/_next/static/chunks/node_modules_next_dist_0u_w_5s._.js:1945
[  239843ms] [ERROR] ./app/_components/NavLinksMobile.tsx:315:17
Expected '</', got 'ident'
  313 |                   be pinned to its dark rim rather than the page's. */}
  314 |               <CtaButton
> 315 |                 href={absPath(ctaLink.to)}
      |                 ^^^^
  316 |                 onClick={toggleNav}
  317 |                 size="sm"
  318 |                 className="liquid-glass--on-dark"

Parsing ecmascript source code failed

Import traces:
  Client Component Browser:
    ./app/_components/NavLinksMobile.tsx [Client Component Browser]
    ./app/_components/Navbar.tsx [Client Component Browser]
    ./app/_components/Navbar.tsx [Server Component]
    ./app/layout.tsx [Server Component]

  Client Component SSR:
    ./app/_components/NavLinksMobile.tsx [Client Component SSR]
    ./app/_components/Navbar.tsx [Client Component SSR]
    ./app/_components/Navbar.tsx [Server Component]
    ./app/layout.tsx [Server Component] @ http://localhost:3000/_next/static/chunks/node_modules_next_dist_0u_w_5s._.js:1945
[  239906ms] [ERROR] ./app/_components/NavLinksMobile.tsx:315:17
Expected '</', got 'ident'
  313 |                   be pinned to its dark rim rather than the page's. */}
  314 |               <CtaButton
> 315 |                 href={absPath(ctaLink.to)}
      |                 ^^^^
  316 |                 onClick={toggleNav}
  317 |                 size="sm"
  318 |                 className="liquid-glass--on-dark"

Parsing ecmascript source code failed

Import traces:
  Client Component Browser:
    ./app/_components/NavLinksMobile.tsx [Client Component Browser]
    ./app/_components/Navbar.tsx [Client Component Browser]
    ./app/_components/Navbar.tsx [Server Component]
    ./app/layout.tsx [Server Component]

  Client Component SSR:
    ./app/_components/NavLinksMobile.tsx [Client Component SSR]
    ./app/_components/Navbar.tsx [Client Component SSR]
    ./app/_components/Navbar.tsx [Server Component]
    ./app/layout.tsx [Server Component] @ http://localhost:3000/_next/static/chunks/node_modules_next_dist_0u_w_5s._.js:1945
[  239968ms] [ERROR] ./app/_components/NavLinksMobile.tsx:315:17
Expected '</', got 'ident'
  313 |                   be pinned to its dark rim rather than the page's. */}
  314 |               <CtaButton
> 315 |                 href={absPath(ctaLink.to)}
      |                 ^^^^
  316 |                 onClick={toggleNav}
  317 |                 size="sm"
  318 |                 className="liquid-glass--on-dark"

Parsing ecmascript source code failed

Import traces:
  Client Component Browser:
    ./app/_components/NavLinksMobile.tsx [Client Component Browser]
    ./app/_components/Navbar.tsx [Client Component Browser]
    ./app/_components/Navbar.tsx [Server Component]
    ./app/layout.tsx [Server Component]

  Client Component SSR:
    ./app/_components/NavLinksMobile.tsx [Client Component SSR]
    ./app/_components/Navbar.tsx [Client Component SSR]
    ./app/_components/Navbar.tsx [Server Component]
    ./app/layout.tsx [Server Component] @ http://localhost:3000/_next/static/chunks/node_modules_next_dist_0u_w_5s._.js:1945
[  240028ms] [ERROR] ./app/_components/NavLinksMobile.tsx:315:17
Expected '</', got 'ident'
  313 |                   be pinned to its dark rim rather than the page's. */}
  314 |               <CtaButton
> 315 |                 href={absPath(ctaLink.to)}
      |                 ^^^^
  316 |                 onClick={toggleNav}
  317 |                 size="sm"
  318 |                 className="liquid-glass--on-dark"

Parsing ecmascript source code failed

Import traces:
  Client Component Browser:
    ./app/_components/NavLinksMobile.tsx [Client Component Browser]
    ./app/_components/Navbar.tsx [Client Component Browser]
    ./app/_components/Navbar.tsx [Server Component]
    ./app/layout.tsx [Server Component]

  Client Component SSR:
    ./app/_components/NavLinksMobile.tsx [Client Component SSR]
    ./app/_components/Navbar.tsx [Client Component SSR]
    ./app/_components/Navbar.tsx [Server Component]
    ./app/layout.tsx [Server Component] @ http://localhost:3000/_next/static/chunks/node_modules_next_dist_0u_w_5s._.js:1945
[  240090ms] [ERROR] ./app/_components/NavLinksMobile.tsx:315:17
Expected '</', got 'ident'
  313 |                   be pinned to its dark rim rather than the page's. */}
  314 |               <CtaButton
> 315 |                 href={absPath(ctaLink.to)}
      |                 ^^^^
  316 |                 onClick={toggleNav}
  317 |                 size="sm"
  318 |                 className="liquid-glass--on-dark"

Parsing ecmascript source code failed

Import traces:
  Client Component Browser:
    ./app/_components/NavLinksMobile.tsx [Client Component Browser]
    ./app/_components/Navbar.tsx [Client Component Browser]
    ./app/_components/Navbar.tsx [Server Component]
    ./app/layout.tsx [Server Component]

  Client Component SSR:
    ./app/_components/NavLinksMobile.tsx [Client Component SSR]
    ./app/_components/Navbar.tsx [Client Component SSR]
    ./app/_components/Navbar.tsx [Server Component]
    ./app/layout.tsx [Server Component] @ http://localhost:3000/_next/static/chunks/node_modules_next_dist_0u_w_5s._.js:1945
[  240152ms] [ERROR] ./app/_components/NavLinksMobile.tsx:315:17
Expected '</', got 'ident'
  313 |                   be pinned to its dark rim rather than the page's. */}
  314 |               <CtaButton
> 315 |                 href={absPath(ctaLink.to)}
      |                 ^^^^
  316 |                 onClick={toggleNav}
  317 |                 size="sm"
  318 |                 className="liquid-glass--on-dark"

Parsing ecmascript source code failed

Import traces:
  Client Component Browser:
    ./app/_components/NavLinksMobile.tsx [Client Component Browser]
    ./app/_components/Navbar.tsx [Client Component Browser]
    ./app/_components/Navbar.tsx [Server Component]
    ./app/layout.tsx [Server Component]

  Client Component SSR:
    ./app/_components/NavLinksMobile.tsx [Client Component SSR]
    ./app/_components/Navbar.tsx [Client Component SSR]
    ./app/_components/Navbar.tsx [Server Component]
    ./app/layout.tsx [Server Component] @ http://localhost:3000/_next/static/chunks/node_modules_next_dist_0u_w_5s._.js:1945
[  240208ms] [ERROR] ./app/_components/NavLinksMobile.tsx:315:17
Expected '</', got 'ident'
  313 |                   be pinned to its dark rim rather than the page's. */}
  314 |               <CtaButton
> 315 |                 href={absPath(ctaLink.to)}
      |                 ^^^^
  316 |                 onClick={toggleNav}
  317 |                 size="sm"
  318 |                 className="liquid-glass--on-dark"

Parsing ecmascript source code failed

Import traces:
  Client Component Browser:
    ./app/_components/NavLinksMobile.tsx [Client Component Browser]
    ./app/_components/Navbar.tsx [Client Component Browser]
    ./app/_components/Navbar.tsx [Server Component]
    ./app/layout.tsx [Server Component]

  Client Component SSR:
    ./app/_components/NavLinksMobile.tsx [Client Component SSR]
    ./app/_components/Navbar.tsx [Client Component SSR]
    ./app/_components/Navbar.tsx [Server Component]
    ./app/layout.tsx [Server Component] @ http://localhost:3000/_next/static/chunks/node_modules_next_dist_0u_w_5s._.js:1945
[  240270ms] [ERROR] ./app/_components/NavLinksMobile.tsx:315:17
Expected '</', got 'ident'
  313 |                   be pinned to its dark rim rather than the page's. */}
  314 |               <CtaButton
> 315 |                 href={absPath(ctaLink.to)}
      |                 ^^^^
  316 |                 onClick={toggleNav}
  317 |                 size="sm"
  318 |                 className="liquid-glass--on-dark"

Parsing ecmascript source code failed

Import traces:
  Client Component Browser:
    ./app/_components/NavLinksMobile.tsx [Client Component Browser]
    ./app/_components/Navbar.tsx [Client Component Browser]
    ./app/_components/Navbar.tsx [Server Component]
    ./app/layout.tsx [Server Component]

  Client Component SSR:
    ./app/_components/NavLinksMobile.tsx [Client Component SSR]
    ./app/_components/Navbar.tsx [Client Component SSR]
    ./app/_components/Navbar.tsx [Server Component]
    ./app/layout.tsx [Server Component] @ http://localhost:3000/_next/static/chunks/node_modules_next_dist_0u_w_5s._.js:1945
[  240330ms] [ERROR] ./app/_components/NavLinksMobile.tsx:315:17
Expected '</', got 'ident'
  313 |                   be pinned to its dark rim rather than the page's. */}
  314 |               <CtaButton
> 315 |                 href={absPath(ctaLink.to)}
      |                 ^^^^
  316 |                 onClick={toggleNav}
  317 |                 size="sm"
  318 |                 className="liquid-glass--on-dark"

Parsing ecmascript source code failed

Import traces:
  Client Component Browser:
    ./app/_components/NavLinksMobile.tsx [Client Component Browser]
    ./app/_components/Navbar.tsx [Client Component Browser]
    ./app/_components/Navbar.tsx [Server Component]
    ./app/layout.tsx [Server Component]

  Client Component SSR:
    ./app/_components/NavLinksMobile.tsx [Client Component SSR]
    ./app/_components/Navbar.tsx [Client Component SSR]
    ./app/_components/Navbar.tsx [Server Component]
    ./app/layout.tsx [Server Component] @ http://localhost:3000/_next/static/chunks/node_modules_next_dist_0u_w_5s._.js:1945
[  240393ms] [ERROR] ./app/_components/NavLinksMobile.tsx:315:17
Expected '</', got 'ident'
  313 |                   be pinned to its dark rim rather than the page's. */}
  314 |               <CtaButton
> 315 |                 href={absPath(ctaLink.to)}
      |                 ^^^^
  316 |                 onClick={toggleNav}
  317 |                 size="sm"
  318 |                 className="liquid-glass--on-dark"

Parsing ecmascript source code failed

Import traces:
  Client Component Browser:
    ./app/_components/NavLinksMobile.tsx [Client Component Browser]
    ./app/_components/Navbar.tsx [Client Component Browser]
    ./app/_components/Navbar.tsx [Server Component]
    ./app/layout.tsx [Server Component]

  Client Component SSR:
    ./app/_components/NavLinksMobile.tsx [Client Component SSR]
    ./app/_components/Navbar.tsx [Client Component SSR]
    ./app/_components/Navbar.tsx [Server Component]
    ./app/layout.tsx [Server Component] @ http://localhost:3000/_next/static/chunks/node_modules_next_dist_0u_w_5s._.js:1945
[  240448ms] [ERROR] ./app/_components/NavLinksMobile.tsx:315:17
Expected '</', got 'ident'
  313 |                   be pinned to its dark rim rather than the page's. */}
  314 |               <CtaButton
> 315 |                 href={absPath(ctaLink.to)}
      |                 ^^^^
  316 |                 onClick={toggleNav}
  317 |                 size="sm"
  318 |                 className="liquid-glass--on-dark"

Parsing ecmascript source code failed

Import traces:
  Client Component Browser:
    ./app/_components/NavLinksMobile.tsx [Client Component Browser]
    ./app/_components/Navbar.tsx [Client Component Browser]
    ./app/_components/Navbar.tsx [Server Component]
    ./app/layout.tsx [Server Component]

  Client Component SSR:
    ./app/_components/NavLinksMobile.tsx [Client Component SSR]
    ./app/_components/Navbar.tsx [Client Component SSR]
    ./app/_components/Navbar.tsx [Server Component]
    ./app/layout.tsx [Server Component] @ http://localhost:3000/_next/static/chunks/node_modules_next_dist_0u_w_5s._.js:1945
[  240511ms] [ERROR] ./app/_components/NavLinksMobile.tsx:315:17
Expected '</', got 'ident'
  313 |                   be pinned to its dark rim rather than the page's. */}
  314 |               <CtaButton
> 315 |                 href={absPath(ctaLink.to)}
      |                 ^^^^
  316 |                 onClick={toggleNav}
  317 |                 size="sm"
  318 |                 className="liquid-glass--on-dark"

Parsing ecmascript source code failed

Import traces:
  Client Component Browser:
    ./app/_components/NavLinksMobile.tsx [Client Component Browser]
    ./app/_components/Navbar.tsx [Client Component Browser]
    ./app/_components/Navbar.tsx [Server Component]
    ./app/layout.tsx [Server Component]

  Client Component SSR:
    ./app/_components/NavLinksMobile.tsx [Client Component SSR]
    ./app/_components/Navbar.tsx [Client Component SSR]
    ./app/_components/Navbar.tsx [Server Component]
    ./app/layout.tsx [Server Component] @ http://localhost:3000/_next/static/chunks/node_modules_next_dist_0u_w_5s._.js:1945
[  240573ms] [ERROR] ./app/_components/NavLinksMobile.tsx:315:17
Expected '</', got 'ident'
  313 |                   be pinned to its dark rim rather than the page's. */}
  314 |               <CtaButton
> 315 |                 href={absPath(ctaLink.to)}
      |                 ^^^^
  316 |                 onClick={toggleNav}
  317 |                 size="sm"
  318 |                 className="liquid-glass--on-dark"

Parsing ecmascript source code failed

Import traces:
  Client Component Browser:
    ./app/_components/NavLinksMobile.tsx [Client Component Browser]
    ./app/_components/Navbar.tsx [Client Component Browser]
    ./app/_components/Navbar.tsx [Server Component]
    ./app/layout.tsx [Server Component]

  Client Component SSR:
    ./app/_components/NavLinksMobile.tsx [Client Component SSR]
    ./app/_components/Navbar.tsx [Client Component SSR]
    ./app/_components/Navbar.tsx [Server Component]
    ./app/layout.tsx [Server Component] @ http://localhost:3000/_next/static/chunks/node_modules_next_dist_0u_w_5s._.js:1945
[  240635ms] [ERROR] ./app/_components/NavLinksMobile.tsx:315:17
Expected '</', got 'ident'
  313 |                   be pinned to its dark rim rather than the page's. */}
  314 |               <CtaButton
> 315 |                 href={absPath(ctaLink.to)}
      |                 ^^^^
  316 |                 onClick={toggleNav}
  317 |                 size="sm"
  318 |                 className="liquid-glass--on-dark"

Parsing ecmascript source code failed

Import traces:
  Client Component Browser:
    ./app/_components/NavLinksMobile.tsx [Client Component Browser]
    ./app/_components/Navbar.tsx [Client Component Browser]
    ./app/_components/Navbar.tsx [Server Component]
    ./app/layout.tsx [Server Component]

  Client Component SSR:
    ./app/_components/NavLinksMobile.tsx [Client Component SSR]
    ./app/_components/Navbar.tsx [Client Component SSR]
    ./app/_components/Navbar.tsx [Server Component]
    ./app/layout.tsx [Server Component] @ http://localhost:3000/_next/static/chunks/node_modules_next_dist_0u_w_5s._.js:1945
[  240696ms] [ERROR] ./app/_components/NavLinksMobile.tsx:315:17
Expected '</', got 'ident'
  313 |                   be pinned to its dark rim rather than the page's. */}
  314 |               <CtaButton
> 315 |                 href={absPath(ctaLink.to)}
      |                 ^^^^
  316 |                 onClick={toggleNav}
  317 |                 size="sm"
  318 |                 className="liquid-glass--on-dark"

Parsing ecmascript source code failed

Import traces:
  Client Component Browser:
    ./app/_components/NavLinksMobile.tsx [Client Component Browser]
    ./app/_components/Navbar.tsx [Client Component Browser]
    ./app/_components/Navbar.tsx [Server Component]
    ./app/layout.tsx [Server Component]

  Client Component SSR:
    ./app/_components/NavLinksMobile.tsx [Client Component SSR]
    ./app/_components/Navbar.tsx [Client Component SSR]
    ./app/_components/Navbar.tsx [Server Component]
    ./app/layout.tsx [Server Component] @ http://localhost:3000/_next/static/chunks/node_modules_next_dist_0u_w_5s._.js:1945
[  240758ms] [ERROR] ./app/_components/NavLinksMobile.tsx:315:17
Expected '</', got 'ident'
  313 |                   be pinned to its dark rim rather than the page's. */}
  314 |               <CtaButton
> 315 |                 href={absPath(ctaLink.to)}
      |                 ^^^^
  316 |                 onClick={toggleNav}
  317 |                 size="sm"
  318 |                 className="liquid-glass--on-dark"

Parsing ecmascript source code failed

Import traces:
  Client Component Browser:
    ./app/_components/NavLinksMobile.tsx [Client Component Browser]
    ./app/_components/Navbar.tsx [Client Component Browser]
    ./app/_components/Navbar.tsx [Server Component]
    ./app/layout.tsx [Server Component]

  Client Component SSR:
    ./app/_components/NavLinksMobile.tsx [Client Component SSR]
    ./app/_components/Navbar.tsx [Client Component SSR]
    ./app/_components/Navbar.tsx [Server Component]
    ./app/layout.tsx [Server Component] @ http://localhost:3000/_next/static/chunks/node_modules_next_dist_0u_w_5s._.js:1945
[  240819ms] [ERROR] ./app/_components/NavLinksMobile.tsx:315:17
Expected '</', got 'ident'
  313 |                   be pinned to its dark rim rather than the page's. */}
  314 |               <CtaButton
> 315 |                 href={absPath(ctaLink.to)}
      |                 ^^^^
  316 |                 onClick={toggleNav}
  317 |                 size="sm"
  318 |                 className="liquid-glass--on-dark"

Parsing ecmascript source code failed

Import traces:
  Client Component Browser:
    ./app/_components/NavLinksMobile.tsx [Client Component Browser]
    ./app/_components/Navbar.tsx [Client Component Browser]
    ./app/_components/Navbar.tsx [Server Component]
    ./app/layout.tsx [Server Component]

  Client Component SSR:
    ./app/_components/NavLinksMobile.tsx [Client Component SSR]
    ./app/_components/Navbar.tsx [Client Component SSR]
    ./app/_components/Navbar.tsx [Server Component]
    ./app/layout.tsx [Server Component] @ http://localhost:3000/_next/static/chunks/node_modules_next_dist_0u_w_5s._.js:1945
[  240880ms] [ERROR] ./app/_components/NavLinksMobile.tsx:315:17
Expected '</', got 'ident'
  313 |                   be pinned to its dark rim rather than the page's. */}
  314 |               <CtaButton
> 315 |                 href={absPath(ctaLink.to)}
      |                 ^^^^
  316 |                 onClick={toggleNav}
  317 |                 size="sm"
  318 |                 className="liquid-glass--on-dark"

Parsing ecmascript source code failed

Import traces:
  Client Component Browser:
    ./app/_components/NavLinksMobile.tsx [Client Component Browser]
    ./app/_components/Navbar.tsx [Client Component Browser]
    ./app/_components/Navbar.tsx [Server Component]
    ./app/layout.tsx [Server Component]

  Client Component SSR:
    ./app/_components/NavLinksMobile.tsx [Client Component SSR]
    ./app/_components/Navbar.tsx [Client Component SSR]
    ./app/_components/Navbar.tsx [Server Component]
    ./app/layout.tsx [Server Component] @ http://localhost:3000/_next/static/chunks/node_modules_next_dist_0u_w_5s._.js:1945
[  240943ms] [ERROR] ./app/_components/NavLinksMobile.tsx:315:17
Expected '</', got 'ident'
  313 |                   be pinned to its dark rim rather than the page's. */}
  314 |               <CtaButton
> 315 |                 href={absPath(ctaLink.to)}
      |                 ^^^^
  316 |                 onClick={toggleNav}
  317 |                 size="sm"
  318 |                 className="liquid-glass--on-dark"

Parsing ecmascript source code failed

Import traces:
  Client Component Browser:
    ./app/_components/NavLinksMobile.tsx [Client Component Browser]
    ./app/_components/Navbar.tsx [Client Component Browser]
    ./app/_components/Navbar.tsx [Server Component]
    ./app/layout.tsx [Server Component]

  Client Component SSR:
    ./app/_components/NavLinksMobile.tsx [Client Component SSR]
    ./app/_components/Navbar.tsx [Client Component SSR]
    ./app/_components/Navbar.tsx [Server Component]
    ./app/layout.tsx [Server Component] @ http://localhost:3000/_next/static/chunks/node_modules_next_dist_0u_w_5s._.js:1945
[  241005ms] [ERROR] ./app/_components/NavLinksMobile.tsx:315:17
Expected '</', got 'ident'
  313 |                   be pinned to its dark rim rather than the page's. */}
  314 |               <CtaButton
> 315 |                 href={absPath(ctaLink.to)}
      |                 ^^^^
  316 |                 onClick={toggleNav}
  317 |                 size="sm"
  318 |                 className="liquid-glass--on-dark"

Parsing ecmascript source code failed

Import traces:
  Client Component Browser:
    ./app/_components/NavLinksMobile.tsx [Client Component Browser]
    ./app/_components/Navbar.tsx [Client Component Browser]
    ./app/_components/Navbar.tsx [Server Component]
    ./app/layout.tsx [Server Component]

  Client Component SSR:
    ./app/_components/NavLinksMobile.tsx [Client Component SSR]
    ./app/_components/Navbar.tsx [Client Component SSR]
    ./app/_components/Navbar.tsx [Server Component]
    ./app/layout.tsx [Server Component] @ http://localhost:3000/_next/static/chunks/node_modules_next_dist_0u_w_5s._.js:1945
[  241067ms] [ERROR] ./app/_components/NavLinksMobile.tsx:315:17
Expected '</', got 'ident'
  313 |                   be pinned to its dark rim rather than the page's. */}
  314 |               <CtaButton
> 315 |                 href={absPath(ctaLink.to)}
      |                 ^^^^
  316 |                 onClick={toggleNav}
  317 |                 size="sm"
  318 |                 className="liquid-glass--on-dark"

Parsing ecmascript source code failed

Import traces:
  Client Component Browser:
    ./app/_components/NavLinksMobile.tsx [Client Component Browser]
    ./app/_components/Navbar.tsx [Client Component Browser]
    ./app/_components/Navbar.tsx [Server Component]
    ./app/layout.tsx [Server Component]

  Client Component SSR:
    ./app/_components/NavLinksMobile.tsx [Client Component SSR]
    ./app/_components/Navbar.tsx [Client Component SSR]
    ./app/_components/Navbar.tsx [Server Component]
    ./app/layout.tsx [Server Component] @ http://localhost:3000/_next/static/chunks/node_modules_next_dist_0u_w_5s._.js:1945
[  241129ms] [ERROR] ./app/_components/NavLinksMobile.tsx:315:17
Expected '</', got 'ident'
  313 |                   be pinned to its dark rim rather than the page's. */}
  314 |               <CtaButton
> 315 |                 href={absPath(ctaLink.to)}
      |                 ^^^^
  316 |                 onClick={toggleNav}
  317 |                 size="sm"
  318 |                 className="liquid-glass--on-dark"

Parsing ecmascript source code failed

Import traces:
  Client Component Browser:
    ./app/_components/NavLinksMobile.tsx [Client Component Browser]
    ./app/_components/Navbar.tsx [Client Component Browser]
    ./app/_components/Navbar.tsx [Server Component]
    ./app/layout.tsx [Server Component]

  Client Component SSR:
    ./app/_components/NavLinksMobile.tsx [Client Component SSR]
    ./app/_components/Navbar.tsx [Client Component SSR]
    ./app/_components/Navbar.tsx [Server Component]
    ./app/layout.tsx [Server Component] @ http://localhost:3000/_next/static/chunks/node_modules_next_dist_0u_w_5s._.js:1945
[  241191ms] [ERROR] ./app/_components/NavLinksMobile.tsx:315:17
Expected '</', got 'ident'
  313 |                   be pinned to its dark rim rather than the page's. */}
  314 |               <CtaButton
> 315 |                 href={absPath(ctaLink.to)}
      |                 ^^^^
  316 |                 onClick={toggleNav}
  317 |                 size="sm"
  318 |                 className="liquid-glass--on-dark"

Parsing ecmascript source code failed

Import traces:
  Client Component Browser:
    ./app/_components/NavLinksMobile.tsx [Client Component Browser]
    ./app/_components/Navbar.tsx [Client Component Browser]
    ./app/_components/Navbar.tsx [Server Component]
    ./app/layout.tsx [Server Component]

  Client Component SSR:
    ./app/_components/NavLinksMobile.tsx [Client Component SSR]
    ./app/_components/Navbar.tsx [Client Component SSR]
    ./app/_components/Navbar.tsx [Server Component]
    ./app/layout.tsx [Server Component] @ http://localhost:3000/_next/static/chunks/node_modules_next_dist_0u_w_5s._.js:1945
[  241254ms] [ERROR] ./app/_components/NavLinksMobile.tsx:315:17
Expected '</', got 'ident'
  313 |                   be pinned to its dark rim rather than the page's. */}
  314 |               <CtaButton
> 315 |                 href={absPath(ctaLink.to)}
      |                 ^^^^
  316 |                 onClick={toggleNav}
  317 |                 size="sm"
  318 |                 className="liquid-glass--on-dark"

Parsing ecmascript source code failed

Import traces:
  Client Component Browser:
    ./app/_components/NavLinksMobile.tsx [Client Component Browser]
    ./app/_components/Navbar.tsx [Client Component Browser]
    ./app/_components/Navbar.tsx [Server Component]
    ./app/layout.tsx [Server Component]

  Client Component SSR:
    ./app/_components/NavLinksMobile.tsx [Client Component SSR]
    ./app/_components/Navbar.tsx [Client Component SSR]
    ./app/_components/Navbar.tsx [Server Component]
    ./app/layout.tsx [Server Component] @ http://localhost:3000/_next/static/chunks/node_modules_next_dist_0u_w_5s._.js:1945
[  241330ms] [ERROR] ./app/_components/NavLinksMobile.tsx:315:17
Expected '</', got 'ident'
  313 |                   be pinned to its dark rim rather than the page's. */}
  314 |               <CtaButton
> 315 |                 href={absPath(ctaLink.to)}
      |                 ^^^^
  316 |                 onClick={toggleNav}
  317 |                 size="sm"
  318 |                 className="liquid-glass--on-dark"

Parsing ecmascript source code failed

Import traces:
  Client Component Browser:
    ./app/_components/NavLinksMobile.tsx [Client Component Browser]
    ./app/_components/Navbar.tsx [Client Component Browser]
    ./app/_components/Navbar.tsx [Server Component]
    ./app/layout.tsx [Server Component]

  Client Component SSR:
    ./app/_components/NavLinksMobile.tsx [Client Component SSR]
    ./app/_components/Navbar.tsx [Client Component SSR]
    ./app/_components/Navbar.tsx [Server Component]
    ./app/layout.tsx [Server Component] @ http://localhost:3000/_next/static/chunks/node_modules_next_dist_0u_w_5s._.js:1945
[  241392ms] [ERROR] ./app/_components/NavLinksMobile.tsx:315:17
Expected '</', got 'ident'
  313 |                   be pinned to its dark rim rather than the page's. */}
  314 |               <CtaButton
> 315 |                 href={absPath(ctaLink.to)}
      |                 ^^^^
  316 |                 onClick={toggleNav}
  317 |                 size="sm"
  318 |                 className="liquid-glass--on-dark"

Parsing ecmascript source code failed

Import traces:
  Client Component Browser:
    ./app/_components/NavLinksMobile.tsx [Client Component Browser]
    ./app/_components/Navbar.tsx [Client Component Browser]
    ./app/_components/Navbar.tsx [Server Component]
    ./app/layout.tsx [Server Component]

  Client Component SSR:
    ./app/_components/NavLinksMobile.tsx [Client Component SSR]
    ./app/_components/Navbar.tsx [Client Component SSR]
    ./app/_components/Navbar.tsx [Server Component]
    ./app/layout.tsx [Server Component] @ http://localhost:3000/_next/static/chunks/node_modules_next_dist_0u_w_5s._.js:1945
[  241455ms] [ERROR] ./app/_components/NavLinksMobile.tsx:315:17
Expected '</', got 'ident'
  313 |                   be pinned to its dark rim rather than the page's. */}
  314 |               <CtaButton
> 315 |                 href={absPath(ctaLink.to)}
      |                 ^^^^
  316 |                 onClick={toggleNav}
  317 |                 size="sm"
  318 |                 className="liquid-glass--on-dark"

Parsing ecmascript source code failed

Import traces:
  Client Component Browser:
    ./app/_components/NavLinksMobile.tsx [Client Component Browser]
    ./app/_components/Navbar.tsx [Client Component Browser]
    ./app/_components/Navbar.tsx [Server Component]
    ./app/layout.tsx [Server Component]

  Client Component SSR:
    ./app/_components/NavLinksMobile.tsx [Client Component SSR]
    ./app/_components/Navbar.tsx [Client Component SSR]
    ./app/_components/Navbar.tsx [Server Component]
    ./app/layout.tsx [Server Component] @ http://localhost:3000/_next/static/chunks/node_modules_next_dist_0u_w_5s._.js:1945
[  241519ms] [ERROR] ./app/_components/NavLinksMobile.tsx:315:17
Expected '</', got 'ident'
  313 |                   be pinned to its dark rim rather than the page's. */}
  314 |               <CtaButton
> 315 |                 href={absPath(ctaLink.to)}
      |                 ^^^^
  316 |                 onClick={toggleNav}
  317 |                 size="sm"
  318 |                 className="liquid-glass--on-dark"

Parsing ecmascript source code failed

Import traces:
  Client Component Browser:
    ./app/_components/NavLinksMobile.tsx [Client Component Browser]
    ./app/_components/Navbar.tsx [Client Component Browser]
    ./app/_components/Navbar.tsx [Server Component]
    ./app/layout.tsx [Server Component]

  Client Component SSR:
    ./app/_components/NavLinksMobile.tsx [Client Component SSR]
    ./app/_components/Navbar.tsx [Client Component SSR]
    ./app/_components/Navbar.tsx [Server Component]
    ./app/layout.tsx [Server Component] @ http://localhost:3000/_next/static/chunks/node_modules_next_dist_0u_w_5s._.js:1945
[  241598ms] [ERROR] ./app/_components/NavLinksMobile.tsx:315:17
Expected '</', got 'ident'
  313 |                   be pinned to its dark rim rather than the page's. */}
  314 |               <CtaButton
> 315 |                 href={absPath(ctaLink.to)}
      |                 ^^^^
  316 |                 onClick={toggleNav}
  317 |                 size="sm"
  318 |                 className="liquid-glass--on-dark"

Parsing ecmascript source code failed

Import traces:
  Client Component Browser:
    ./app/_components/NavLinksMobile.tsx [Client Component Browser]
    ./app/_components/Navbar.tsx [Client Component Browser]
    ./app/_components/Navbar.tsx [Server Component]
    ./app/layout.tsx [Server Component]

  Client Component SSR:
    ./app/_components/NavLinksMobile.tsx [Client Component SSR]
    ./app/_components/Navbar.tsx [Client Component SSR]
    ./app/_components/Navbar.tsx [Server Component]
    ./app/layout.tsx [Server Component] @ http://localhost:3000/_next/static/chunks/node_modules_next_dist_0u_w_5s._.js:1945
[  241661ms] [ERROR] ./app/_components/NavLinksMobile.tsx:315:17
Expected '</', got 'ident'
  313 |                   be pinned to its dark rim rather than the page's. */}
  314 |               <CtaButton
> 315 |                 href={absPath(ctaLink.to)}
      |                 ^^^^
  316 |                 onClick={toggleNav}
  317 |                 size="sm"
  318 |                 className="liquid-glass--on-dark"

Parsing ecmascript source code failed

Import traces:
  Client Component Browser:
    ./app/_components/NavLinksMobile.tsx [Client Component Browser]
    ./app/_components/Navbar.tsx [Client Component Browser]
    ./app/_components/Navbar.tsx [Server Component]
    ./app/layout.tsx [Server Component]

  Client Component SSR:
    ./app/_components/NavLinksMobile.tsx [Client Component SSR]
    ./app/_components/Navbar.tsx [Client Component SSR]
    ./app/_components/Navbar.tsx [Server Component]
    ./app/layout.tsx [Server Component] @ http://localhost:3000/_next/static/chunks/node_modules_next_dist_0u_w_5s._.js:1945
[  241718ms] [ERROR] ./app/_components/NavLinksMobile.tsx:315:17
Expected '</', got 'ident'
  313 |                   be pinned to its dark rim rather than the page's. */}
  314 |               <CtaButton
> 315 |                 href={absPath(ctaLink.to)}
      |                 ^^^^
  316 |                 onClick={toggleNav}
  317 |                 size="sm"
  318 |                 className="liquid-glass--on-dark"

Parsing ecmascript source code failed

Import traces:
  Client Component Browser:
    ./app/_components/NavLinksMobile.tsx [Client Component Browser]
    ./app/_components/Navbar.tsx [Client Component Browser]
    ./app/_components/Navbar.tsx [Server Component]
    ./app/layout.tsx [Server Component]

  Client Component SSR:
    ./app/_components/NavLinksMobile.tsx [Client Component SSR]
    ./app/_components/Navbar.tsx [Client Component SSR]
    ./app/_components/Navbar.tsx [Server Component]
    ./app/layout.tsx [Server Component] @ http://localhost:3000/_next/static/chunks/node_modules_next_dist_0u_w_5s._.js:1945
[  241780ms] [ERROR] ./app/_components/NavLinksMobile.tsx:315:17
Expected '</', got 'ident'
  313 |                   be pinned to its dark rim rather than the page's. */}
  314 |               <CtaButton
> 315 |                 href={absPath(ctaLink.to)}
      |                 ^^^^
  316 |                 onClick={toggleNav}
  317 |                 size="sm"
  318 |                 className="liquid-glass--on-dark"

Parsing ecmascript source code failed

Import traces:
  Client Component Browser:
    ./app/_components/NavLinksMobile.tsx [Client Component Browser]
    ./app/_components/Navbar.tsx [Client Component Browser]
    ./app/_components/Navbar.tsx [Server Component]
    ./app/layout.tsx [Server Component]

  Client Component SSR:
    ./app/_components/NavLinksMobile.tsx [Client Component SSR]
    ./app/_components/Navbar.tsx [Client Component SSR]
    ./app/_components/Navbar.tsx [Server Component]
    ./app/layout.tsx [Server Component] @ http://localhost:3000/_next/static/chunks/node_modules_next_dist_0u_w_5s._.js:1945
[  241841ms] [ERROR] ./app/_components/NavLinksMobile.tsx:315:17
Expected '</', got 'ident'
  313 |                   be pinned to its dark rim rather than the page's. */}
  314 |               <CtaButton
> 315 |                 href={absPath(ctaLink.to)}
      |                 ^^^^
  316 |                 onClick={toggleNav}
  317 |                 size="sm"
  318 |                 className="liquid-glass--on-dark"

Parsing ecmascript source code failed

Import traces:
  Client Component Browser:
    ./app/_components/NavLinksMobile.tsx [Client Component Browser]
    ./app/_components/Navbar.tsx [Client Component Browser]
    ./app/_components/Navbar.tsx [Server Component]
    ./app/layout.tsx [Server Component]

  Client Component SSR:
    ./app/_components/NavLinksMobile.tsx [Client Component SSR]
    ./app/_components/Navbar.tsx [Client Component SSR]
    ./app/_components/Navbar.tsx [Server Component]
    ./app/layout.tsx [Server Component] @ http://localhost:3000/_next/static/chunks/node_modules_next_dist_0u_w_5s._.js:1945
[  241904ms] [ERROR] ./app/_components/NavLinksMobile.tsx:315:17
Expected '</', got 'ident'
  313 |                   be pinned to its dark rim rather than the page's. */}
  314 |               <CtaButton
> 315 |                 href={absPath(ctaLink.to)}
      |                 ^^^^
  316 |                 onClick={toggleNav}
  317 |                 size="sm"
  318 |                 className="liquid-glass--on-dark"

Parsing ecmascript source code failed

Import traces:
  Client Component Browser:
    ./app/_components/NavLinksMobile.tsx [Client Component Browser]
    ./app/_components/Navbar.tsx [Client Component Browser]
    ./app/_components/Navbar.tsx [Server Component]
    ./app/layout.tsx [Server Component]

  Client Component SSR:
    ./app/_components/NavLinksMobile.tsx [Client Component SSR]
    ./app/_components/Navbar.tsx [Client Component SSR]
    ./app/_components/Navbar.tsx [Server Component]
    ./app/layout.tsx [Server Component] @ http://localhost:3000/_next/static/chunks/node_modules_next_dist_0u_w_5s._.js:1945
[  241966ms] [ERROR] ./app/_components/NavLinksMobile.tsx:315:17
Expected '</', got 'ident'
  313 |                   be pinned to its dark rim rather than the page's. */}
  314 |               <CtaButton
> 315 |                 href={absPath(ctaLink.to)}
      |                 ^^^^
  316 |                 onClick={toggleNav}
  317 |                 size="sm"
  318 |                 className="liquid-glass--on-dark"

Parsing ecmascript source code failed

Import traces:
  Client Component Browser:
    ./app/_components/NavLinksMobile.tsx [Client Component Browser]
    ./app/_components/Navbar.tsx [Client Component Browser]
    ./app/_components/Navbar.tsx [Server Component]
    ./app/layout.tsx [Server Component]

  Client Component SSR:
    ./app/_components/NavLinksMobile.tsx [Client Component SSR]
    ./app/_components/Navbar.tsx [Client Component SSR]
    ./app/_components/Navbar.tsx [Server Component]
    ./app/layout.tsx [Server Component] @ http://localhost:3000/_next/static/chunks/node_modules_next_dist_0u_w_5s._.js:1945
[  242028ms] [ERROR] ./app/_components/NavLinksMobile.tsx:315:17
Expected '</', got 'ident'
  313 |                   be pinned to its dark rim rather than the page's. */}
  314 |               <CtaButton
> 315 |                 href={absPath(ctaLink.to)}
      |                 ^^^^
  316 |                 onClick={toggleNav}
  317 |                 size="sm"
  318 |                 className="liquid-glass--on-dark"

Parsing ecmascript source code failed

Import traces:
  Client Component Browser:
    ./app/_components/NavLinksMobile.tsx [Client Component Browser]
    ./app/_components/Navbar.tsx [Client Component Browser]
    ./app/_components/Navbar.tsx [Server Component]
    ./app/layout.tsx [Server Component]

  Client Component SSR:
    ./app/_components/NavLinksMobile.tsx [Client Component SSR]
    ./app/_components/Navbar.tsx [Client Component SSR]
    ./app/_components/Navbar.tsx [Server Component]
    ./app/layout.tsx [Server Component] @ http://localhost:3000/_next/static/chunks/node_modules_next_dist_0u_w_5s._.js:1945
[  242090ms] [ERROR] ./app/_components/NavLinksMobile.tsx:315:17
Expected '</', got 'ident'
  313 |                   be pinned to its dark rim rather than the page's. */}
  314 |               <CtaButton
> 315 |                 href={absPath(ctaLink.to)}
      |                 ^^^^
  316 |                 onClick={toggleNav}
  317 |                 size="sm"
  318 |                 className="liquid-glass--on-dark"

Parsing ecmascript source code failed

Import traces:
  Client Component Browser:
    ./app/_components/NavLinksMobile.tsx [Client Component Browser]
    ./app/_components/Navbar.tsx [Client Component Browser]
    ./app/_components/Navbar.tsx [Server Component]
    ./app/layout.tsx [Server Component]

  Client Component SSR:
    ./app/_components/NavLinksMobile.tsx [Client Component SSR]
    ./app/_components/Navbar.tsx [Client Component SSR]
    ./app/_components/Navbar.tsx [Server Component]
    ./app/layout.tsx [Server Component] @ http://localhost:3000/_next/static/chunks/node_modules_next_dist_0u_w_5s._.js:1945
[  242153ms] [ERROR] ./app/_components/NavLinksMobile.tsx:315:17
Expected '</', got 'ident'
  313 |                   be pinned to its dark rim rather than the page's. */}
  314 |               <CtaButton
> 315 |                 href={absPath(ctaLink.to)}
      |                 ^^^^
  316 |                 onClick={toggleNav}
  317 |                 size="sm"
  318 |                 className="liquid-glass--on-dark"

Parsing ecmascript source code failed

Import traces:
  Client Component Browser:
    ./app/_components/NavLinksMobile.tsx [Client Component Browser]
    ./app/_components/Navbar.tsx [Client Component Browser]
    ./app/_components/Navbar.tsx [Server Component]
    ./app/layout.tsx [Server Component]

  Client Component SSR:
    ./app/_components/NavLinksMobile.tsx [Client Component SSR]
    ./app/_components/Navbar.tsx [Client Component SSR]
    ./app/_components/Navbar.tsx [Server Component]
    ./app/layout.tsx [Server Component] @ http://localhost:3000/_next/static/chunks/node_modules_next_dist_0u_w_5s._.js:1945
[  242214ms] [ERROR] ./app/_components/NavLinksMobile.tsx:315:17
Expected '</', got 'ident'
  313 |                   be pinned to its dark rim rather than the page's. */}
  314 |               <CtaButton
> 315 |                 href={absPath(ctaLink.to)}
      |                 ^^^^
  316 |                 onClick={toggleNav}
  317 |                 size="sm"
  318 |                 className="liquid-glass--on-dark"

Parsing ecmascript source code failed

Import traces:
  Client Component Browser:
    ./app/_components/NavLinksMobile.tsx [Client Component Browser]
    ./app/_components/Navbar.tsx [Client Component Browser]
    ./app/_components/Navbar.tsx [Server Component]
    ./app/layout.tsx [Server Component]

  Client Component SSR:
    ./app/_components/NavLinksMobile.tsx [Client Component SSR]
    ./app/_components/Navbar.tsx [Client Component SSR]
    ./app/_components/Navbar.tsx [Server Component]
    ./app/layout.tsx [Server Component] @ http://localhost:3000/_next/static/chunks/node_modules_next_dist_0u_w_5s._.js:1945
[  242277ms] [ERROR] ./app/_components/NavLinksMobile.tsx:315:17
Expected '</', got 'ident'
  313 |                   be pinned to its dark rim rather than the page's. */}
  314 |               <CtaButton
> 315 |                 href={absPath(ctaLink.to)}
      |                 ^^^^
  316 |                 onClick={toggleNav}
  317 |                 size="sm"
  318 |                 className="liquid-glass--on-dark"

Parsing ecmascript source code failed

Import traces:
  Client Component Browser:
    ./app/_components/NavLinksMobile.tsx [Client Component Browser]
    ./app/_components/Navbar.tsx [Client Component Browser]
    ./app/_components/Navbar.tsx [Server Component]
    ./app/layout.tsx [Server Component]

  Client Component SSR:
    ./app/_components/NavLinksMobile.tsx [Client Component SSR]
    ./app/_components/Navbar.tsx [Client Component SSR]
    ./app/_components/Navbar.tsx [Server Component]
    ./app/layout.tsx [Server Component] @ http://localhost:3000/_next/static/chunks/node_modules_next_dist_0u_w_5s._.js:1945
[  242338ms] [ERROR] ./app/_components/NavLinksMobile.tsx:315:17
Expected '</', got 'ident'
  313 |                   be pinned to its dark rim rather than the page's. */}
  314 |               <CtaButton
> 315 |                 href={absPath(ctaLink.to)}
      |                 ^^^^
  316 |                 onClick={toggleNav}
  317 |                 size="sm"
  318 |                 className="liquid-glass--on-dark"

Parsing ecmascript source code failed

Import traces:
  Client Component Browser:
    ./app/_components/NavLinksMobile.tsx [Client Component Browser]
    ./app/_components/Navbar.tsx [Client Component Browser]
    ./app/_components/Navbar.tsx [Server Component]
    ./app/layout.tsx [Server Component]

  Client Component SSR:
    ./app/_components/NavLinksMobile.tsx [Client Component SSR]
    ./app/_components/Navbar.tsx [Client Component SSR]
    ./app/_components/Navbar.tsx [Server Component]
    ./app/layout.tsx [Server Component] @ http://localhost:3000/_next/static/chunks/node_modules_next_dist_0u_w_5s._.js:1945
[  242400ms] [ERROR] ./app/_components/NavLinksMobile.tsx:315:17
Expected '</', got 'ident'
  313 |                   be pinned to its dark rim rather than the page's. */}
  314 |               <CtaButton
> 315 |                 href={absPath(ctaLink.to)}
      |                 ^^^^
  316 |                 onClick={toggleNav}
  317 |                 size="sm"
  318 |                 className="liquid-glass--on-dark"

Parsing ecmascript source code failed

Import traces:
  Client Component Browser:
    ./app/_components/NavLinksMobile.tsx [Client Component Browser]
    ./app/_components/Navbar.tsx [Client Component Browser]
    ./app/_components/Navbar.tsx [Server Component]
    ./app/layout.tsx [Server Component]

  Client Component SSR:
    ./app/_components/NavLinksMobile.tsx [Client Component SSR]
    ./app/_components/Navbar.tsx [Client Component SSR]
    ./app/_components/Navbar.tsx [Server Component]
    ./app/layout.tsx [Server Component] @ http://localhost:3000/_next/static/chunks/node_modules_next_dist_0u_w_5s._.js:1945
[  242463ms] [ERROR] ./app/_components/NavLinksMobile.tsx:315:17
Expected '</', got 'ident'
  313 |                   be pinned to its dark rim rather than the page's. */}
  314 |               <CtaButton
> 315 |                 href={absPath(ctaLink.to)}
      |                 ^^^^
  316 |                 onClick={toggleNav}
  317 |                 size="sm"
  318 |                 className="liquid-glass--on-dark"

Parsing ecmascript source code failed

Import traces:
  Client Component Browser:
    ./app/_components/NavLinksMobile.tsx [Client Component Browser]
    ./app/_components/Navbar.tsx [Client Component Browser]
    ./app/_components/Navbar.tsx [Server Component]
    ./app/layout.tsx [Server Component]

  Client Component SSR:
    ./app/_components/NavLinksMobile.tsx [Client Component SSR]
    ./app/_components/Navbar.tsx [Client Component SSR]
    ./app/_components/Navbar.tsx [Server Component]
    ./app/layout.tsx [Server Component] @ http://localhost:3000/_next/static/chunks/node_modules_next_dist_0u_w_5s._.js:1945
[  242525ms] [ERROR] ./app/_components/NavLinksMobile.tsx:315:17
Expected '</', got 'ident'
  313 |                   be pinned to its dark rim rather than the page's. */}
  314 |               <CtaButton
> 315 |                 href={absPath(ctaLink.to)}
      |                 ^^^^
  316 |                 onClick={toggleNav}
  317 |                 size="sm"
  318 |                 className="liquid-glass--on-dark"

Parsing ecmascript source code failed

Import traces:
  Client Component Browser:
    ./app/_components/NavLinksMobile.tsx [Client Component Browser]
    ./app/_components/Navbar.tsx [Client Component Browser]
    ./app/_components/Navbar.tsx [Server Component]
    ./app/layout.tsx [Server Component]

  Client Component SSR:
    ./app/_components/NavLinksMobile.tsx [Client Component SSR]
    ./app/_components/Navbar.tsx [Client Component SSR]
    ./app/_components/Navbar.tsx [Server Component]
    ./app/layout.tsx [Server Component] @ http://localhost:3000/_next/static/chunks/node_modules_next_dist_0u_w_5s._.js:1945
[  242587ms] [ERROR] ./app/_components/NavLinksMobile.tsx:315:17
Expected '</', got 'ident'
  313 |                   be pinned to its dark rim rather than the page's. */}
  314 |               <CtaButton
> 315 |                 href={absPath(ctaLink.to)}
      |                 ^^^^
  316 |                 onClick={toggleNav}
  317 |                 size="sm"
  318 |                 className="liquid-glass--on-dark"

Parsing ecmascript source code failed

Import traces:
  Client Component Browser:
    ./app/_components/NavLinksMobile.tsx [Client Component Browser]
    ./app/_components/Navbar.tsx [Client Component Browser]
    ./app/_components/Navbar.tsx [Server Component]
    ./app/layout.tsx [Server Component]

  Client Component SSR:
    ./app/_components/NavLinksMobile.tsx [Client Component SSR]
    ./app/_components/Navbar.tsx [Client Component SSR]
    ./app/_components/Navbar.tsx [Server Component]
    ./app/layout.tsx [Server Component] @ http://localhost:3000/_next/static/chunks/node_modules_next_dist_0u_w_5s._.js:1945
[  242649ms] [ERROR] ./app/_components/NavLinksMobile.tsx:315:17
Expected '</', got 'ident'
  313 |                   be pinned to its dark rim rather than the page's. */}
  314 |               <CtaButton
> 315 |                 href={absPath(ctaLink.to)}
      |                 ^^^^
  316 |                 onClick={toggleNav}
  317 |                 size="sm"
  318 |                 className="liquid-glass--on-dark"

Parsing ecmascript source code failed

Import traces:
  Client Component Browser:
    ./app/_components/NavLinksMobile.tsx [Client Component Browser]
    ./app/_components/Navbar.tsx [Client Component Browser]
    ./app/_components/Navbar.tsx [Server Component]
    ./app/layout.tsx [Server Component]

  Client Component SSR:
    ./app/_components/NavLinksMobile.tsx [Client Component SSR]
    ./app/_components/Navbar.tsx [Client Component SSR]
    ./app/_components/Navbar.tsx [Server Component]
    ./app/layout.tsx [Server Component] @ http://localhost:3000/_next/static/chunks/node_modules_next_dist_0u_w_5s._.js:1945
[  242711ms] [ERROR] ./app/_components/NavLinksMobile.tsx:315:17
Expected '</', got 'ident'
  313 |                   be pinned to its dark rim rather than the page's. */}
  314 |               <CtaButton
> 315 |                 href={absPath(ctaLink.to)}
      |                 ^^^^
  316 |                 onClick={toggleNav}
  317 |                 size="sm"
  318 |                 className="liquid-glass--on-dark"

Parsing ecmascript source code failed

Import traces:
  Client Component Browser:
    ./app/_components/NavLinksMobile.tsx [Client Component Browser]
    ./app/_components/Navbar.tsx [Client Component Browser]
    ./app/_components/Navbar.tsx [Server Component]
    ./app/layout.tsx [Server Component]

  Client Component SSR:
    ./app/_components/NavLinksMobile.tsx [Client Component SSR]
    ./app/_components/Navbar.tsx [Client Component SSR]
    ./app/_components/Navbar.tsx [Server Component]
    ./app/layout.tsx [Server Component] @ http://localhost:3000/_next/static/chunks/node_modules_next_dist_0u_w_5s._.js:1945
[  242774ms] [ERROR] ./app/_components/NavLinksMobile.tsx:315:17
Expected '</', got 'ident'
  313 |                   be pinned to its dark rim rather than the page's. */}
  314 |               <CtaButton
> 315 |                 href={absPath(ctaLink.to)}
      |                 ^^^^
  316 |                 onClick={toggleNav}
  317 |                 size="sm"
  318 |                 className="liquid-glass--on-dark"

Parsing ecmascript source code failed

Import traces:
  Client Component Browser:
    ./app/_components/NavLinksMobile.tsx [Client Component Browser]
    ./app/_components/Navbar.tsx [Client Component Browser]
    ./app/_components/Navbar.tsx [Server Component]
    ./app/layout.tsx [Server Component]

  Client Component SSR:
    ./app/_components/NavLinksMobile.tsx [Client Component SSR]
    ./app/_components/Navbar.tsx [Client Component SSR]
    ./app/_components/Navbar.tsx [Server Component]
    ./app/layout.tsx [Server Component] @ http://localhost:3000/_next/static/chunks/node_modules_next_dist_0u_w_5s._.js:1945
[  242836ms] [ERROR] ./app/_components/NavLinksMobile.tsx:315:17
Expected '</', got 'ident'
  313 |                   be pinned to its dark rim rather than the page's. */}
  314 |               <CtaButton
> 315 |                 href={absPath(ctaLink.to)}
      |                 ^^^^
  316 |                 onClick={toggleNav}
  317 |                 size="sm"
  318 |                 className="liquid-glass--on-dark"

Parsing ecmascript source code failed

Import traces:
  Client Component Browser:
    ./app/_components/NavLinksMobile.tsx [Client Component Browser]
    ./app/_components/Navbar.tsx [Client Component Browser]
    ./app/_components/Navbar.tsx [Server Component]
    ./app/layout.tsx [Server Component]

  Client Component SSR:
    ./app/_components/NavLinksMobile.tsx [Client Component SSR]
    ./app/_components/Navbar.tsx [Client Component SSR]
    ./app/_components/Navbar.tsx [Server Component]
    ./app/layout.tsx [Server Component] @ http://localhost:3000/_next/static/chunks/node_modules_next_dist_0u_w_5s._.js:1945
[  242898ms] [ERROR] ./app/_components/NavLinksMobile.tsx:315:17
Expected '</', got 'ident'
  313 |                   be pinned to its dark rim rather than the page's. */}
  314 |               <CtaButton
> 315 |                 href={absPath(ctaLink.to)}
      |                 ^^^^
  316 |                 onClick={toggleNav}
  317 |                 size="sm"
  318 |                 className="liquid-glass--on-dark"

Parsing ecmascript source code failed

Import traces:
  Client Component Browser:
    ./app/_components/NavLinksMobile.tsx [Client Component Browser]
    ./app/_components/Navbar.tsx [Client Component Browser]
    ./app/_components/Navbar.tsx [Server Component]
    ./app/layout.tsx [Server Component]

  Client Component SSR:
    ./app/_components/NavLinksMobile.tsx [Client Component SSR]
    ./app/_components/Navbar.tsx [Client Component SSR]
    ./app/_components/Navbar.tsx [Server Component]
    ./app/layout.tsx [Server Component] @ http://localhost:3000/_next/static/chunks/node_modules_next_dist_0u_w_5s._.js:1945
[  242961ms] [ERROR] ./app/_components/NavLinksMobile.tsx:315:17
Expected '</', got 'ident'
  313 |                   be pinned to its dark rim rather than the page's. */}
  314 |               <CtaButton
> 315 |                 href={absPath(ctaLink.to)}
      |                 ^^^^
  316 |                 onClick={toggleNav}
  317 |                 size="sm"
  318 |                 className="liquid-glass--on-dark"

Parsing ecmascript source code failed

Import traces:
  Client Component Browser:
    ./app/_components/NavLinksMobile.tsx [Client Component Browser]
    ./app/_components/Navbar.tsx [Client Component Browser]
    ./app/_components/Navbar.tsx [Server Component]
    ./app/layout.tsx [Server Component]

  Client Component SSR:
    ./app/_components/NavLinksMobile.tsx [Client Component SSR]
    ./app/_components/Navbar.tsx [Client Component SSR]
    ./app/_components/Navbar.tsx [Server Component]
    ./app/layout.tsx [Server Component] @ http://localhost:3000/_next/static/chunks/node_modules_next_dist_0u_w_5s._.js:1945
[  243022ms] [ERROR] ./app/_components/NavLinksMobile.tsx:315:17
Expected '</', got 'ident'
  313 |                   be pinned to its dark rim rather than the page's. */}
  314 |               <CtaButton
> 315 |                 href={absPath(ctaLink.to)}
      |                 ^^^^
  316 |                 onClick={toggleNav}
  317 |                 size="sm"
  318 |                 className="liquid-glass--on-dark"

Parsing ecmascript source code failed

Import traces:
  Client Component Browser:
    ./app/_components/NavLinksMobile.tsx [Client Component Browser]
    ./app/_components/Navbar.tsx [Client Component Browser]
    ./app/_components/Navbar.tsx [Server Component]
    ./app/layout.tsx [Server Component]

  Client Component SSR:
    ./app/_components/NavLinksMobile.tsx [Client Component SSR]
    ./app/_components/Navbar.tsx [Client Component SSR]
    ./app/_components/Navbar.tsx [Server Component]
    ./app/layout.tsx [Server Component] @ http://localhost:3000/_next/static/chunks/node_modules_next_dist_0u_w_5s._.js:1945
[  243084ms] [ERROR] ./app/_components/NavLinksMobile.tsx:315:17
Expected '</', got 'ident'
  313 |                   be pinned to its dark rim rather than the page's. */}
  314 |               <CtaButton
> 315 |                 href={absPath(ctaLink.to)}
      |                 ^^^^
  316 |                 onClick={toggleNav}
  317 |                 size="sm"
  318 |                 className="liquid-glass--on-dark"

Parsing ecmascript source code failed

Import traces:
  Client Component Browser:
    ./app/_components/NavLinksMobile.tsx [Client Component Browser]
    ./app/_components/Navbar.tsx [Client Component Browser]
    ./app/_components/Navbar.tsx [Server Component]
    ./app/layout.tsx [Server Component]

  Client Component SSR:
    ./app/_components/NavLinksMobile.tsx [Client Component SSR]
    ./app/_components/Navbar.tsx [Client Component SSR]
    ./app/_components/Navbar.tsx [Server Component]
    ./app/layout.tsx [Server Component] @ http://localhost:3000/_next/static/chunks/node_modules_next_dist_0u_w_5s._.js:1945
[  243147ms] [ERROR] ./app/_components/NavLinksMobile.tsx:315:17
Expected '</', got 'ident'
  313 |                   be pinned to its dark rim rather than the page's. */}
  314 |               <CtaButton
> 315 |                 href={absPath(ctaLink.to)}
      |                 ^^^^
  316 |                 onClick={toggleNav}
  317 |                 size="sm"
  318 |                 className="liquid-glass--on-dark"

Parsing ecmascript source code failed

Import traces:
  Client Component Browser:
    ./app/_components/NavLinksMobile.tsx [Client Component Browser]
    ./app/_components/Navbar.tsx [Client Component Browser]
    ./app/_components/Navbar.tsx [Server Component]
    ./app/layout.tsx [Server Component]

  Client Component SSR:
    ./app/_components/NavLinksMobile.tsx [Client Component SSR]
    ./app/_components/Navbar.tsx [Client Component SSR]
    ./app/_components/Navbar.tsx [Server Component]
    ./app/layout.tsx [Server Component] @ http://localhost:3000/_next/static/chunks/node_modules_next_dist_0u_w_5s._.js:1945
[  243207ms] [ERROR] ./app/_components/NavLinksMobile.tsx:315:17
Expected '</', got 'ident'
  313 |                   be pinned to its dark rim rather than the page's. */}
  314 |               <CtaButton
> 315 |                 href={absPath(ctaLink.to)}
      |                 ^^^^
  316 |                 onClick={toggleNav}
  317 |                 size="sm"
  318 |                 className="liquid-glass--on-dark"

Parsing ecmascript source code failed

Import traces:
  Client Component Browser:
    ./app/_components/NavLinksMobile.tsx [Client Component Browser]
    ./app/_components/Navbar.tsx [Client Component Browser]
    ./app/_components/Navbar.tsx [Server Component]
    ./app/layout.tsx [Server Component]

  Client Component SSR:
    ./app/_components/NavLinksMobile.tsx [Client Component SSR]
    ./app/_components/Navbar.tsx [Client Component SSR]
    ./app/_components/Navbar.tsx [Server Component]
    ./app/layout.tsx [Server Component] @ http://localhost:3000/_next/static/chunks/node_modules_next_dist_0u_w_5s._.js:1945
[  243273ms] [ERROR] ./app/_components/NavLinksMobile.tsx:315:17
Expected '</', got 'ident'
  313 |                   be pinned to its dark rim rather than the page's. */}
  314 |               <CtaButton
> 315 |                 href={absPath(ctaLink.to)}
      |                 ^^^^
  316 |                 onClick={toggleNav}
  317 |                 size="sm"
  318 |                 className="liquid-glass--on-dark"

Parsing ecmascript source code failed

Import traces:
  Client Component Browser:
    ./app/_components/NavLinksMobile.tsx [Client Component Browser]
    ./app/_components/Navbar.tsx [Client Component Browser]
    ./app/_components/Navbar.tsx [Server Component]
    ./app/layout.tsx [Server Component]

  Client Component SSR:
    ./app/_components/NavLinksMobile.tsx [Client Component SSR]
    ./app/_components/Navbar.tsx [Client Component SSR]
    ./app/_components/Navbar.tsx [Server Component]
    ./app/layout.tsx [Server Component] @ http://localhost:3000/_next/static/chunks/node_modules_next_dist_0u_w_5s._.js:1945
[  243333ms] [ERROR] ./app/_components/NavLinksMobile.tsx:315:17
Expected '</', got 'ident'
  313 |                   be pinned to its dark rim rather than the page's. */}
  314 |               <CtaButton
> 315 |                 href={absPath(ctaLink.to)}
      |                 ^^^^
  316 |                 onClick={toggleNav}
  317 |                 size="sm"
  318 |                 className="liquid-glass--on-dark"

Parsing ecmascript source code failed

Import traces:
  Client Component Browser:
    ./app/_components/NavLinksMobile.tsx [Client Component Browser]
    ./app/_components/Navbar.tsx [Client Component Browser]
    ./app/_components/Navbar.tsx [Server Component]
    ./app/layout.tsx [Server Component]

  Client Component SSR:
    ./app/_components/NavLinksMobile.tsx [Client Component SSR]
    ./app/_components/Navbar.tsx [Client Component SSR]
    ./app/_components/Navbar.tsx [Server Component]
    ./app/layout.tsx [Server Component] @ http://localhost:3000/_next/static/chunks/node_modules_next_dist_0u_w_5s._.js:1945
[  243396ms] [ERROR] ./app/_components/NavLinksMobile.tsx:315:17
Expected '</', got 'ident'
  313 |                   be pinned to its dark rim rather than the page's. */}
  314 |               <CtaButton
> 315 |                 href={absPath(ctaLink.to)}
      |                 ^^^^
  316 |                 onClick={toggleNav}
  317 |                 size="sm"
  318 |                 className="liquid-glass--on-dark"

Parsing ecmascript source code failed

Import traces:
  Client Component Browser:
    ./app/_components/NavLinksMobile.tsx [Client Component Browser]
    ./app/_components/Navbar.tsx [Client Component Browser]
    ./app/_components/Navbar.tsx [Server Component]
    ./app/layout.tsx [Server Component]

  Client Component SSR:
    ./app/_components/NavLinksMobile.tsx [Client Component SSR]
    ./app/_components/Navbar.tsx [Client Component SSR]
    ./app/_components/Navbar.tsx [Server Component]
    ./app/layout.tsx [Server Component] @ http://localhost:3000/_next/static/chunks/node_modules_next_dist_0u_w_5s._.js:1945
[  243458ms] [ERROR] ./app/_components/NavLinksMobile.tsx:315:17
Expected '</', got 'ident'
  313 |                   be pinned to its dark rim rather than the page's. */}
  314 |               <CtaButton
> 315 |                 href={absPath(ctaLink.to)}
      |                 ^^^^
  316 |                 onClick={toggleNav}
  317 |                 size="sm"
  318 |                 className="liquid-glass--on-dark"

Parsing ecmascript source code failed

Import traces:
  Client Component Browser:
    ./app/_components/NavLinksMobile.tsx [Client Component Browser]
    ./app/_components/Navbar.tsx [Client Component Browser]
    ./app/_components/Navbar.tsx [Server Component]
    ./app/layout.tsx [Server Component]

  Client Component SSR:
    ./app/_components/NavLinksMobile.tsx [Client Component SSR]
    ./app/_components/Navbar.tsx [Client Component SSR]
    ./app/_components/Navbar.tsx [Server Component]
    ./app/layout.tsx [Server Component] @ http://localhost:3000/_next/static/chunks/node_modules_next_dist_0u_w_5s._.js:1945
[  243520ms] [ERROR] ./app/_components/NavLinksMobile.tsx:315:17
Expected '</', got 'ident'
  313 |                   be pinned to its dark rim rather than the page's. */}
  314 |               <CtaButton
> 315 |                 href={absPath(ctaLink.to)}
      |                 ^^^^
  316 |                 onClick={toggleNav}
  317 |                 size="sm"
  318 |                 className="liquid-glass--on-dark"

Parsing ecmascript source code failed

Import traces:
  Client Component Browser:
    ./app/_components/NavLinksMobile.tsx [Client Component Browser]
    ./app/_components/Navbar.tsx [Client Component Browser]
    ./app/_components/Navbar.tsx [Server Component]
    ./app/layout.tsx [Server Component]

  Client Component SSR:
    ./app/_components/NavLinksMobile.tsx [Client Component SSR]
    ./app/_components/Navbar.tsx [Client Component SSR]
    ./app/_components/Navbar.tsx [Server Component]
    ./app/layout.tsx [Server Component] @ http://localhost:3000/_next/static/chunks/node_modules_next_dist_0u_w_5s._.js:1945
[  243583ms] [ERROR] ./app/_components/NavLinksMobile.tsx:315:17
Expected '</', got 'ident'
  313 |                   be pinned to its dark rim rather than the page's. */}
  314 |               <CtaButton
> 315 |                 href={absPath(ctaLink.to)}
      |                 ^^^^
  316 |                 onClick={toggleNav}
  317 |                 size="sm"
  318 |                 className="liquid-glass--on-dark"

Parsing ecmascript source code failed

Import traces:
  Client Component Browser:
    ./app/_components/NavLinksMobile.tsx [Client Component Browser]
    ./app/_components/Navbar.tsx [Client Component Browser]
    ./app/_components/Navbar.tsx [Server Component]
    ./app/layout.tsx [Server Component]

  Client Component SSR:
    ./app/_components/NavLinksMobile.tsx [Client Component SSR]
    ./app/_components/Navbar.tsx [Client Component SSR]
    ./app/_components/Navbar.tsx [Server Component]
    ./app/layout.tsx [Server Component] @ http://localhost:3000/_next/static/chunks/node_modules_next_dist_0u_w_5s._.js:1945
[  243645ms] [ERROR] ./app/_components/NavLinksMobile.tsx:315:17
Expected '</', got 'ident'
  313 |                   be pinned to its dark rim rather than the page's. */}
  314 |               <CtaButton
> 315 |                 href={absPath(ctaLink.to)}
      |                 ^^^^
  316 |                 onClick={toggleNav}
  317 |                 size="sm"
  318 |                 className="liquid-glass--on-dark"

Parsing ecmascript source code failed

Import traces:
  Client Component Browser:
    ./app/_components/NavLinksMobile.tsx [Client Component Browser]
    ./app/_components/Navbar.tsx [Client Component Browser]
    ./app/_components/Navbar.tsx [Server Component]
    ./app/layout.tsx [Server Component]

  Client Component SSR:
    ./app/_components/NavLinksMobile.tsx [Client Component SSR]
    ./app/_components/Navbar.tsx [Client Component SSR]
    ./app/_components/Navbar.tsx [Server Component]
    ./app/layout.tsx [Server Component] @ http://localhost:3000/_next/static/chunks/node_modules_next_dist_0u_w_5s._.js:1945
[  243707ms] [ERROR] ./app/_components/NavLinksMobile.tsx:315:17
Expected '</', got 'ident'
  313 |                   be pinned to its dark rim rather than the page's. */}
  314 |               <CtaButton
> 315 |                 href={absPath(ctaLink.to)}
      |                 ^^^^
  316 |                 onClick={toggleNav}
  317 |                 size="sm"
  318 |                 className="liquid-glass--on-dark"

Parsing ecmascript source code failed

Import traces:
  Client Component Browser:
    ./app/_components/NavLinksMobile.tsx [Client Component Browser]
    ./app/_components/Navbar.tsx [Client Component Browser]
    ./app/_components/Navbar.tsx [Server Component]
    ./app/layout.tsx [Server Component]

  Client Component SSR:
    ./app/_components/NavLinksMobile.tsx [Client Component SSR]
    ./app/_components/Navbar.tsx [Client Component SSR]
    ./app/_components/Navbar.tsx [Server Component]
    ./app/layout.tsx [Server Component] @ http://localhost:3000/_next/static/chunks/node_modules_next_dist_0u_w_5s._.js:1945
[  243770ms] [ERROR] ./app/_components/NavLinksMobile.tsx:315:17
Expected '</', got 'ident'
  313 |                   be pinned to its dark rim rather than the page's. */}
  314 |               <CtaButton
> 315 |                 href={absPath(ctaLink.to)}
      |                 ^^^^
  316 |                 onClick={toggleNav}
  317 |                 size="sm"
  318 |                 className="liquid-glass--on-dark"

Parsing ecmascript source code failed

Import traces:
  Client Component Browser:
    ./app/_components/NavLinksMobile.tsx [Client Component Browser]
    ./app/_components/Navbar.tsx [Client Component Browser]
    ./app/_components/Navbar.tsx [Server Component]
    ./app/layout.tsx [Server Component]

  Client Component SSR:
    ./app/_components/NavLinksMobile.tsx [Client Component SSR]
    ./app/_components/Navbar.tsx [Client Component SSR]
    ./app/_components/Navbar.tsx [Server Component]
    ./app/layout.tsx [Server Component] @ http://localhost:3000/_next/static/chunks/node_modules_next_dist_0u_w_5s._.js:1945
[  243831ms] [ERROR] ./app/_components/NavLinksMobile.tsx:315:17
Expected '</', got 'ident'
  313 |                   be pinned to its dark rim rather than the page's. */}
  314 |               <CtaButton
> 315 |                 href={absPath(ctaLink.to)}
      |                 ^^^^
  316 |                 onClick={toggleNav}
  317 |                 size="sm"
  318 |                 className="liquid-glass--on-dark"

Parsing ecmascript source code failed

Import traces:
  Client Component Browser:
    ./app/_components/NavLinksMobile.tsx [Client Component Browser]
    ./app/_components/Navbar.tsx [Client Component Browser]
    ./app/_components/Navbar.tsx [Server Component]
    ./app/layout.tsx [Server Component]

  Client Component SSR:
    ./app/_components/NavLinksMobile.tsx [Client Component SSR]
    ./app/_components/Navbar.tsx [Client Component SSR]
    ./app/_components/Navbar.tsx [Server Component]
    ./app/layout.tsx [Server Component] @ http://localhost:3000/_next/static/chunks/node_modules_next_dist_0u_w_5s._.js:1945
[  243894ms] [ERROR] ./app/_components/NavLinksMobile.tsx:315:17
Expected '</', got 'ident'
  313 |                   be pinned to its dark rim rather than the page's. */}
  314 |               <CtaButton
> 315 |                 href={absPath(ctaLink.to)}
      |                 ^^^^
  316 |                 onClick={toggleNav}
  317 |                 size="sm"
  318 |                 className="liquid-glass--on-dark"

Parsing ecmascript source code failed

Import traces:
  Client Component Browser:
    ./app/_components/NavLinksMobile.tsx [Client Component Browser]
    ./app/_components/Navbar.tsx [Client Component Browser]
    ./app/_components/Navbar.tsx [Server Component]
    ./app/layout.tsx [Server Component]

  Client Component SSR:
    ./app/_components/NavLinksMobile.tsx [Client Component SSR]
    ./app/_components/Navbar.tsx [Client Component SSR]
    ./app/_components/Navbar.tsx [Server Component]
    ./app/layout.tsx [Server Component] @ http://localhost:3000/_next/static/chunks/node_modules_next_dist_0u_w_5s._.js:1945
[  243956ms] [ERROR] ./app/_components/NavLinksMobile.tsx:315:17
Expected '</', got 'ident'
  313 |                   be pinned to its dark rim rather than the page's. */}
  314 |               <CtaButton
> 315 |                 href={absPath(ctaLink.to)}
      |                 ^^^^
  316 |                 onClick={toggleNav}
  317 |                 size="sm"
  318 |                 className="liquid-glass--on-dark"

Parsing ecmascript source code failed

Import traces:
  Client Component Browser:
    ./app/_components/NavLinksMobile.tsx [Client Component Browser]
    ./app/_components/Navbar.tsx [Client Component Browser]
    ./app/_components/Navbar.tsx [Server Component]
    ./app/layout.tsx [Server Component]

  Client Component SSR:
    ./app/_components/NavLinksMobile.tsx [Client Component SSR]
    ./app/_components/Navbar.tsx [Client Component SSR]
    ./app/_components/Navbar.tsx [Server Component]
    ./app/layout.tsx [Server Component] @ http://localhost:3000/_next/static/chunks/node_modules_next_dist_0u_w_5s._.js:1945
[  244018ms] [ERROR] ./app/_components/NavLinksMobile.tsx:315:17
Expected '</', got 'ident'
  313 |                   be pinned to its dark rim rather than the page's. */}
  314 |               <CtaButton
> 315 |                 href={absPath(ctaLink.to)}
      |                 ^^^^
  316 |                 onClick={toggleNav}
  317 |                 size="sm"
  318 |                 className="liquid-glass--on-dark"

Parsing ecmascript source code failed

Import traces:
  Client Component Browser:
    ./app/_components/NavLinksMobile.tsx [Client Component Browser]
    ./app/_components/Navbar.tsx [Client Component Browser]
    ./app/_components/Navbar.tsx [Server Component]
    ./app/layout.tsx [Server Component]

  Client Component SSR:
    ./app/_components/NavLinksMobile.tsx [Client Component SSR]
    ./app/_components/Navbar.tsx [Client Component SSR]
    ./app/_components/Navbar.tsx [Server Component]
    ./app/layout.tsx [Server Component] @ http://localhost:3000/_next/static/chunks/node_modules_next_dist_0u_w_5s._.js:1945
[  244080ms] [ERROR] ./app/_components/NavLinksMobile.tsx:315:17
Expected '</', got 'ident'
  313 |                   be pinned to its dark rim rather than the page's. */}
  314 |               <CtaButton
> 315 |                 href={absPath(ctaLink.to)}
      |                 ^^^^
  316 |                 onClick={toggleNav}
  317 |                 size="sm"
  318 |                 className="liquid-glass--on-dark"

Parsing ecmascript source code failed

Import traces:
  Client Component Browser:
    ./app/_components/NavLinksMobile.tsx [Client Component Browser]
    ./app/_components/Navbar.tsx [Client Component Browser]
    ./app/_components/Navbar.tsx [Server Component]
    ./app/layout.tsx [Server Component]

  Client Component SSR:
    ./app/_components/NavLinksMobile.tsx [Client Component SSR]
    ./app/_components/Navbar.tsx [Client Component SSR]
    ./app/_components/Navbar.tsx [Server Component]
    ./app/layout.tsx [Server Component] @ http://localhost:3000/_next/static/chunks/node_modules_next_dist_0u_w_5s._.js:1945
[  244143ms] [ERROR] ./app/_components/NavLinksMobile.tsx:315:17
Expected '</', got 'ident'
  313 |                   be pinned to its dark rim rather than the page's. */}
  314 |               <CtaButton
> 315 |                 href={absPath(ctaLink.to)}
      |                 ^^^^
  316 |                 onClick={toggleNav}
  317 |                 size="sm"
  318 |                 className="liquid-glass--on-dark"

Parsing ecmascript source code failed

Import traces:
  Client Component Browser:
    ./app/_components/NavLinksMobile.tsx [Client Component Browser]
    ./app/_components/Navbar.tsx [Client Component Browser]
    ./app/_components/Navbar.tsx [Server Component]
    ./app/layout.tsx [Server Component]

  Client Component SSR:
    ./app/_components/NavLinksMobile.tsx [Client Component SSR]
    ./app/_components/Navbar.tsx [Client Component SSR]
    ./app/_components/Navbar.tsx [Server Component]
    ./app/layout.tsx [Server Component] @ http://localhost:3000/_next/static/chunks/node_modules_next_dist_0u_w_5s._.js:1945
[  244206ms] [ERROR] ./app/_components/NavLinksMobile.tsx:315:17
Expected '</', got 'ident'
  313 |                   be pinned to its dark rim rather than the page's. */}
  314 |               <CtaButton
> 315 |                 href={absPath(ctaLink.to)}
      |                 ^^^^
  316 |                 onClick={toggleNav}
  317 |                 size="sm"
  318 |                 className="liquid-glass--on-dark"

Parsing ecmascript source code failed

Import traces:
  Client Component Browser:
    ./app/_components/NavLinksMobile.tsx [Client Component Browser]
    ./app/_components/Navbar.tsx [Client Component Browser]
    ./app/_components/Navbar.tsx [Server Component]
    ./app/layout.tsx [Server Component]

  Client Component SSR:
    ./app/_components/NavLinksMobile.tsx [Client Component SSR]
    ./app/_components/Navbar.tsx [Client Component SSR]
    ./app/_components/Navbar.tsx [Server Component]
    ./app/layout.tsx [Server Component] @ http://localhost:3000/_next/static/chunks/node_modules_next_dist_0u_w_5s._.js:1945
[  244268ms] [ERROR] ./app/_components/NavLinksMobile.tsx:315:17
Expected '</', got 'ident'
  313 |                   be pinned to its dark rim rather than the page's. */}
  314 |               <CtaButton
> 315 |                 href={absPath(ctaLink.to)}
      |                 ^^^^
  316 |                 onClick={toggleNav}
  317 |                 size="sm"
  318 |                 className="liquid-glass--on-dark"

Parsing ecmascript source code failed

Import traces:
  Client Component Browser:
    ./app/_components/NavLinksMobile.tsx [Client Component Browser]
    ./app/_components/Navbar.tsx [Client Component Browser]
    ./app/_components/Navbar.tsx [Server Component]
    ./app/layout.tsx [Server Component]

  Client Component SSR:
    ./app/_components/NavLinksMobile.tsx [Client Component SSR]
    ./app/_components/Navbar.tsx [Client Component SSR]
    ./app/_components/Navbar.tsx [Server Component]
    ./app/layout.tsx [Server Component] @ http://localhost:3000/_next/static/chunks/node_modules_next_dist_0u_w_5s._.js:1945
[  244330ms] [ERROR] ./app/_components/NavLinksMobile.tsx:315:17
Expected '</', got 'ident'
  313 |                   be pinned to its dark rim rather than the page's. */}
  314 |               <CtaButton
> 315 |                 href={absPath(ctaLink.to)}
      |                 ^^^^
  316 |                 onClick={toggleNav}
  317 |                 size="sm"
  318 |                 className="liquid-glass--on-dark"

Parsing ecmascript source code failed

Import traces:
  Client Component Browser:
    ./app/_components/NavLinksMobile.tsx [Client Component Browser]
    ./app/_components/Navbar.tsx [Client Component Browser]
    ./app/_components/Navbar.tsx [Server Component]
    ./app/layout.tsx [Server Component]

  Client Component SSR:
    ./app/_components/NavLinksMobile.tsx [Client Component SSR]
    ./app/_components/Navbar.tsx [Client Component SSR]
    ./app/_components/Navbar.tsx [Server Component]
    ./app/layout.tsx [Server Component] @ http://localhost:3000/_next/static/chunks/node_modules_next_dist_0u_w_5s._.js:1945
[  244392ms] [ERROR] ./app/_components/NavLinksMobile.tsx:315:17
Expected '</', got 'ident'
  313 |                   be pinned to its dark rim rather than the page's. */}
  314 |               <CtaButton
> 315 |                 href={absPath(ctaLink.to)}
      |                 ^^^^
  316 |                 onClick={toggleNav}
  317 |                 size="sm"
  318 |                 className="liquid-glass--on-dark"

Parsing ecmascript source code failed

Import traces:
  Client Component Browser:
    ./app/_components/NavLinksMobile.tsx [Client Component Browser]
    ./app/_components/Navbar.tsx [Client Component Browser]
    ./app/_components/Navbar.tsx [Server Component]
    ./app/layout.tsx [Server Component]

  Client Component SSR:
    ./app/_components/NavLinksMobile.tsx [Client Component SSR]
    ./app/_components/Navbar.tsx [Client Component SSR]
    ./app/_components/Navbar.tsx [Server Component]
    ./app/layout.tsx [Server Component] @ http://localhost:3000/_next/static/chunks/node_modules_next_dist_0u_w_5s._.js:1945
[  244455ms] [ERROR] ./app/_components/NavLinksMobile.tsx:315:17
Expected '</', got 'ident'
  313 |                   be pinned to its dark rim rather than the page's. */}
  314 |               <CtaButton
> 315 |                 href={absPath(ctaLink.to)}
      |                 ^^^^
  316 |                 onClick={toggleNav}
  317 |                 size="sm"
  318 |                 className="liquid-glass--on-dark"

Parsing ecmascript source code failed

Import traces:
  Client Component Browser:
    ./app/_components/NavLinksMobile.tsx [Client Component Browser]
    ./app/_components/Navbar.tsx [Client Component Browser]
    ./app/_components/Navbar.tsx [Server Component]
    ./app/layout.tsx [Server Component]

  Client Component SSR:
    ./app/_components/NavLinksMobile.tsx [Client Component SSR]
    ./app/_components/Navbar.tsx [Client Component SSR]
    ./app/_components/Navbar.tsx [Server Component]
    ./app/layout.tsx [Server Component] @ http://localhost:3000/_next/static/chunks/node_modules_next_dist_0u_w_5s._.js:1945
[  244517ms] [ERROR] ./app/_components/NavLinksMobile.tsx:315:17
Expected '</', got 'ident'
  313 |                   be pinned to its dark rim rather than the page's. */}
  314 |               <CtaButton
> 315 |                 href={absPath(ctaLink.to)}
      |                 ^^^^
  316 |                 onClick={toggleNav}
  317 |                 size="sm"
  318 |                 className="liquid-glass--on-dark"

Parsing ecmascript source code failed

Import traces:
  Client Component Browser:
    ./app/_components/NavLinksMobile.tsx [Client Component Browser]
    ./app/_components/Navbar.tsx [Client Component Browser]
    ./app/_components/Navbar.tsx [Server Component]
    ./app/layout.tsx [Server Component]

  Client Component SSR:
    ./app/_components/NavLinksMobile.tsx [Client Component SSR]
    ./app/_components/Navbar.tsx [Client Component SSR]
    ./app/_components/Navbar.tsx [Server Component]
    ./app/layout.tsx [Server Component] @ http://localhost:3000/_next/static/chunks/node_modules_next_dist_0u_w_5s._.js:1945
[  244579ms] [ERROR] ./app/_components/NavLinksMobile.tsx:315:17
Expected '</', got 'ident'
  313 |                   be pinned to its dark rim rather than the page's. */}
  314 |               <CtaButton
> 315 |                 href={absPath(ctaLink.to)}
      |                 ^^^^
  316 |                 onClick={toggleNav}
  317 |                 size="sm"
  318 |                 className="liquid-glass--on-dark"

Parsing ecmascript source code failed

Import traces:
  Client Component Browser:
    ./app/_components/NavLinksMobile.tsx [Client Component Browser]
    ./app/_components/Navbar.tsx [Client Component Browser]
    ./app/_components/Navbar.tsx [Server Component]
    ./app/layout.tsx [Server Component]

  Client Component SSR:
    ./app/_components/NavLinksMobile.tsx [Client Component SSR]
    ./app/_components/Navbar.tsx [Client Component SSR]
    ./app/_components/Navbar.tsx [Server Component]
    ./app/layout.tsx [Server Component] @ http://localhost:3000/_next/static/chunks/node_modules_next_dist_0u_w_5s._.js:1945
[  244641ms] [ERROR] ./app/_components/NavLinksMobile.tsx:315:17
Expected '</', got 'ident'
  313 |                   be pinned to its dark rim rather than the page's. */}
  314 |               <CtaButton
> 315 |                 href={absPath(ctaLink.to)}
      |                 ^^^^
  316 |                 onClick={toggleNav}
  317 |                 size="sm"
  318 |                 className="liquid-glass--on-dark"

Parsing ecmascript source code failed

Import traces:
  Client Component Browser:
    ./app/_components/NavLinksMobile.tsx [Client Component Browser]
    ./app/_components/Navbar.tsx [Client Component Browser]
    ./app/_components/Navbar.tsx [Server Component]
    ./app/layout.tsx [Server Component]

  Client Component SSR:
    ./app/_components/NavLinksMobile.tsx [Client Component SSR]
    ./app/_components/Navbar.tsx [Client Component SSR]
    ./app/_components/Navbar.tsx [Server Component]
    ./app/layout.tsx [Server Component] @ http://localhost:3000/_next/static/chunks/node_modules_next_dist_0u_w_5s._.js:1945
[  244701ms] [ERROR] ./app/_components/NavLinksMobile.tsx:315:17
Expected '</', got 'ident'
  313 |                   be pinned to its dark rim rather than the page's. */}
  314 |               <CtaButton
> 315 |                 href={absPath(ctaLink.to)}
      |                 ^^^^
  316 |                 onClick={toggleNav}
  317 |                 size="sm"
  318 |                 className="liquid-glass--on-dark"

Parsing ecmascript source code failed

Import traces:
  Client Component Browser:
    ./app/_components/NavLinksMobile.tsx [Client Component Browser]
    ./app/_components/Navbar.tsx [Client Component Browser]
    ./app/_components/Navbar.tsx [Server Component]
    ./app/layout.tsx [Server Component]

  Client Component SSR:
    ./app/_components/NavLinksMobile.tsx [Client Component SSR]
    ./app/_components/Navbar.tsx [Client Component SSR]
    ./app/_components/Navbar.tsx [Server Component]
    ./app/layout.tsx [Server Component] @ http://localhost:3000/_next/static/chunks/node_modules_next_dist_0u_w_5s._.js:1945
[  244765ms] [ERROR] ./app/_components/NavLinksMobile.tsx:315:17
Expected '</', got 'ident'
  313 |                   be pinned to its dark rim rather than the page's. */}
  314 |               <CtaButton
> 315 |                 href={absPath(ctaLink.to)}
      |                 ^^^^
  316 |                 onClick={toggleNav}
  317 |                 size="sm"
  318 |                 className="liquid-glass--on-dark"

Parsing ecmascript source code failed

Import traces:
  Client Component Browser:
    ./app/_components/NavLinksMobile.tsx [Client Component Browser]
    ./app/_components/Navbar.tsx [Client Component Browser]
    ./app/_components/Navbar.tsx [Server Component]
    ./app/layout.tsx [Server Component]

  Client Component SSR:
    ./app/_components/NavLinksMobile.tsx [Client Component SSR]
    ./app/_components/Navbar.tsx [Client Component SSR]
    ./app/_components/Navbar.tsx [Server Component]
    ./app/layout.tsx [Server Component] @ http://localhost:3000/_next/static/chunks/node_modules_next_dist_0u_w_5s._.js:1945
[  244828ms] [ERROR] ./app/_components/NavLinksMobile.tsx:315:17
Expected '</', got 'ident'
  313 |                   be pinned to its dark rim rather than the page's. */}
  314 |               <CtaButton
> 315 |                 href={absPath(ctaLink.to)}
      |                 ^^^^
  316 |                 onClick={toggleNav}
  317 |                 size="sm"
  318 |                 className="liquid-glass--on-dark"

Parsing ecmascript source code failed

Import traces:
  Client Component Browser:
    ./app/_components/NavLinksMobile.tsx [Client Component Browser]
    ./app/_components/Navbar.tsx [Client Component Browser]
    ./app/_components/Navbar.tsx [Server Component]
    ./app/layout.tsx [Server Component]

  Client Component SSR:
    ./app/_components/NavLinksMobile.tsx [Client Component SSR]
    ./app/_components/Navbar.tsx [Client Component SSR]
    ./app/_components/Navbar.tsx [Server Component]
    ./app/layout.tsx [Server Component] @ http://localhost:3000/_next/static/chunks/node_modules_next_dist_0u_w_5s._.js:1945
[  244890ms] [ERROR] ./app/_components/NavLinksMobile.tsx:315:17
Expected '</', got 'ident'
  313 |                   be pinned to its dark rim rather than the page's. */}
  314 |               <CtaButton
> 315 |                 href={absPath(ctaLink.to)}
      |                 ^^^^
  316 |                 onClick={toggleNav}
  317 |                 size="sm"
  318 |                 className="liquid-glass--on-dark"

Parsing ecmascript source code failed

Import traces:
  Client Component Browser:
    ./app/_components/NavLinksMobile.tsx [Client Component Browser]
    ./app/_components/Navbar.tsx [Client Component Browser]
    ./app/_components/Navbar.tsx [Server Component]
    ./app/layout.tsx [Server Component]

  Client Component SSR:
    ./app/_components/NavLinksMobile.tsx [Client Component SSR]
    ./app/_components/Navbar.tsx [Client Component SSR]
    ./app/_components/Navbar.tsx [Server Component]
    ./app/layout.tsx [Server Component] @ http://localhost:3000/_next/static/chunks/node_modules_next_dist_0u_w_5s._.js:1945
[  244953ms] [ERROR] ./app/_components/NavLinksMobile.tsx:315:17
Expected '</', got 'ident'
  313 |                   be pinned to its dark rim rather than the page's. */}
  314 |               <CtaButton
> 315 |                 href={absPath(ctaLink.to)}
      |                 ^^^^
  316 |                 onClick={toggleNav}
  317 |                 size="sm"
  318 |                 className="liquid-glass--on-dark"

Parsing ecmascript source code failed

Import traces:
  Client Component Browser:
    ./app/_components/NavLinksMobile.tsx [Client Component Browser]
    ./app/_components/Navbar.tsx [Client Component Browser]
    ./app/_components/Navbar.tsx [Server Component]
    ./app/layout.tsx [Server Component]

  Client Component SSR:
    ./app/_components/NavLinksMobile.tsx [Client Component SSR]
    ./app/_components/Navbar.tsx [Client Component SSR]
    ./app/_components/Navbar.tsx [Server Component]
    ./app/layout.tsx [Server Component] @ http://localhost:3000/_next/static/chunks/node_modules_next_dist_0u_w_5s._.js:1945
[  245016ms] [ERROR] ./app/_components/NavLinksMobile.tsx:315:17
Expected '</', got 'ident'
  313 |                   be pinned to its dark rim rather than the page's. */}
  314 |               <CtaButton
> 315 |                 href={absPath(ctaLink.to)}
      |                 ^^^^
  316 |                 onClick={toggleNav}
  317 |                 size="sm"
  318 |                 className="liquid-glass--on-dark"

Parsing ecmascript source code failed

Import traces:
  Client Component Browser:
    ./app/_components/NavLinksMobile.tsx [Client Component Browser]
    ./app/_components/Navbar.tsx [Client Component Browser]
    ./app/_components/Navbar.tsx [Server Component]
    ./app/layout.tsx [Server Component]

  Client Component SSR:
    ./app/_components/NavLinksMobile.tsx [Client Component SSR]
    ./app/_components/Navbar.tsx [Client Component SSR]
    ./app/_components/Navbar.tsx [Server Component]
    ./app/layout.tsx [Server Component] @ http://localhost:3000/_next/static/chunks/node_modules_next_dist_0u_w_5s._.js:1945
[  245079ms] [ERROR] ./app/_components/NavLinksMobile.tsx:315:17
Expected '</', got 'ident'
  313 |                   be pinned to its dark rim rather than the page's. */}
  314 |               <CtaButton
> 315 |                 href={absPath(ctaLink.to)}
      |                 ^^^^
  316 |                 onClick={toggleNav}
  317 |                 size="sm"
  318 |                 className="liquid-glass--on-dark"

Parsing ecmascript source code failed

Import traces:
  Client Component Browser:
    ./app/_components/NavLinksMobile.tsx [Client Component Browser]
    ./app/_components/Navbar.tsx [Client Component Browser]
    ./app/_components/Navbar.tsx [Server Component]
    ./app/layout.tsx [Server Component]

  Client Component SSR:
    ./app/_components/NavLinksMobile.tsx [Client Component SSR]
    ./app/_components/Navbar.tsx [Client Component SSR]
    ./app/_components/Navbar.tsx [Server Component]
    ./app/layout.tsx [Server Component] @ http://localhost:3000/_next/static/chunks/node_modules_next_dist_0u_w_5s._.js:1945
[  245141ms] [ERROR] ./app/_components/NavLinksMobile.tsx:315:17
Expected '</', got 'ident'
  313 |                   be pinned to its dark rim rather than the page's. */}
  314 |               <CtaButton
> 315 |                 href={absPath(ctaLink.to)}
      |                 ^^^^
  316 |                 onClick={toggleNav}
  317 |                 size="sm"
  318 |                 className="liquid-glass--on-dark"

Parsing ecmascript source code failed

Import traces:
  Client Component Browser:
    ./app/_components/NavLinksMobile.tsx [Client Component Browser]
    ./app/_components/Navbar.tsx [Client Component Browser]
    ./app/_components/Navbar.tsx [Server Component]
    ./app/layout.tsx [Server Component]

  Client Component SSR:
    ./app/_components/NavLinksMobile.tsx [Client Component SSR]
    ./app/_components/Navbar.tsx [Client Component SSR]
    ./app/_components/Navbar.tsx [Server Component]
    ./app/layout.tsx [Server Component] @ http://localhost:3000/_next/static/chunks/node_modules_next_dist_0u_w_5s._.js:1945
[  245203ms] [ERROR] ./app/_components/NavLinksMobile.tsx:315:17
Expected '</', got 'ident'
  313 |                   be pinned to its dark rim rather than the page's. */}
  314 |               <CtaButton
> 315 |                 href={absPath(ctaLink.to)}
      |                 ^^^^
  316 |                 onClick={toggleNav}
  317 |                 size="sm"
  318 |                 className="liquid-glass--on-dark"

Parsing ecmascript source code failed

Import traces:
  Client Component Browser:
    ./app/_components/NavLinksMobile.tsx [Client Component Browser]
    ./app/_components/Navbar.tsx [Client Component Browser]
    ./app/_components/Navbar.tsx [Server Component]
    ./app/layout.tsx [Server Component]

  Client Component SSR:
    ./app/_components/NavLinksMobile.tsx [Client Component SSR]
    ./app/_components/Navbar.tsx [Client Component SSR]
    ./app/_components/Navbar.tsx [Server Component]
    ./app/layout.tsx [Server Component] @ http://localhost:3000/_next/static/chunks/node_modules_next_dist_0u_w_5s._.js:1945
[  245264ms] [ERROR] ./app/_components/NavLinksMobile.tsx:315:17
Expected '</', got 'ident'
  313 |                   be pinned to its dark rim rather than the page's. */}
  314 |               <CtaButton
> 315 |                 href={absPath(ctaLink.to)}
      |                 ^^^^
  316 |                 onClick={toggleNav}
  317 |                 size="sm"
  318 |                 className="liquid-glass--on-dark"

Parsing ecmascript source code failed

Import traces:
  Client Component Browser:
    ./app/_components/NavLinksMobile.tsx [Client Component Browser]
    ./app/_components/Navbar.tsx [Client Component Browser]
    ./app/_components/Navbar.tsx [Server Component]
    ./app/layout.tsx [Server Component]

  Client Component SSR:
    ./app/_components/NavLinksMobile.tsx [Client Component SSR]
    ./app/_components/Navbar.tsx [Client Component SSR]
    ./app/_components/Navbar.tsx [Server Component]
    ./app/layout.tsx [Server Component] @ http://localhost:3000/_next/static/chunks/node_modules_next_dist_0u_w_5s._.js:1945
[  245326ms] [ERROR] ./app/_components/NavLinksMobile.tsx:315:17
Expected '</', got 'ident'
  313 |                   be pinned to its dark rim rather than the page's. */}
  314 |               <CtaButton
> 315 |                 href={absPath(ctaLink.to)}
      |                 ^^^^
  316 |                 onClick={toggleNav}
  317 |                 size="sm"
  318 |                 className="liquid-glass--on-dark"

Parsing ecmascript source code failed

Import traces:
  Client Component Browser:
    ./app/_components/NavLinksMobile.tsx [Client Component Browser]
    ./app/_components/Navbar.tsx [Client Component Browser]
    ./app/_components/Navbar.tsx [Server Component]
    ./app/layout.tsx [Server Component]

  Client Component SSR:
    ./app/_components/NavLinksMobile.tsx [Client Component SSR]
    ./app/_components/Navbar.tsx [Client Component SSR]
    ./app/_components/Navbar.tsx [Server Component]
    ./app/layout.tsx [Server Component] @ http://localhost:3000/_next/static/chunks/node_modules_next_dist_0u_w_5s._.js:1945
[  245389ms] [ERROR] ./app/_components/NavLinksMobile.tsx:315:17
Expected '</', got 'ident'
  313 |                   be pinned to its dark rim rather than the page's. */}
  314 |               <CtaButton
> 315 |                 href={absPath(ctaLink.to)}
      |                 ^^^^
  316 |                 onClick={toggleNav}
  317 |                 size="sm"
  318 |                 className="liquid-glass--on-dark"

Parsing ecmascript source code failed

Import traces:
  Client Component Browser:
    ./app/_components/NavLinksMobile.tsx [Client Component Browser]
    ./app/_components/Navbar.tsx [Client Component Browser]
    ./app/_components/Navbar.tsx [Server Component]
    ./app/layout.tsx [Server Component]

  Client Component SSR:
    ./app/_components/NavLinksMobile.tsx [Client Component SSR]
    ./app/_components/Navbar.tsx [Client Component SSR]
    ./app/_components/Navbar.tsx [Server Component]
    ./app/layout.tsx [Server Component] @ http://localhost:3000/_next/static/chunks/node_modules_next_dist_0u_w_5s._.js:1945
[  245451ms] [ERROR] ./app/_components/NavLinksMobile.tsx:315:17
Expected '</', got 'ident'
  313 |                   be pinned to its dark rim rather than the page's. */}
  314 |               <CtaButton
> 315 |                 href={absPath(ctaLink.to)}
      |                 ^^^^
  316 |                 onClick={toggleNav}
  317 |                 size="sm"
  318 |                 className="liquid-glass--on-dark"

Parsing ecmascript source code failed

Import traces:
  Client Component Browser:
    ./app/_components/NavLinksMobile.tsx [Client Component Browser]
    ./app/_components/Navbar.tsx [Client Component Browser]
    ./app/_components/Navbar.tsx [Server Component]
    ./app/layout.tsx [Server Component]

  Client Component SSR:
    ./app/_components/NavLinksMobile.tsx [Client Component SSR]
    ./app/_components/Navbar.tsx [Client Component SSR]
    ./app/_components/Navbar.tsx [Server Component]
    ./app/layout.tsx [Server Component] @ http://localhost:3000/_next/static/chunks/node_modules_next_dist_0u_w_5s._.js:1945
[  245513ms] [ERROR] ./app/_components/NavLinksMobile.tsx:315:17
Expected '</', got 'ident'
  313 |                   be pinned to its dark rim rather than the page's. */}
  314 |               <CtaButton
> 315 |                 href={absPath(ctaLink.to)}
      |                 ^^^^
  316 |                 onClick={toggleNav}
  317 |                 size="sm"
  318 |                 className="liquid-glass--on-dark"

Parsing ecmascript source code failed

Import traces:
  Client Component Browser:
    ./app/_components/NavLinksMobile.tsx [Client Component Browser]
    ./app/_components/Navbar.tsx [Client Component Browser]
    ./app/_components/Navbar.tsx [Server Component]
    ./app/layout.tsx [Server Component]

  Client Component SSR:
    ./app/_components/NavLinksMobile.tsx [Client Component SSR]
    ./app/_components/Navbar.tsx [Client Component SSR]
    ./app/_components/Navbar.tsx [Server Component]
    ./app/layout.tsx [Server Component] @ http://localhost:3000/_next/static/chunks/node_modules_next_dist_0u_w_5s._.js:1945
[  245574ms] [ERROR] ./app/_components/NavLinksMobile.tsx:315:17
Expected '</', got 'ident'
  313 |                   be pinned to its dark rim rather than the page's. */}
  314 |               <CtaButton
> 315 |                 href={absPath(ctaLink.to)}
      |                 ^^^^
  316 |                 onClick={toggleNav}
  317 |                 size="sm"
  318 |                 className="liquid-glass--on-dark"

Parsing ecmascript source code failed

Import traces:
  Client Component Browser:
    ./app/_components/NavLinksMobile.tsx [Client Component Browser]
    ./app/_components/Navbar.tsx [Client Component Browser]
    ./app/_components/Navbar.tsx [Server Component]
    ./app/layout.tsx [Server Component]

  Client Component SSR:
    ./app/_components/NavLinksMobile.tsx [Client Component SSR]
    ./app/_components/Navbar.tsx [Client Component SSR]
    ./app/_components/Navbar.tsx [Server Component]
    ./app/layout.tsx [Server Component] @ http://localhost:3000/_next/static/chunks/node_modules_next_dist_0u_w_5s._.js:1945
[  245637ms] [ERROR] ./app/_components/NavLinksMobile.tsx:315:17
Expected '</', got 'ident'
  313 |                   be pinned to its dark rim rather than the page's. */}
  314 |               <CtaButton
> 315 |                 href={absPath(ctaLink.to)}
      |                 ^^^^
  316 |                 onClick={toggleNav}
  317 |                 size="sm"
  318 |                 className="liquid-glass--on-dark"

Parsing ecmascript source code failed

Import traces:
  Client Component Browser:
    ./app/_components/NavLinksMobile.tsx [Client Component Browser]
    ./app/_components/Navbar.tsx [Client Component Browser]
    ./app/_components/Navbar.tsx [Server Component]
    ./app/layout.tsx [Server Component]

  Client Component SSR:
    ./app/_components/NavLinksMobile.tsx [Client Component SSR]
    ./app/_components/Navbar.tsx [Client Component SSR]
    ./app/_components/Navbar.tsx [Server Component]
    ./app/layout.tsx [Server Component] @ http://localhost:3000/_next/static/chunks/node_modules_next_dist_0u_w_5s._.js:1945
[  245699ms] [ERROR] ./app/_components/NavLinksMobile.tsx:315:17
Expected '</', got 'ident'
  313 |                   be pinned to its dark rim rather than the page's. */}
  314 |               <CtaButton
> 315 |                 href={absPath(ctaLink.to)}
      |                 ^^^^
  316 |                 onClick={toggleNav}
  317 |                 size="sm"
  318 |                 className="liquid-glass--on-dark"

Parsing ecmascript source code failed

Import traces:
  Client Component Browser:
    ./app/_components/NavLinksMobile.tsx [Client Component Browser]
    ./app/_components/Navbar.tsx [Client Component Browser]
    ./app/_components/Navbar.tsx [Server Component]
    ./app/layout.tsx [Server Component]

  Client Component SSR:
    ./app/_components/NavLinksMobile.tsx [Client Component SSR]
    ./app/_components/Navbar.tsx [Client Component SSR]
    ./app/_components/Navbar.tsx [Server Component]
    ./app/layout.tsx [Server Component] @ http://localhost:3000/_next/static/chunks/node_modules_next_dist_0u_w_5s._.js:1945
[  245760ms] [ERROR] ./app/_components/NavLinksMobile.tsx:315:17
Expected '</', got 'ident'
  313 |                   be pinned to its dark rim rather than the page's. */}
  314 |               <CtaButton
> 315 |                 href={absPath(ctaLink.to)}
      |                 ^^^^
  316 |                 onClick={toggleNav}
  317 |                 size="sm"
  318 |                 className="liquid-glass--on-dark"

Parsing ecmascript source code failed

Import traces:
  Client Component Browser:
    ./app/_components/NavLinksMobile.tsx [Client Component Browser]
    ./app/_components/Navbar.tsx [Client Component Browser]
    ./app/_components/Navbar.tsx [Server Component]
    ./app/layout.tsx [Server Component]

  Client Component SSR:
    ./app/_components/NavLinksMobile.tsx [Client Component SSR]
    ./app/_components/Navbar.tsx [Client Component SSR]
    ./app/_components/Navbar.tsx [Server Component]
    ./app/layout.tsx [Server Component] @ http://localhost:3000/_next/static/chunks/node_modules_next_dist_0u_w_5s._.js:1945
[  245823ms] [ERROR] ./app/_components/NavLinksMobile.tsx:315:17
Expected '</', got 'ident'
  313 |                   be pinned to its dark rim rather than the page's. */}
  314 |               <CtaButton
> 315 |                 href={absPath(ctaLink.to)}
      |                 ^^^^
  316 |                 onClick={toggleNav}
  317 |                 size="sm"
  318 |                 className="liquid-glass--on-dark"

Parsing ecmascript source code failed

Import traces:
  Client Component Browser:
    ./app/_components/NavLinksMobile.tsx [Client Component Browser]
    ./app/_components/Navbar.tsx [Client Component Browser]
    ./app/_components/Navbar.tsx [Server Component]
    ./app/layout.tsx [Server Component]

  Client Component SSR:
    ./app/_components/NavLinksMobile.tsx [Client Component SSR]
    ./app/_components/Navbar.tsx [Client Component SSR]
    ./app/_components/Navbar.tsx [Server Component]
    ./app/layout.tsx [Server Component] @ http://localhost:3000/_next/static/chunks/node_modules_next_dist_0u_w_5s._.js:1945
[  245885ms] [ERROR] ./app/_components/NavLinksMobile.tsx:315:17
Expected '</', got 'ident'
  313 |                   be pinned to its dark rim rather than the page's. */}
  314 |               <CtaButton
> 315 |                 href={absPath(ctaLink.to)}
      |                 ^^^^
  316 |                 onClick={toggleNav}
  317 |                 size="sm"
  318 |                 className="liquid-glass--on-dark"

Parsing ecmascript source code failed

Import traces:
  Client Component Browser:
    ./app/_components/NavLinksMobile.tsx [Client Component Browser]
    ./app/_components/Navbar.tsx [Client Component Browser]
    ./app/_components/Navbar.tsx [Server Component]
    ./app/layout.tsx [Server Component]

  Client Component SSR:
    ./app/_components/NavLinksMobile.tsx [Client Component SSR]
    ./app/_components/Navbar.tsx [Client Component SSR]
    ./app/_components/Navbar.tsx [Server Component]
    ./app/layout.tsx [Server Component] @ http://localhost:3000/_next/static/chunks/node_modules_next_dist_0u_w_5s._.js:1945
[  245947ms] [ERROR] ./app/_components/NavLinksMobile.tsx:315:17
Expected '</', got 'ident'
  313 |                   be pinned to its dark rim rather than the page's. */}
  314 |               <CtaButton
> 315 |                 href={absPath(ctaLink.to)}
      |                 ^^^^
  316 |                 onClick={toggleNav}
  317 |                 size="sm"
  318 |                 className="liquid-glass--on-dark"

Parsing ecmascript source code failed

Import traces:
  Client Component Browser:
    ./app/_components/NavLinksMobile.tsx [Client Component Browser]
    ./app/_components/Navbar.tsx [Client Component Browser]
    ./app/_components/Navbar.tsx [Server Component]
    ./app/layout.tsx [Server Component]

  Client Component SSR:
    ./app/_components/NavLinksMobile.tsx [Client Component SSR]
    ./app/_components/Navbar.tsx [Client Component SSR]
    ./app/_components/Navbar.tsx [Server Component]
    ./app/layout.tsx [Server Component] @ http://localhost:3000/_next/static/chunks/node_modules_next_dist_0u_w_5s._.js:1945
[  246008ms] [ERROR] ./app/_components/NavLinksMobile.tsx:315:17
Expected '</', got 'ident'
  313 |                   be pinned to its dark rim rather than the page's. */}
  314 |               <CtaButton
> 315 |                 href={absPath(ctaLink.to)}
      |                 ^^^^
  316 |                 onClick={toggleNav}
  317 |                 size="sm"
  318 |                 className="liquid-glass--on-dark"

Parsing ecmascript source code failed

Import traces:
  Client Component Browser:
    ./app/_components/NavLinksMobile.tsx [Client Component Browser]
    ./app/_components/Navbar.tsx [Client Component Browser]
    ./app/_components/Navbar.tsx [Server Component]
    ./app/layout.tsx [Server Component]

  Client Component SSR:
    ./app/_components/NavLinksMobile.tsx [Client Component SSR]
    ./app/_components/Navbar.tsx [Client Component SSR]
    ./app/_components/Navbar.tsx [Server Component]
    ./app/layout.tsx [Server Component] @ http://localhost:3000/_next/static/chunks/node_modules_next_dist_0u_w_5s._.js:1945
[  246074ms] [ERROR] ./app/_components/NavLinksMobile.tsx:315:17
Expected '</', got 'ident'
  313 |                   be pinned to its dark rim rather than the page's. */}
  314 |               <CtaButton
> 315 |                 href={absPath(ctaLink.to)}
      |                 ^^^^
  316 |                 onClick={toggleNav}
  317 |                 size="sm"
  318 |                 className="liquid-glass--on-dark"

Parsing ecmascript source code failed

Import traces:
  Client Component Browser:
    ./app/_components/NavLinksMobile.tsx [Client Component Browser]
    ./app/_components/Navbar.tsx [Client Component Browser]
    ./app/_components/Navbar.tsx [Server Component]
    ./app/layout.tsx [Server Component]

  Client Component SSR:
    ./app/_components/NavLinksMobile.tsx [Client Component SSR]
    ./app/_components/Navbar.tsx [Client Component SSR]
    ./app/_components/Navbar.tsx [Server Component]
    ./app/layout.tsx [Server Component] @ http://localhost:3000/_next/static/chunks/node_modules_next_dist_0u_w_5s._.js:1945
[  246135ms] [ERROR] ./app/_components/NavLinksMobile.tsx:315:17
Expected '</', got 'ident'
  313 |                   be pinned to its dark rim rather than the page's. */}
  314 |               <CtaButton
> 315 |                 href={absPath(ctaLink.to)}
      |                 ^^^^
  316 |                 onClick={toggleNav}
  317 |                 size="sm"
  318 |                 className="liquid-glass--on-dark"

Parsing ecmascript source code failed

Import traces:
  Client Component Browser:
    ./app/_components/NavLinksMobile.tsx [Client Component Browser]
    ./app/_components/Navbar.tsx [Client Component Browser]
    ./app/_components/Navbar.tsx [Server Component]
    ./app/layout.tsx [Server Component]

  Client Component SSR:
    ./app/_components/NavLinksMobile.tsx [Client Component SSR]
    ./app/_components/Navbar.tsx [Client Component SSR]
    ./app/_components/Navbar.tsx [Server Component]
    ./app/layout.tsx [Server Component] @ http://localhost:3000/_next/static/chunks/node_modules_next_dist_0u_w_5s._.js:1945
[  246198ms] [ERROR] ./app/_components/NavLinksMobile.tsx:315:17
Expected '</', got 'ident'
  313 |                   be pinned to its dark rim rather than the page's. */}
  314 |               <CtaButton
> 315 |                 href={absPath(ctaLink.to)}
      |                 ^^^^
  316 |                 onClick={toggleNav}
  317 |                 size="sm"
  318 |                 className="liquid-glass--on-dark"

Parsing ecmascript source code failed

Import traces:
  Client Component Browser:
    ./app/_components/NavLinksMobile.tsx [Client Component Browser]
    ./app/_components/Navbar.tsx [Client Component Browser]
    ./app/_components/Navbar.tsx [Server Component]
    ./app/layout.tsx [Server Component]

  Client Component SSR:
    ./app/_components/NavLinksMobile.tsx [Client Component SSR]
    ./app/_components/Navbar.tsx [Client Component SSR]
    ./app/_components/Navbar.tsx [Server Component]
    ./app/layout.tsx [Server Component] @ http://localhost:3000/_next/static/chunks/node_modules_next_dist_0u_w_5s._.js:1945
[  246261ms] [ERROR] ./app/_components/NavLinksMobile.tsx:315:17
Expected '</', got 'ident'
  313 |                   be pinned to its dark rim rather than the page's. */}
  314 |               <CtaButton
> 315 |                 href={absPath(ctaLink.to)}
      |                 ^^^^
  316 |                 onClick={toggleNav}
  317 |                 size="sm"
  318 |                 className="liquid-glass--on-dark"

Parsing ecmascript source code failed

Import traces:
  Client Component Browser:
    ./app/_components/NavLinksMobile.tsx [Client Component Browser]
    ./app/_components/Navbar.tsx [Client Component Browser]
    ./app/_components/Navbar.tsx [Server Component]
    ./app/layout.tsx [Server Component]

  Client Component SSR:
    ./app/_components/NavLinksMobile.tsx [Client Component SSR]
    ./app/_components/Navbar.tsx [Client Component SSR]
    ./app/_components/Navbar.tsx [Server Component]
    ./app/layout.tsx [Server Component] @ http://localhost:3000/_next/static/chunks/node_modules_next_dist_0u_w_5s._.js:1945
[  246322ms] [ERROR] ./app/_components/NavLinksMobile.tsx:315:17
Expected '</', got 'ident'
  313 |                   be pinned to its dark rim rather than the page's. */}
  314 |               <CtaButton
> 315 |                 href={absPath(ctaLink.to)}
      |                 ^^^^
  316 |                 onClick={toggleNav}
  317 |                 size="sm"
  318 |                 className="liquid-glass--on-dark"

Parsing ecmascript source code failed

Import traces:
  Client Component Browser:
    ./app/_components/NavLinksMobile.tsx [Client Component Browser]
    ./app/_components/Navbar.tsx [Client Component Browser]
    ./app/_components/Navbar.tsx [Server Component]
    ./app/layout.tsx [Server Component]

  Client Component SSR:
    ./app/_components/NavLinksMobile.tsx [Client Component SSR]
    ./app/_components/Navbar.tsx [Client Component SSR]
    ./app/_components/Navbar.tsx [Server Component]
    ./app/layout.tsx [Server Component] @ http://localhost:3000/_next/static/chunks/node_modules_next_dist_0u_w_5s._.js:1945
[  246384ms] [ERROR] ./app/_components/NavLinksMobile.tsx:315:17
Expected '</', got 'ident'
  313 |                   be pinned to its dark rim rather than the page's. */}
  314 |               <CtaButton
> 315 |                 href={absPath(ctaLink.to)}
      |                 ^^^^
  316 |                 onClick={toggleNav}
  317 |                 size="sm"
  318 |                 className="liquid-glass--on-dark"

Parsing ecmascript source code failed

Import traces:
  Client Component Browser:
    ./app/_components/NavLinksMobile.tsx [Client Component Browser]
    ./app/_components/Navbar.tsx [Client Component Browser]
    ./app/_components/Navbar.tsx [Server Component]
    ./app/layout.tsx [Server Component]

  Client Component SSR:
    ./app/_components/NavLinksMobile.tsx [Client Component SSR]
    ./app/_components/Navbar.tsx [Client Component SSR]
    ./app/_components/Navbar.tsx [Server Component]
    ./app/layout.tsx [Server Component] @ http://localhost:3000/_next/static/chunks/node_modules_next_dist_0u_w_5s._.js:1945
[  246447ms] [ERROR] ./app/_components/NavLinksMobile.tsx:315:17
Expected '</', got 'ident'
  313 |                   be pinned to its dark rim rather than the page's. */}
  314 |               <CtaButton
> 315 |                 href={absPath(ctaLink.to)}
      |                 ^^^^
  316 |                 onClick={toggleNav}
  317 |                 size="sm"
  318 |                 className="liquid-glass--on-dark"

Parsing ecmascript source code failed

Import traces:
  Client Component Browser:
    ./app/_components/NavLinksMobile.tsx [Client Component Browser]
    ./app/_components/Navbar.tsx [Client Component Browser]
    ./app/_components/Navbar.tsx [Server Component]
    ./app/layout.tsx [Server Component]

  Client Component SSR:
    ./app/_components/NavLinksMobile.tsx [Client Component SSR]
    ./app/_components/Navbar.tsx [Client Component SSR]
    ./app/_components/Navbar.tsx [Server Component]
    ./app/layout.tsx [Server Component] @ http://localhost:3000/_next/static/chunks/node_modules_next_dist_0u_w_5s._.js:1945
[  246510ms] [ERROR] ./app/_components/NavLinksMobile.tsx:315:17
Expected '</', got 'ident'
  313 |                   be pinned to its dark rim rather than the page's. */}
  314 |               <CtaButton
> 315 |                 href={absPath(ctaLink.to)}
      |                 ^^^^
  316 |                 onClick={toggleNav}
  317 |                 size="sm"
  318 |                 className="liquid-glass--on-dark"

Parsing ecmascript source code failed

Import traces:
  Client Component Browser:
    ./app/_components/NavLinksMobile.tsx [Client Component Browser]
    ./app/_components/Navbar.tsx [Client Component Browser]
    ./app/_components/Navbar.tsx [Server Component]
    ./app/layout.tsx [Server Component]

  Client Component SSR:
    ./app/_components/NavLinksMobile.tsx [Client Component SSR]
    ./app/_components/Navbar.tsx [Client Component SSR]
    ./app/_components/Navbar.tsx [Server Component]
    ./app/layout.tsx [Server Component] @ http://localhost:3000/_next/static/chunks/node_modules_next_dist_0u_w_5s._.js:1945
[  246573ms] [ERROR] ./app/_components/NavLinksMobile.tsx:315:17
Expected '</', got 'ident'
  313 |                   be pinned to its dark rim rather than the page's. */}
  314 |               <CtaButton
> 315 |                 href={absPath(ctaLink.to)}
      |                 ^^^^
  316 |                 onClick={toggleNav}
  317 |                 size="sm"
  318 |                 className="liquid-glass--on-dark"

Parsing ecmascript source code failed

Import traces:
  Client Component Browser:
    ./app/_components/NavLinksMobile.tsx [Client Component Browser]
    ./app/_components/Navbar.tsx [Client Component Browser]
    ./app/_components/Navbar.tsx [Server Component]
    ./app/layout.tsx [Server Component]

  Client Component SSR:
    ./app/_components/NavLinksMobile.tsx [Client Component SSR]
    ./app/_components/Navbar.tsx [Client Component SSR]
    ./app/_components/Navbar.tsx [Server Component]
    ./app/layout.tsx [Server Component] @ http://localhost:3000/_next/static/chunks/node_modules_next_dist_0u_w_5s._.js:1945
[  246634ms] [ERROR] ./app/_components/NavLinksMobile.tsx:315:17
Expected '</', got 'ident'
  313 |                   be pinned to its dark rim rather than the page's. */}
  314 |               <CtaButton
> 315 |                 href={absPath(ctaLink.to)}
      |                 ^^^^
  316 |                 onClick={toggleNav}
  317 |                 size="sm"
  318 |                 className="liquid-glass--on-dark"

Parsing ecmascript source code failed

Import traces:
  Client Component Browser:
    ./app/_components/NavLinksMobile.tsx [Client Component Browser]
    ./app/_components/Navbar.tsx [Client Component Browser]
    ./app/_components/Navbar.tsx [Server Component]
    ./app/layout.tsx [Server Component]

  Client Component SSR:
    ./app/_components/NavLinksMobile.tsx [Client Component SSR]
    ./app/_components/Navbar.tsx [Client Component SSR]
    ./app/_components/Navbar.tsx [Server Component]
    ./app/layout.tsx [Server Component] @ http://localhost:3000/_next/static/chunks/node_modules_next_dist_0u_w_5s._.js:1945
[  246695ms] [ERROR] ./app/_components/NavLinksMobile.tsx:315:17
Expected '</', got 'ident'
  313 |                   be pinned to its dark rim rather than the page's. */}
  314 |               <CtaButton
> 315 |                 href={absPath(ctaLink.to)}
      |                 ^^^^
  316 |                 onClick={toggleNav}
  317 |                 size="sm"
  318 |                 className="liquid-glass--on-dark"

Parsing ecmascript source code failed

Import traces:
  Client Component Browser:
    ./app/_components/NavLinksMobile.tsx [Client Component Browser]
    ./app/_components/Navbar.tsx [Client Component Browser]
    ./app/_components/Navbar.tsx [Server Component]
    ./app/layout.tsx [Server Component]

  Client Component SSR:
    ./app/_components/NavLinksMobile.tsx [Client Component SSR]
    ./app/_components/Navbar.tsx [Client Component SSR]
    ./app/_components/Navbar.tsx [Server Component]
    ./app/layout.tsx [Server Component] @ http://localhost:3000/_next/static/chunks/node_modules_next_dist_0u_w_5s._.js:1945
[  246757ms] [ERROR] ./app/_components/NavLinksMobile.tsx:315:17
Expected '</', got 'ident'
  313 |                   be pinned to its dark rim rather than the page's. */}
  314 |               <CtaButton
> 315 |                 href={absPath(ctaLink.to)}
      |                 ^^^^
  316 |                 onClick={toggleNav}
  317 |                 size="sm"
  318 |                 className="liquid-glass--on-dark"

Parsing ecmascript source code failed

Import traces:
  Client Component Browser:
    ./app/_components/NavLinksMobile.tsx [Client Component Browser]
    ./app/_components/Navbar.tsx [Client Component Browser]
    ./app/_components/Navbar.tsx [Server Component]
    ./app/layout.tsx [Server Component]

  Client Component SSR:
    ./app/_components/NavLinksMobile.tsx [Client Component SSR]
    ./app/_components/Navbar.tsx [Client Component SSR]
    ./app/_components/Navbar.tsx [Server Component]
    ./app/layout.tsx [Server Component] @ http://localhost:3000/_next/static/chunks/node_modules_next_dist_0u_w_5s._.js:1945
[  246820ms] [ERROR] ./app/_components/NavLinksMobile.tsx:315:17
Expected '</', got 'ident'
  313 |                   be pinned to its dark rim rather than the page's. */}
  314 |               <CtaButton
> 315 |                 href={absPath(ctaLink.to)}
      |                 ^^^^
  316 |                 onClick={toggleNav}
  317 |                 size="sm"
  318 |                 className="liquid-glass--on-dark"

Parsing ecmascript source code failed

Import traces:
  Client Component Browser:
    ./app/_components/NavLinksMobile.tsx [Client Component Browser]
    ./app/_components/Navbar.tsx [Client Component Browser]
    ./app/_components/Navbar.tsx [Server Component]
    ./app/layout.tsx [Server Component]

  Client Component SSR:
    ./app/_components/NavLinksMobile.tsx [Client Component SSR]
    ./app/_components/Navbar.tsx [Client Component SSR]
    ./app/_components/Navbar.tsx [Server Component]
    ./app/layout.tsx [Server Component] @ http://localhost:3000/_next/static/chunks/node_modules_next_dist_0u_w_5s._.js:1945
[  246882ms] [ERROR] ./app/_components/NavLinksMobile.tsx:315:17
Expected '</', got 'ident'
  313 |                   be pinned to its dark rim rather than the page's. */}
  314 |               <CtaButton
> 315 |                 href={absPath(ctaLink.to)}
      |                 ^^^^
  316 |                 onClick={toggleNav}
  317 |                 size="sm"
  318 |                 className="liquid-glass--on-dark"

Parsing ecmascript source code failed

Import traces:
  Client Component Browser:
    ./app/_components/NavLinksMobile.tsx [Client Component Browser]
    ./app/_components/Navbar.tsx [Client Component Browser]
    ./app/_components/Navbar.tsx [Server Component]
    ./app/layout.tsx [Server Component]

  Client Component SSR:
    ./app/_components/NavLinksMobile.tsx [Client Component SSR]
    ./app/_components/Navbar.tsx [Client Component SSR]
    ./app/_components/Navbar.tsx [Server Component]
    ./app/layout.tsx [Server Component] @ http://localhost:3000/_next/static/chunks/node_modules_next_dist_0u_w_5s._.js:1945
[  246945ms] [ERROR] ./app/_components/NavLinksMobile.tsx:315:17
Expected '</', got 'ident'
  313 |                   be pinned to its dark rim rather than the page's. */}
  314 |               <CtaButton
> 315 |                 href={absPath(ctaLink.to)}
      |                 ^^^^
  316 |                 onClick={toggleNav}
  317 |                 size="sm"
  318 |                 className="liquid-glass--on-dark"

Parsing ecmascript source code failed

Import traces:
  Client Component Browser:
    ./app/_components/NavLinksMobile.tsx [Client Component Browser]
    ./app/_components/Navbar.tsx [Client Component Browser]
    ./app/_components/Navbar.tsx [Server Component]
    ./app/layout.tsx [Server Component]

  Client Component SSR:
    ./app/_components/NavLinksMobile.tsx [Client Component SSR]
    ./app/_components/Navbar.tsx [Client Component SSR]
    ./app/_components/Navbar.tsx [Server Component]
    ./app/layout.tsx [Server Component] @ http://localhost:3000/_next/static/chunks/node_modules_next_dist_0u_w_5s._.js:1945
[  247007ms] [ERROR] ./app/_components/NavLinksMobile.tsx:315:17
Expected '</', got 'ident'
  313 |                   be pinned to its dark rim rather than the page's. */}
  314 |               <CtaButton
> 315 |                 href={absPath(ctaLink.to)}
      |                 ^^^^
  316 |                 onClick={toggleNav}
  317 |                 size="sm"
  318 |                 className="liquid-glass--on-dark"

Parsing ecmascript source code failed

Import traces:
  Client Component Browser:
    ./app/_components/NavLinksMobile.tsx [Client Component Browser]
    ./app/_components/Navbar.tsx [Client Component Browser]
    ./app/_components/Navbar.tsx [Server Component]
    ./app/layout.tsx [Server Component]

  Client Component SSR:
    ./app/_components/NavLinksMobile.tsx [Client Component SSR]
    ./app/_components/Navbar.tsx [Client Component SSR]
    ./app/_components/Navbar.tsx [Server Component]
    ./app/layout.tsx [Server Component] @ http://localhost:3000/_next/static/chunks/node_modules_next_dist_0u_w_5s._.js:1945
[  247070ms] [ERROR] ./app/_components/NavLinksMobile.tsx:315:17
Expected '</', got 'ident'
  313 |                   be pinned to its dark rim rather than the page's. */}
  314 |               <CtaButton
> 315 |                 href={absPath(ctaLink.to)}
      |                 ^^^^
  316 |                 onClick={toggleNav}
  317 |                 size="sm"
  318 |                 className="liquid-glass--on-dark"

Parsing ecmascript source code failed

Import traces:
  Client Component Browser:
    ./app/_components/NavLinksMobile.tsx [Client Component Browser]
    ./app/_components/Navbar.tsx [Client Component Browser]
    ./app/_components/Navbar.tsx [Server Component]
    ./app/layout.tsx [Server Component]

  Client Component SSR:
    ./app/_components/NavLinksMobile.tsx [Client Component SSR]
    ./app/_components/Navbar.tsx [Client Component SSR]
    ./app/_components/Navbar.tsx [Server Component]
    ./app/layout.tsx [Server Component] @ http://localhost:3000/_next/static/chunks/node_modules_next_dist_0u_w_5s._.js:1945
[  247132ms] [ERROR] ./app/_components/NavLinksMobile.tsx:315:17
Expected '</', got 'ident'
  313 |                   be pinned to its dark rim rather than the page's. */}
  314 |               <CtaButton
> 315 |                 href={absPath(ctaLink.to)}
      |                 ^^^^
  316 |                 onClick={toggleNav}
  317 |                 size="sm"
  318 |                 className="liquid-glass--on-dark"

Parsing ecmascript source code failed

Import traces:
  Client Component Browser:
    ./app/_components/NavLinksMobile.tsx [Client Component Browser]
    ./app/_components/Navbar.tsx [Client Component Browser]
    ./app/_components/Navbar.tsx [Server Component]
    ./app/layout.tsx [Server Component]

  Client Component SSR:
    ./app/_components/NavLinksMobile.tsx [Client Component SSR]
    ./app/_components/Navbar.tsx [Client Component SSR]
    ./app/_components/Navbar.tsx [Server Component]
    ./app/layout.tsx [Server Component] @ http://localhost:3000/_next/static/chunks/node_modules_next_dist_0u_w_5s._.js:1945
[  247194ms] [ERROR] ./app/_components/NavLinksMobile.tsx:315:17
Expected '</', got 'ident'
  313 |                   be pinned to its dark rim rather than the page's. */}
  314 |               <CtaButton
> 315 |                 href={absPath(ctaLink.to)}
      |                 ^^^^
  316 |                 onClick={toggleNav}
  317 |                 size="sm"
  318 |                 className="liquid-glass--on-dark"

Parsing ecmascript source code failed

Import traces:
  Client Component Browser:
    ./app/_components/NavLinksMobile.tsx [Client Component Browser]
    ./app/_components/Navbar.tsx [Client Component Browser]
    ./app/_components/Navbar.tsx [Server Component]
    ./app/layout.tsx [Server Component]

  Client Component SSR:
    ./app/_components/NavLinksMobile.tsx [Client Component SSR]
    ./app/_components/Navbar.tsx [Client Component SSR]
    ./app/_components/Navbar.tsx [Server Component]
    ./app/layout.tsx [Server Component] @ http://localhost:3000/_next/static/chunks/node_modules_next_dist_0u_w_5s._.js:1945
[  247256ms] [ERROR] ./app/_components/NavLinksMobile.tsx:315:17
Expected '</', got 'ident'
  313 |                   be pinned to its dark rim rather than the page's. */}
  314 |               <CtaButton
> 315 |                 href={absPath(ctaLink.to)}
      |                 ^^^^
  316 |                 onClick={toggleNav}
  317 |                 size="sm"
  318 |                 className="liquid-glass--on-dark"

Parsing ecmascript source code failed

Import traces:
  Client Component Browser:
    ./app/_components/NavLinksMobile.tsx [Client Component Browser]
    ./app/_components/Navbar.tsx [Client Component Browser]
    ./app/_components/Navbar.tsx [Server Component]
    ./app/layout.tsx [Server Component]

  Client Component SSR:
    ./app/_components/NavLinksMobile.tsx [Client Component SSR]
    ./app/_components/Navbar.tsx [Client Component SSR]
    ./app/_components/Navbar.tsx [Server Component]
    ./app/layout.tsx [Server Component] @ http://localhost:3000/_next/static/chunks/node_modules_next_dist_0u_w_5s._.js:1945
[  247318ms] [ERROR] ./app/_components/NavLinksMobile.tsx:315:17
Expected '</', got 'ident'
  313 |                   be pinned to its dark rim rather than the page's. */}
  314 |               <CtaButton
> 315 |                 href={absPath(ctaLink.to)}
      |                 ^^^^
  316 |                 onClick={toggleNav}
  317 |                 size="sm"
  318 |                 className="liquid-glass--on-dark"

Parsing ecmascript source code failed

Import traces:
  Client Component Browser:
    ./app/_components/NavLinksMobile.tsx [Client Component Browser]
    ./app/_components/Navbar.tsx [Client Component Browser]
    ./app/_components/Navbar.tsx [Server Component]
    ./app/layout.tsx [Server Component]

  Client Component SSR:
    ./app/_components/NavLinksMobile.tsx [Client Component SSR]
    ./app/_components/Navbar.tsx [Client Component SSR]
    ./app/_components/Navbar.tsx [Server Component]
    ./app/layout.tsx [Server Component] @ http://localhost:3000/_next/static/chunks/node_modules_next_dist_0u_w_5s._.js:1945
[  247379ms] [ERROR] ./app/_components/NavLinksMobile.tsx:315:17
Expected '</', got 'ident'
  313 |                   be pinned to its dark rim rather than the page's. */}
  314 |               <CtaButton
> 315 |                 href={absPath(ctaLink.to)}
      |                 ^^^^
  316 |                 onClick={toggleNav}
  317 |                 size="sm"
  318 |                 className="liquid-glass--on-dark"

Parsing ecmascript source code failed

Import traces:
  Client Component Browser:
    ./app/_components/NavLinksMobile.tsx [Client Component Browser]
    ./app/_components/Navbar.tsx [Client Component Browser]
    ./app/_components/Navbar.tsx [Server Component]
    ./app/layout.tsx [Server Component]

  Client Component SSR:
    ./app/_components/NavLinksMobile.tsx [Client Component SSR]
    ./app/_components/Navbar.tsx [Client Component SSR]
    ./app/_components/Navbar.tsx [Server Component]
    ./app/layout.tsx [Server Component] @ http://localhost:3000/_next/static/chunks/node_modules_next_dist_0u_w_5s._.js:1945
[  247441ms] [ERROR] ./app/_components/NavLinksMobile.tsx:315:17
Expected '</', got 'ident'
  313 |                   be pinned to its dark rim rather than the page's. */}
  314 |               <CtaButton
> 315 |                 href={absPath(ctaLink.to)}
      |                 ^^^^
  316 |                 onClick={toggleNav}
  317 |                 size="sm"
  318 |                 className="liquid-glass--on-dark"

Parsing ecmascript source code failed

Import traces:
  Client Component Browser:
    ./app/_components/NavLinksMobile.tsx [Client Component Browser]
    ./app/_components/Navbar.tsx [Client Component Browser]
    ./app/_components/Navbar.tsx [Server Component]
    ./app/layout.tsx [Server Component]

  Client Component SSR:
    ./app/_components/NavLinksMobile.tsx [Client Component SSR]
    ./app/_components/Navbar.tsx [Client Component SSR]
    ./app/_components/Navbar.tsx [Server Component]
    ./app/layout.tsx [Server Component] @ http://localhost:3000/_next/static/chunks/node_modules_next_dist_0u_w_5s._.js:1945
[  247503ms] [ERROR] ./app/_components/NavLinksMobile.tsx:315:17
Expected '</', got 'ident'
  313 |                   be pinned to its dark rim rather than the page's. */}
  314 |               <CtaButton
> 315 |                 href={absPath(ctaLink.to)}
      |                 ^^^^
  316 |                 onClick={toggleNav}
  317 |                 size="sm"
  318 |                 className="liquid-glass--on-dark"

Parsing ecmascript source code failed

Import traces:
  Client Component Browser:
    ./app/_components/NavLinksMobile.tsx [Client Component Browser]
    ./app/_components/Navbar.tsx [Client Component Browser]
    ./app/_components/Navbar.tsx [Server Component]
    ./app/layout.tsx [Server Component]

  Client Component SSR:
    ./app/_components/NavLinksMobile.tsx [Client Component SSR]
    ./app/_components/Navbar.tsx [Client Component SSR]
    ./app/_components/Navbar.tsx [Server Component]
    ./app/layout.tsx [Server Component] @ http://localhost:3000/_next/static/chunks/node_modules_next_dist_0u_w_5s._.js:1945
[  247564ms] [ERROR] ./app/_components/NavLinksMobile.tsx:315:17
Expected '</', got 'ident'
  313 |                   be pinned to its dark rim rather than the page's. */}
  314 |               <CtaButton
> 315 |                 href={absPath(ctaLink.to)}
      |                 ^^^^
  316 |                 onClick={toggleNav}
  317 |                 size="sm"
  318 |                 className="liquid-glass--on-dark"

Parsing ecmascript source code failed

Import traces:
  Client Component Browser:
    ./app/_components/NavLinksMobile.tsx [Client Component Browser]
    ./app/_components/Navbar.tsx [Client Component Browser]
    ./app/_components/Navbar.tsx [Server Component]
    ./app/layout.tsx [Server Component]

  Client Component SSR:
    ./app/_components/NavLinksMobile.tsx [Client Component SSR]
    ./app/_components/Navbar.tsx [Client Component SSR]
    ./app/_components/Navbar.tsx [Server Component]
    ./app/layout.tsx [Server Component] @ http://localhost:3000/_next/static/chunks/node_modules_next_dist_0u_w_5s._.js:1945
[  247627ms] [ERROR] ./app/_components/NavLinksMobile.tsx:315:17
Expected '</', got 'ident'
  313 |                   be pinned to its dark rim rather than the page's. */}
  314 |               <CtaButton
> 315 |                 href={absPath(ctaLink.to)}
      |                 ^^^^
  316 |                 onClick={toggleNav}
  317 |                 size="sm"
  318 |                 className="liquid-glass--on-dark"

Parsing ecmascript source code failed

Import traces:
  Client Component Browser:
    ./app/_components/NavLinksMobile.tsx [Client Component Browser]
    ./app/_components/Navbar.tsx [Client Component Browser]
    ./app/_components/Navbar.tsx [Server Component]
    ./app/layout.tsx [Server Component]

  Client Component SSR:
    ./app/_components/NavLinksMobile.tsx [Client Component SSR]
    ./app/_components/Navbar.tsx [Client Component SSR]
    ./app/_components/Navbar.tsx [Server Component]
    ./app/layout.tsx [Server Component] @ http://localhost:3000/_next/static/chunks/node_modules_next_dist_0u_w_5s._.js:1945
[  247689ms] [ERROR] ./app/_components/NavLinksMobile.tsx:315:17
Expected '</', got 'ident'
  313 |                   be pinned to its dark rim rather than the page's. */}
  314 |               <CtaButton
> 315 |                 href={absPath(ctaLink.to)}
      |                 ^^^^
  316 |                 onClick={toggleNav}
  317 |                 size="sm"
  318 |                 className="liquid-glass--on-dark"

Parsing ecmascript source code failed

Import traces:
  Client Component Browser:
    ./app/_components/NavLinksMobile.tsx [Client Component Browser]
    ./app/_components/Navbar.tsx [Client Component Browser]
    ./app/_components/Navbar.tsx [Server Component]
    ./app/layout.tsx [Server Component]

  Client Component SSR:
    ./app/_components/NavLinksMobile.tsx [Client Component SSR]
    ./app/_components/Navbar.tsx [Client Component SSR]
    ./app/_components/Navbar.tsx [Server Component]
    ./app/layout.tsx [Server Component] @ http://localhost:3000/_next/static/chunks/node_modules_next_dist_0u_w_5s._.js:1945
[  247752ms] [ERROR] ./app/_components/NavLinksMobile.tsx:315:17
Expected '</', got 'ident'
  313 |                   be pinned to its dark rim rather than the page's. */}
  314 |               <CtaButton
> 315 |                 href={absPath(ctaLink.to)}
      |                 ^^^^
  316 |                 onClick={toggleNav}
  317 |                 size="sm"
  318 |                 className="liquid-glass--on-dark"

Parsing ecmascript source code failed

Import traces:
  Client Component Browser:
    ./app/_components/NavLinksMobile.tsx [Client Component Browser]
    ./app/_components/Navbar.tsx [Client Component Browser]
    ./app/_components/Navbar.tsx [Server Component]
    ./app/layout.tsx [Server Component]

  Client Component SSR:
    ./app/_components/NavLinksMobile.tsx [Client Component SSR]
    ./app/_components/Navbar.tsx [Client Component SSR]
    ./app/_components/Navbar.tsx [Server Component]
    ./app/layout.tsx [Server Component] @ http://localhost:3000/_next/static/chunks/node_modules_next_dist_0u_w_5s._.js:1945
[  247814ms] [ERROR] ./app/_components/NavLinksMobile.tsx:315:17
Expected '</', got 'ident'
  313 |                   be pinned to its dark rim rather than the page's. */}
  314 |               <CtaButton
> 315 |                 href={absPath(ctaLink.to)}
      |                 ^^^^
  316 |                 onClick={toggleNav}
  317 |                 size="sm"
  318 |                 className="liquid-glass--on-dark"

Parsing ecmascript source code failed

Import traces:
  Client Component Browser:
    ./app/_components/NavLinksMobile.tsx [Client Component Browser]
    ./app/_components/Navbar.tsx [Client Component Browser]
    ./app/_components/Navbar.tsx [Server Component]
    ./app/layout.tsx [Server Component]

  Client Component SSR:
    ./app/_components/NavLinksMobile.tsx [Client Component SSR]
    ./app/_components/Navbar.tsx [Client Component SSR]
    ./app/_components/Navbar.tsx [Server Component]
    ./app/layout.tsx [Server Component] @ http://localhost:3000/_next/static/chunks/node_modules_next_dist_0u_w_5s._.js:1945
[  247876ms] [ERROR] ./app/_components/NavLinksMobile.tsx:315:17
Expected '</', got 'ident'
  313 |                   be pinned to its dark rim rather than the page's. */}
  314 |               <CtaButton
> 315 |                 href={absPath(ctaLink.to)}
      |                 ^^^^
  316 |                 onClick={toggleNav}
  317 |                 size="sm"
  318 |                 className="liquid-glass--on-dark"

Parsing ecmascript source code failed

Import traces:
  Client Component Browser:
    ./app/_components/NavLinksMobile.tsx [Client Component Browser]
    ./app/_components/Navbar.tsx [Client Component Browser]
    ./app/_components/Navbar.tsx [Server Component]
    ./app/layout.tsx [Server Component]

  Client Component SSR:
    ./app/_components/NavLinksMobile.tsx [Client Component SSR]
    ./app/_components/Navbar.tsx [Client Component SSR]
    ./app/_components/Navbar.tsx [Server Component]
    ./app/layout.tsx [Server Component] @ http://localhost:3000/_next/static/chunks/node_modules_next_dist_0u_w_5s._.js:1945
[  247937ms] [ERROR] ./app/_components/NavLinksMobile.tsx:315:17
Expected '</', got 'ident'
  313 |                   be pinned to its dark rim rather than the page's. */}
  314 |               <CtaButton
> 315 |                 href={absPath(ctaLink.to)}
      |                 ^^^^
  316 |                 onClick={toggleNav}
  317 |                 size="sm"
  318 |                 className="liquid-glass--on-dark"

Parsing ecmascript source code failed

Import traces:
  Client Component Browser:
    ./app/_components/NavLinksMobile.tsx [Client Component Browser]
    ./app/_components/Navbar.tsx [Client Component Browser]
    ./app/_components/Navbar.tsx [Server Component]
    ./app/layout.tsx [Server Component]

  Client Component SSR:
    ./app/_components/NavLinksMobile.tsx [Client Component SSR]
    ./app/_components/Navbar.tsx [Client Component SSR]
    ./app/_components/Navbar.tsx [Server Component]
    ./app/layout.tsx [Server Component] @ http://localhost:3000/_next/static/chunks/node_modules_next_dist_0u_w_5s._.js:1945
[  247998ms] [ERROR] ./app/_components/NavLinksMobile.tsx:315:17
Expected '</', got 'ident'
  313 |                   be pinned to its dark rim rather than the page's. */}
  314 |               <CtaButton
> 315 |                 href={absPath(ctaLink.to)}
      |                 ^^^^
  316 |                 onClick={toggleNav}
  317 |                 size="sm"
  318 |                 className="liquid-glass--on-dark"

Parsing ecmascript source code failed

Import traces:
  Client Component Browser:
    ./app/_components/NavLinksMobile.tsx [Client Component Browser]
    ./app/_components/Navbar.tsx [Client Component Browser]
    ./app/_components/Navbar.tsx [Server Component]
    ./app/layout.tsx [Server Component]

  Client Component SSR:
    ./app/_components/NavLinksMobile.tsx [Client Component SSR]
    ./app/_components/Navbar.tsx [Client Component SSR]
    ./app/_components/Navbar.tsx [Server Component]
    ./app/layout.tsx [Server Component] @ http://localhost:3000/_next/static/chunks/node_modules_next_dist_0u_w_5s._.js:1945
[  248061ms] [ERROR] ./app/_components/NavLinksMobile.tsx:315:17
Expected '</', got 'ident'
  313 |                   be pinned to its dark rim rather than the page's. */}
  314 |               <CtaButton
> 315 |                 href={absPath(ctaLink.to)}
      |                 ^^^^
  316 |                 onClick={toggleNav}
  317 |                 size="sm"
  318 |                 className="liquid-glass--on-dark"

Parsing ecmascript source code failed

Import traces:
  Client Component Browser:
    ./app/_components/NavLinksMobile.tsx [Client Component Browser]
    ./app/_components/Navbar.tsx [Client Component Browser]
    ./app/_components/Navbar.tsx [Server Component]
    ./app/layout.tsx [Server Component]

  Client Component SSR:
    ./app/_components/NavLinksMobile.tsx [Client Component SSR]
    ./app/_components/Navbar.tsx [Client Component SSR]
    ./app/_components/Navbar.tsx [Server Component]
    ./app/layout.tsx [Server Component] @ http://localhost:3000/_next/static/chunks/node_modules_next_dist_0u_w_5s._.js:1945
[  248122ms] [ERROR] ./app/_components/NavLinksMobile.tsx:315:17
Expected '</', got 'ident'
  313 |                   be pinned to its dark rim rather than the page's. */}
  314 |               <CtaButton
> 315 |                 href={absPath(ctaLink.to)}
      |                 ^^^^
  316 |                 onClick={toggleNav}
  317 |                 size="sm"
  318 |                 className="liquid-glass--on-dark"

Parsing ecmascript source code failed

Import traces:
  Client Component Browser:
    ./app/_components/NavLinksMobile.tsx [Client Component Browser]
    ./app/_components/Navbar.tsx [Client Component Browser]
    ./app/_components/Navbar.tsx [Server Component]
    ./app/layout.tsx [Server Component]

  Client Component SSR:
    ./app/_components/NavLinksMobile.tsx [Client Component SSR]
    ./app/_components/Navbar.tsx [Client Component SSR]
    ./app/_components/Navbar.tsx [Server Component]
    ./app/layout.tsx [Server Component] @ http://localhost:3000/_next/static/chunks/node_modules_next_dist_0u_w_5s._.js:1945
[  248184ms] [ERROR] ./app/_components/NavLinksMobile.tsx:315:17
Expected '</', got 'ident'
  313 |                   be pinned to its dark rim rather than the page's. */}
  314 |               <CtaButton
> 315 |                 href={absPath(ctaLink.to)}
      |                 ^^^^
  316 |                 onClick={toggleNav}
  317 |                 size="sm"
  318 |                 className="liquid-glass--on-dark"

Parsing ecmascript source code failed

Import traces:
  Client Component Browser:
    ./app/_components/NavLinksMobile.tsx [Client Component Browser]
    ./app/_components/Navbar.tsx [Client Component Browser]
    ./app/_components/Navbar.tsx [Server Component]
    ./app/layout.tsx [Server Component]

  Client Component SSR:
    ./app/_components/NavLinksMobile.tsx [Client Component SSR]
    ./app/_components/Navbar.tsx [Client Component SSR]
    ./app/_components/Navbar.tsx [Server Component]
    ./app/layout.tsx [Server Component] @ http://localhost:3000/_next/static/chunks/node_modules_next_dist_0u_w_5s._.js:1945
[  248246ms] [ERROR] ./app/_components/NavLinksMobile.tsx:315:17
Expected '</', got 'ident'
  313 |                   be pinned to its dark rim rather than the page's. */}
  314 |               <CtaButton
> 315 |                 href={absPath(ctaLink.to)}
      |                 ^^^^
  316 |                 onClick={toggleNav}
  317 |                 size="sm"
  318 |                 className="liquid-glass--on-dark"

Parsing ecmascript source code failed

Import traces:
  Client Component Browser:
    ./app/_components/NavLinksMobile.tsx [Client Component Browser]
    ./app/_components/Navbar.tsx [Client Component Browser]
    ./app/_components/Navbar.tsx [Server Component]
    ./app/layout.tsx [Server Component]

  Client Component SSR:
    ./app/_components/NavLinksMobile.tsx [Client Component SSR]
    ./app/_components/Navbar.tsx [Client Component SSR]
    ./app/_components/Navbar.tsx [Server Component]
    ./app/layout.tsx [Server Component] @ http://localhost:3000/_next/static/chunks/node_modules_next_dist_0u_w_5s._.js:1945
[  248308ms] [ERROR] ./app/_components/NavLinksMobile.tsx:315:17
Expected '</', got 'ident'
  313 |                   be pinned to its dark rim rather than the page's. */}
  314 |               <CtaButton
> 315 |                 href={absPath(ctaLink.to)}
      |                 ^^^^
  316 |                 onClick={toggleNav}
  317 |                 size="sm"
  318 |                 className="liquid-glass--on-dark"

Parsing ecmascript source code failed

Import traces:
  Client Component Browser:
    ./app/_components/NavLinksMobile.tsx [Client Component Browser]
    ./app/_components/Navbar.tsx [Client Component Browser]
    ./app/_components/Navbar.tsx [Server Component]
    ./app/layout.tsx [Server Component]

  Client Component SSR:
    ./app/_components/NavLinksMobile.tsx [Client Component SSR]
    ./app/_components/Navbar.tsx [Client Component SSR]
    ./app/_components/Navbar.tsx [Server Component]
    ./app/layout.tsx [Server Component] @ http://localhost:3000/_next/static/chunks/node_modules_next_dist_0u_w_5s._.js:1945
[  248373ms] [ERROR] ./app/_components/NavLinksMobile.tsx:315:17
Expected '</', got 'ident'
  313 |                   be pinned to its dark rim rather than the page's. */}
  314 |               <CtaButton
> 315 |                 href={absPath(ctaLink.to)}
      |                 ^^^^
  316 |                 onClick={toggleNav}
  317 |                 size="sm"
  318 |                 className="liquid-glass--on-dark"

Parsing ecmascript source code failed

Import traces:
  Client Component Browser:
    ./app/_components/NavLinksMobile.tsx [Client Component Browser]
    ./app/_components/Navbar.tsx [Client Component Browser]
    ./app/_components/Navbar.tsx [Server Component]
    ./app/layout.tsx [Server Component]

  Client Component SSR:
    ./app/_components/NavLinksMobile.tsx [Client Component SSR]
    ./app/_components/Navbar.tsx [Client Component SSR]
    ./app/_components/Navbar.tsx [Server Component]
    ./app/layout.tsx [Server Component] @ http://localhost:3000/_next/static/chunks/node_modules_next_dist_0u_w_5s._.js:1945
[  248433ms] [ERROR] ./app/_components/NavLinksMobile.tsx:315:17
Expected '</', got 'ident'
  313 |                   be pinned to its dark rim rather than the page's. */}
  314 |               <CtaButton
> 315 |                 href={absPath(ctaLink.to)}
      |                 ^^^^
  316 |                 onClick={toggleNav}
  317 |                 size="sm"
  318 |                 className="liquid-glass--on-dark"

Parsing ecmascript source code failed

Import traces:
  Client Component Browser:
    ./app/_components/NavLinksMobile.tsx [Client Component Browser]
    ./app/_components/Navbar.tsx [Client Component Browser]
    ./app/_components/Navbar.tsx [Server Component]
    ./app/layout.tsx [Server Component]

  Client Component SSR:
    ./app/_components/NavLinksMobile.tsx [Client Component SSR]
    ./app/_components/Navbar.tsx [Client Component SSR]
    ./app/_components/Navbar.tsx [Server Component]
    ./app/layout.tsx [Server Component] @ http://localhost:3000/_next/static/chunks/node_modules_next_dist_0u_w_5s._.js:1945
[  248496ms] [ERROR] ./app/_components/NavLinksMobile.tsx:315:17
Expected '</', got 'ident'
  313 |                   be pinned to its dark rim rather than the page's. */}
  314 |               <CtaButton
> 315 |                 href={absPath(ctaLink.to)}
      |                 ^^^^
  316 |                 onClick={toggleNav}
  317 |                 size="sm"
  318 |                 className="liquid-glass--on-dark"

Parsing ecmascript source code failed

Import traces:
  Client Component Browser:
    ./app/_components/NavLinksMobile.tsx [Client Component Browser]
    ./app/_components/Navbar.tsx [Client Component Browser]
    ./app/_components/Navbar.tsx [Server Component]
    ./app/layout.tsx [Server Component]

  Client Component SSR:
    ./app/_components/NavLinksMobile.tsx [Client Component SSR]
    ./app/_components/Navbar.tsx [Client Component SSR]
    ./app/_components/Navbar.tsx [Server Component]
    ./app/layout.tsx [Server Component] @ http://localhost:3000/_next/static/chunks/node_modules_next_dist_0u_w_5s._.js:1945
[  248560ms] [ERROR] ./app/_components/NavLinksMobile.tsx:315:17
Expected '</', got 'ident'
  313 |                   be pinned to its dark rim rather than the page's. */}
  314 |               <CtaButton
> 315 |                 href={absPath(ctaLink.to)}
      |                 ^^^^
  316 |                 onClick={toggleNav}
  317 |                 size="sm"
  318 |                 className="liquid-glass--on-dark"

Parsing ecmascript source code failed

Import traces:
  Client Component Browser:
    ./app/_components/NavLinksMobile.tsx [Client Component Browser]
    ./app/_components/Navbar.tsx [Client Component Browser]
    ./app/_components/Navbar.tsx [Server Component]
    ./app/layout.tsx [Server Component]

  Client Component SSR:
    ./app/_components/NavLinksMobile.tsx [Client Component SSR]
    ./app/_components/Navbar.tsx [Client Component SSR]
    ./app/_components/Navbar.tsx [Server Component]
    ./app/layout.tsx [Server Component] @ http://localhost:3000/_next/static/chunks/node_modules_next_dist_0u_w_5s._.js:1945
[  248624ms] [ERROR] ./app/_components/NavLinksMobile.tsx:315:17
Expected '</', got 'ident'
  313 |                   be pinned to its dark rim rather than the page's. */}
  314 |               <CtaButton
> 315 |                 href={absPath(ctaLink.to)}
      |                 ^^^^
  316 |                 onClick={toggleNav}
  317 |                 size="sm"
  318 |                 className="liquid-glass--on-dark"

Parsing ecmascript source code failed

Import traces:
  Client Component Browser:
    ./app/_components/NavLinksMobile.tsx [Client Component Browser]
    ./app/_components/Navbar.tsx [Client Component Browser]
    ./app/_components/Navbar.tsx [Server Component]
    ./app/layout.tsx [Server Component]

  Client Component SSR:
    ./app/_components/NavLinksMobile.tsx [Client Component SSR]
    ./app/_components/Navbar.tsx [Client Component SSR]
    ./app/_components/Navbar.tsx [Server Component]
    ./app/layout.tsx [Server Component] @ http://localhost:3000/_next/static/chunks/node_modules_next_dist_0u_w_5s._.js:1945
[  248686ms] [ERROR] ./app/_components/NavLinksMobile.tsx:315:17
Expected '</', got 'ident'
  313 |                   be pinned to its dark rim rather than the page's. */}
  314 |               <CtaButton
> 315 |                 href={absPath(ctaLink.to)}
      |                 ^^^^
  316 |                 onClick={toggleNav}
  317 |                 size="sm"
  318 |                 className="liquid-glass--on-dark"

Parsing ecmascript source code failed

Import traces:
  Client Component Browser:
    ./app/_components/NavLinksMobile.tsx [Client Component Browser]
    ./app/_components/Navbar.tsx [Client Component Browser]
    ./app/_components/Navbar.tsx [Server Component]
    ./app/layout.tsx [Server Component]

  Client Component SSR:
    ./app/_components/NavLinksMobile.tsx [Client Component SSR]
    ./app/_components/Navbar.tsx [Client Component SSR]
    ./app/_components/Navbar.tsx [Server Component]
    ./app/layout.tsx [Server Component] @ http://localhost:3000/_next/static/chunks/node_modules_next_dist_0u_w_5s._.js:1945
[  248745ms] [ERROR] ./app/_components/NavLinksMobile.tsx:315:17
Expected '</', got 'ident'
  313 |                   be pinned to its dark rim rather than the page's. */}
  314 |               <CtaButton
> 315 |                 href={absPath(ctaLink.to)}
      |                 ^^^^
  316 |                 onClick={toggleNav}
  317 |                 size="sm"
  318 |                 className="liquid-glass--on-dark"

Parsing ecmascript source code failed

Import traces:
  Client Component Browser:
    ./app/_components/NavLinksMobile.tsx [Client Component Browser]
    ./app/_components/Navbar.tsx [Client Component Browser]
    ./app/_components/Navbar.tsx [Server Component]
    ./app/layout.tsx [Server Component]

  Client Component SSR:
    ./app/_components/NavLinksMobile.tsx [Client Component SSR]
    ./app/_components/Navbar.tsx [Client Component SSR]
    ./app/_components/Navbar.tsx [Server Component]
    ./app/layout.tsx [Server Component] @ http://localhost:3000/_next/static/chunks/node_modules_next_dist_0u_w_5s._.js:1945
[  248810ms] [ERROR] ./app/_components/NavLinksMobile.tsx:315:17
Expected '</', got 'ident'
  313 |                   be pinned to its dark rim rather than the page's. */}
  314 |               <CtaButton
> 315 |                 href={absPath(ctaLink.to)}
      |                 ^^^^
  316 |                 onClick={toggleNav}
  317 |                 size="sm"
  318 |                 className="liquid-glass--on-dark"

Parsing ecmascript source code failed

Import traces:
  Client Component Browser:
    ./app/_components/NavLinksMobile.tsx [Client Component Browser]
    ./app/_components/Navbar.tsx [Client Component Browser]
    ./app/_components/Navbar.tsx [Server Component]
    ./app/layout.tsx [Server Component]

  Client Component SSR:
    ./app/_components/NavLinksMobile.tsx [Client Component SSR]
    ./app/_components/Navbar.tsx [Client Component SSR]
    ./app/_components/Navbar.tsx [Server Component]
    ./app/layout.tsx [Server Component] @ http://localhost:3000/_next/static/chunks/node_modules_next_dist_0u_w_5s._.js:1945
[  248872ms] [ERROR] ./app/_components/NavLinksMobile.tsx:315:17
Expected '</', got 'ident'
  313 |                   be pinned to its dark rim rather than the page's. */}
  314 |               <CtaButton
> 315 |                 href={absPath(ctaLink.to)}
      |                 ^^^^
  316 |                 onClick={toggleNav}
  317 |                 size="sm"
  318 |                 className="liquid-glass--on-dark"

Parsing ecmascript source code failed

Import traces:
  Client Component Browser:
    ./app/_components/NavLinksMobile.tsx [Client Component Browser]
    ./app/_components/Navbar.tsx [Client Component Browser]
    ./app/_components/Navbar.tsx [Server Component]
    ./app/layout.tsx [Server Component]

  Client Component SSR:
    ./app/_components/NavLinksMobile.tsx [Client Component SSR]
    ./app/_components/Navbar.tsx [Client Component SSR]
    ./app/_components/Navbar.tsx [Server Component]
    ./app/layout.tsx [Server Component] @ http://localhost:3000/_next/static/chunks/node_modules_next_dist_0u_w_5s._.js:1945
[  248933ms] [ERROR] ./app/_components/NavLinksMobile.tsx:315:17
Expected '</', got 'ident'
  313 |                   be pinned to its dark rim rather than the page's. */}
  314 |               <CtaButton
> 315 |                 href={absPath(ctaLink.to)}
      |                 ^^^^
  316 |                 onClick={toggleNav}
  317 |                 size="sm"
  318 |                 className="liquid-glass--on-dark"

Parsing ecmascript source code failed

Import traces:
  Client Component Browser:
    ./app/_components/NavLinksMobile.tsx [Client Component Browser]
    ./app/_components/Navbar.tsx [Client Component Browser]
    ./app/_components/Navbar.tsx [Server Component]
    ./app/layout.tsx [Server Component]

  Client Component SSR:
    ./app/_components/NavLinksMobile.tsx [Client Component SSR]
    ./app/_components/Navbar.tsx [Client Component SSR]
    ./app/_components/Navbar.tsx [Server Component]
    ./app/layout.tsx [Server Component] @ http://localhost:3000/_next/static/chunks/node_modules_next_dist_0u_w_5s._.js:1945
[  248997ms] [ERROR] ./app/_components/NavLinksMobile.tsx:315:17
Expected '</', got 'ident'
  313 |                   be pinned to its dark rim rather than the page's. */}
  314 |               <CtaButton
> 315 |                 href={absPath(ctaLink.to)}
      |                 ^^^^
  316 |                 onClick={toggleNav}
  317 |                 size="sm"
  318 |                 className="liquid-glass--on-dark"

Parsing ecmascript source code failed

Import traces:
  Client Component Browser:
    ./app/_components/NavLinksMobile.tsx [Client Component Browser]
    ./app/_components/Navbar.tsx [Client Component Browser]
    ./app/_components/Navbar.tsx [Server Component]
    ./app/layout.tsx [Server Component]

  Client Component SSR:
    ./app/_components/NavLinksMobile.tsx [Client Component SSR]
    ./app/_components/Navbar.tsx [Client Component SSR]
    ./app/_components/Navbar.tsx [Server Component]
    ./app/layout.tsx [Server Component] @ http://localhost:3000/_next/static/chunks/node_modules_next_dist_0u_w_5s._.js:1945
[  249060ms] [ERROR] ./app/_components/NavLinksMobile.tsx:315:17
Expected '</', got 'ident'
  313 |                   be pinned to its dark rim rather than the page's. */}
  314 |               <CtaButton
> 315 |                 href={absPath(ctaLink.to)}
      |                 ^^^^
  316 |                 onClick={toggleNav}
  317 |                 size="sm"
  318 |                 className="liquid-glass--on-dark"

Parsing ecmascript source code failed

Import traces:
  Client Component Browser:
    ./app/_components/NavLinksMobile.tsx [Client Component Browser]
    ./app/_components/Navbar.tsx [Client Component Browser]
    ./app/_components/Navbar.tsx [Server Component]
    ./app/layout.tsx [Server Component]

  Client Component SSR:
    ./app/_components/NavLinksMobile.tsx [Client Component SSR]
    ./app/_components/Navbar.tsx [Client Component SSR]
    ./app/_components/Navbar.tsx [Server Component]
    ./app/layout.tsx [Server Component] @ http://localhost:3000/_next/static/chunks/node_modules_next_dist_0u_w_5s._.js:1945
[  249121ms] [ERROR] ./app/_components/NavLinksMobile.tsx:315:17
Expected '</', got 'ident'
  313 |                   be pinned to its dark rim rather than the page's. */}
  314 |               <CtaButton
> 315 |                 href={absPath(ctaLink.to)}
      |                 ^^^^
  316 |                 onClick={toggleNav}
  317 |                 size="sm"
  318 |                 className="liquid-glass--on-dark"

Parsing ecmascript source code failed

Import traces:
  Client Component Browser:
    ./app/_components/NavLinksMobile.tsx [Client Component Browser]
    ./app/_components/Navbar.tsx [Client Component Browser]
    ./app/_components/Navbar.tsx [Server Component]
    ./app/layout.tsx [Server Component]

  Client Component SSR:
    ./app/_components/NavLinksMobile.tsx [Client Component SSR]
    ./app/_components/Navbar.tsx [Client Component SSR]
    ./app/_components/Navbar.tsx [Server Component]
    ./app/layout.tsx [Server Component] @ http://localhost:3000/_next/static/chunks/node_modules_next_dist_0u_w_5s._.js:1945
[  249185ms] [ERROR] ./app/_components/NavLinksMobile.tsx:315:17
Expected '</', got 'ident'
  313 |                   be pinned to its dark rim rather than the page's. */}
  314 |               <CtaButton
> 315 |                 href={absPath(ctaLink.to)}
      |                 ^^^^
  316 |                 onClick={toggleNav}
  317 |                 size="sm"
  318 |                 className="liquid-glass--on-dark"

Parsing ecmascript source code failed

Import traces:
  Client Component Browser:
    ./app/_components/NavLinksMobile.tsx [Client Component Browser]
    ./app/_components/Navbar.tsx [Client Component Browser]
    ./app/_components/Navbar.tsx [Server Component]
    ./app/layout.tsx [Server Component]

  Client Component SSR:
    ./app/_components/NavLinksMobile.tsx [Client Component SSR]
    ./app/_components/Navbar.tsx [Client Component SSR]
    ./app/_components/Navbar.tsx [Server Component]
    ./app/layout.tsx [Server Component] @ http://localhost:3000/_next/static/chunks/node_modules_next_dist_0u_w_5s._.js:1945
[  249246ms] [ERROR] ./app/_components/NavLinksMobile.tsx:315:17
Expected '</', got 'ident'
  313 |                   be pinned to its dark rim rather than the page's. */}
  314 |               <CtaButton
> 315 |                 href={absPath(ctaLink.to)}
      |                 ^^^^
  316 |                 onClick={toggleNav}
  317 |                 size="sm"
  318 |                 className="liquid-glass--on-dark"

Parsing ecmascript source code failed

Import traces:
  Client Component Browser:
    ./app/_components/NavLinksMobile.tsx [Client Component Browser]
    ./app/_components/Navbar.tsx [Client Component Browser]
    ./app/_components/Navbar.tsx [Server Component]
    ./app/layout.tsx [Server Component]

  Client Component SSR:
    ./app/_components/NavLinksMobile.tsx [Client Component SSR]
    ./app/_components/Navbar.tsx [Client Component SSR]
    ./app/_components/Navbar.tsx [Server Component]
    ./app/layout.tsx [Server Component] @ http://localhost:3000/_next/static/chunks/node_modules_next_dist_0u_w_5s._.js:1945
[  249308ms] [ERROR] ./app/_components/NavLinksMobile.tsx:315:17
Expected '</', got 'ident'
  313 |                   be pinned to its dark rim rather than the page's. */}
  314 |               <CtaButton
> 315 |                 href={absPath(ctaLink.to)}
      |                 ^^^^
  316 |                 onClick={toggleNav}
  317 |                 size="sm"
  318 |                 className="liquid-glass--on-dark"

Parsing ecmascript source code failed

Import traces:
  Client Component Browser:
    ./app/_components/NavLinksMobile.tsx [Client Component Browser]
    ./app/_components/Navbar.tsx [Client Component Browser]
    ./app/_components/Navbar.tsx [Server Component]
    ./app/layout.tsx [Server Component]

  Client Component SSR:
    ./app/_components/NavLinksMobile.tsx [Client Component SSR]
    ./app/_components/Navbar.tsx [Client Component SSR]
    ./app/_components/Navbar.tsx [Server Component]
    ./app/layout.tsx [Server Component] @ http://localhost:3000/_next/static/chunks/node_modules_next_dist_0u_w_5s._.js:1945
[  249372ms] [ERROR] ./app/_components/NavLinksMobile.tsx:315:17
Expected '</', got 'ident'
  313 |                   be pinned to its dark rim rather than the page's. */}
  314 |               <CtaButton
> 315 |                 href={absPath(ctaLink.to)}
      |                 ^^^^
  316 |                 onClick={toggleNav}
  317 |                 size="sm"
  318 |                 className="liquid-glass--on-dark"

Parsing ecmascript source code failed

Import traces:
  Client Component Browser:
    ./app/_components/NavLinksMobile.tsx [Client Component Browser]
    ./app/_components/Navbar.tsx [Client Component Browser]
    ./app/_components/Navbar.tsx [Server Component]
    ./app/layout.tsx [Server Component]

  Client Component SSR:
    ./app/_components/NavLinksMobile.tsx [Client Component SSR]
    ./app/_components/Navbar.tsx [Client Component SSR]
    ./app/_components/Navbar.tsx [Server Component]
    ./app/layout.tsx [Server Component] @ http://localhost:3000/_next/static/chunks/node_modules_next_dist_0u_w_5s._.js:1945
[  249440ms] [ERROR] ./app/_components/NavLinksMobile.tsx:315:17
Expected '</', got 'ident'
  313 |                   be pinned to its dark rim rather than the page's. */}
  314 |               <CtaButton
> 315 |                 href={absPath(ctaLink.to)}
      |                 ^^^^
  316 |                 onClick={toggleNav}
  317 |                 size="sm"
  318 |                 className="liquid-glass--on-dark"

Parsing ecmascript source code failed

Import traces:
  Client Component Browser:
    ./app/_components/NavLinksMobile.tsx [Client Component Browser]
    ./app/_components/Navbar.tsx [Client Component Browser]
    ./app/_components/Navbar.tsx [Server Component]
    ./app/layout.tsx [Server Component]

  Client Component SSR:
    ./app/_components/NavLinksMobile.tsx [Client Component SSR]
    ./app/_components/Navbar.tsx [Client Component SSR]
    ./app/_components/Navbar.tsx [Server Component]
    ./app/layout.tsx [Server Component] @ http://localhost:3000/_next/static/chunks/node_modules_next_dist_0u_w_5s._.js:1945
[  249500ms] [ERROR] ./app/_components/NavLinksMobile.tsx:315:17
Expected '</', got 'ident'
  313 |                   be pinned to its dark rim rather than the page's. */}
  314 |               <CtaButton
> 315 |                 href={absPath(ctaLink.to)}
      |                 ^^^^
  316 |                 onClick={toggleNav}
  317 |                 size="sm"
  318 |                 className="liquid-glass--on-dark"

Parsing ecmascript source code failed

Import traces:
  Client Component Browser:
    ./app/_components/NavLinksMobile.tsx [Client Component Browser]
    ./app/_components/Navbar.tsx [Client Component Browser]
    ./app/_components/Navbar.tsx [Server Component]
    ./app/layout.tsx [Server Component]

  Client Component SSR:
    ./app/_components/NavLinksMobile.tsx [Client Component SSR]
    ./app/_components/Navbar.tsx [Client Component SSR]
    ./app/_components/Navbar.tsx [Server Component]
    ./app/layout.tsx [Server Component] @ http://localhost:3000/_next/static/chunks/node_modules_next_dist_0u_w_5s._.js:1945
[  249564ms] [ERROR] ./app/_components/NavLinksMobile.tsx:315:17
Expected '</', got 'ident'
  313 |                   be pinned to its dark rim rather than the page's. */}
  314 |               <CtaButton
> 315 |                 href={absPath(ctaLink.to)}
      |                 ^^^^
  316 |                 onClick={toggleNav}
  317 |                 size="sm"
  318 |                 className="liquid-glass--on-dark"

Parsing ecmascript source code failed

Import traces:
  Client Component Browser:
    ./app/_components/NavLinksMobile.tsx [Client Component Browser]
    ./app/_components/Navbar.tsx [Client Component Browser]
    ./app/_components/Navbar.tsx [Server Component]
    ./app/layout.tsx [Server Component]

  Client Component SSR:
    ./app/_components/NavLinksMobile.tsx [Client Component SSR]
    ./app/_components/Navbar.tsx [Client Component SSR]
    ./app/_components/Navbar.tsx [Server Component]
    ./app/layout.tsx [Server Component] @ http://localhost:3000/_next/static/chunks/node_modules_next_dist_0u_w_5s._.js:1945
[  249627ms] [ERROR] ./app/_components/NavLinksMobile.tsx:315:17
Expected '</', got 'ident'
  313 |                   be pinned to its dark rim rather than the page's. */}
  314 |               <CtaButton
> 315 |                 href={absPath(ctaLink.to)}
      |                 ^^^^
  316 |                 onClick={toggleNav}
  317 |                 size="sm"
  318 |                 className="liquid-glass--on-dark"

Parsing ecmascript source code failed

Import traces:
  Client Component Browser:
    ./app/_components/NavLinksMobile.tsx [Client Component Browser]
    ./app/_components/Navbar.tsx [Client Component Browser]
    ./app/_components/Navbar.tsx [Server Component]
    ./app/layout.tsx [Server Component]

  Client Component SSR:
    ./app/_components/NavLinksMobile.tsx [Client Component SSR]
    ./app/_components/Navbar.tsx [Client Component SSR]
    ./app/_components/Navbar.tsx [Server Component]
    ./app/layout.tsx [Server Component] @ http://localhost:3000/_next/static/chunks/node_modules_next_dist_0u_w_5s._.js:1945
[  249687ms] [ERROR] ./app/_components/NavLinksMobile.tsx:315:17
Expected '</', got 'ident'
  313 |                   be pinned to its dark rim rather than the page's. */}
  314 |               <CtaButton
> 315 |                 href={absPath(ctaLink.to)}
      |                 ^^^^
  316 |                 onClick={toggleNav}
  317 |                 size="sm"
  318 |                 className="liquid-glass--on-dark"

Parsing ecmascript source code failed

Import traces:
  Client Component Browser:
    ./app/_components/NavLinksMobile.tsx [Client Component Browser]
    ./app/_components/Navbar.tsx [Client Component Browser]
    ./app/_components/Navbar.tsx [Server Component]
    ./app/layout.tsx [Server Component]

  Client Component SSR:
    ./app/_components/NavLinksMobile.tsx [Client Component SSR]
    ./app/_components/Navbar.tsx [Client Component SSR]
    ./app/_components/Navbar.tsx [Server Component]
    ./app/layout.tsx [Server Component] @ http://localhost:3000/_next/static/chunks/node_modules_next_dist_0u_w_5s._.js:1945
[  249752ms] [ERROR] ./app/_components/NavLinksMobile.tsx:315:17
Expected '</', got 'ident'
  313 |                   be pinned to its dark rim rather than the page's. */}
  314 |               <CtaButton
> 315 |                 href={absPath(ctaLink.to)}
      |                 ^^^^
  316 |                 onClick={toggleNav}
  317 |                 size="sm"
  318 |                 className="liquid-glass--on-dark"

Parsing ecmascript source code failed

Import traces:
  Client Component Browser:
    ./app/_components/NavLinksMobile.tsx [Client Component Browser]
    ./app/_components/Navbar.tsx [Client Component Browser]
    ./app/_components/Navbar.tsx [Server Component]
    ./app/layout.tsx [Server Component]

  Client Component SSR:
    ./app/_components/NavLinksMobile.tsx [Client Component SSR]
    ./app/_components/Navbar.tsx [Client Component SSR]
    ./app/_components/Navbar.tsx [Server Component]
    ./app/layout.tsx [Server Component] @ http://localhost:3000/_next/static/chunks/node_modules_next_dist_0u_w_5s._.js:1945
[  249812ms] [ERROR] ./app/_components/NavLinksMobile.tsx:315:17
Expected '</', got 'ident'
  313 |                   be pinned to its dark rim rather than the page's. */}
  314 |               <CtaButton
> 315 |                 href={absPath(ctaLink.to)}
      |                 ^^^^
  316 |                 onClick={toggleNav}
  317 |                 size="sm"
  318 |                 className="liquid-glass--on-dark"

Parsing ecmascript source code failed

Import traces:
  Client Component Browser:
    ./app/_components/NavLinksMobile.tsx [Client Component Browser]
    ./app/_components/Navbar.tsx [Client Component Browser]
    ./app/_components/Navbar.tsx [Server Component]
    ./app/layout.tsx [Server Component]

  Client Component SSR:
    ./app/_components/NavLinksMobile.tsx [Client Component SSR]
    ./app/_components/Navbar.tsx [Client Component SSR]
    ./app/_components/Navbar.tsx [Server Component]
    ./app/layout.tsx [Server Component] @ http://localhost:3000/_next/static/chunks/node_modules_next_dist_0u_w_5s._.js:1945
[  249877ms] [ERROR] ./app/_components/NavLinksMobile.tsx:315:17
Expected '</', got 'ident'
  313 |                   be pinned to its dark rim rather than the page's. */}
  314 |               <CtaButton
> 315 |                 href={absPath(ctaLink.to)}
      |                 ^^^^
  316 |                 onClick={toggleNav}
  317 |                 size="sm"
  318 |                 className="liquid-glass--on-dark"

Parsing ecmascript source code failed

Import traces:
  Client Component Browser:
    ./app/_components/NavLinksMobile.tsx [Client Component Browser]
    ./app/_components/Navbar.tsx [Client Component Browser]
    ./app/_components/Navbar.tsx [Server Component]
    ./app/layout.tsx [Server Component]

  Client Component SSR:
    ./app/_components/NavLinksMobile.tsx [Client Component SSR]
    ./app/_components/Navbar.tsx [Client Component SSR]
    ./app/_components/Navbar.tsx [Server Component]
    ./app/layout.tsx [Server Component] @ http://localhost:3000/_next/static/chunks/node_modules_next_dist_0u_w_5s._.js:1945
[  249936ms] [ERROR] ./app/_components/NavLinksMobile.tsx:315:17
Expected '</', got 'ident'
  313 |                   be pinned to its dark rim rather than the page's. */}
  314 |               <CtaButton
> 315 |                 href={absPath(ctaLink.to)}
      |                 ^^^^
  316 |                 onClick={toggleNav}
  317 |                 size="sm"
  318 |                 className="liquid-glass--on-dark"

Parsing ecmascript source code failed

Import traces:
  Client Component Browser:
    ./app/_components/NavLinksMobile.tsx [Client Component Browser]
    ./app/_components/Navbar.tsx [Client Component Browser]
    ./app/_components/Navbar.tsx [Server Component]
    ./app/layout.tsx [Server Component]

  Client Component SSR:
    ./app/_components/NavLinksMobile.tsx [Client Component SSR]
    ./app/_components/Navbar.tsx [Client Component SSR]
    ./app/_components/Navbar.tsx [Server Component]
    ./app/layout.tsx [Server Component] @ http://localhost:3000/_next/static/chunks/node_modules_next_dist_0u_w_5s._.js:1945
[  249998ms] [ERROR] ./app/_components/NavLinksMobile.tsx:315:17
Expected '</', got 'ident'
  313 |                   be pinned to its dark rim rather than the page's. */}
  314 |               <CtaButton
> 315 |                 href={absPath(ctaLink.to)}
      |                 ^^^^
  316 |                 onClick={toggleNav}
  317 |                 size="sm"
  318 |                 className="liquid-glass--on-dark"

Parsing ecmascript source code failed

Import traces:
  Client Component Browser:
    ./app/_components/NavLinksMobile.tsx [Client Component Browser]
    ./app/_components/Navbar.tsx [Client Component Browser]
    ./app/_components/Navbar.tsx [Server Component]
    ./app/layout.tsx [Server Component]

  Client Component SSR:
    ./app/_components/NavLinksMobile.tsx [Client Component SSR]
    ./app/_components/Navbar.tsx [Client Component SSR]
    ./app/_components/Navbar.tsx [Server Component]
    ./app/layout.tsx [Server Component] @ http://localhost:3000/_next/static/chunks/node_modules_next_dist_0u_w_5s._.js:1945
[  250062ms] [ERROR] ./app/_components/NavLinksMobile.tsx:315:17
Expected '</', got 'ident'
  313 |                   be pinned to its dark rim rather than the page's. */}
  314 |               <CtaButton
> 315 |                 href={absPath(ctaLink.to)}
      |                 ^^^^
  316 |                 onClick={toggleNav}
  317 |                 size="sm"
  318 |                 className="liquid-glass--on-dark"

Parsing ecmascript source code failed

Import traces:
  Client Component Browser:
    ./app/_components/NavLinksMobile.tsx [Client Component Browser]
    ./app/_components/Navbar.tsx [Client Component Browser]
    ./app/_components/Navbar.tsx [Server Component]
    ./app/layout.tsx [Server Component]

  Client Component SSR:
    ./app/_components/NavLinksMobile.tsx [Client Component SSR]
    ./app/_components/Navbar.tsx [Client Component SSR]
    ./app/_components/Navbar.tsx [Server Component]
    ./app/layout.tsx [Server Component] @ http://localhost:3000/_next/static/chunks/node_modules_next_dist_0u_w_5s._.js:1945
[  250125ms] [ERROR] ./app/_components/NavLinksMobile.tsx:315:17
Expected '</', got 'ident'
  313 |                   be pinned to its dark rim rather than the page's. */}
  314 |               <CtaButton
> 315 |                 href={absPath(ctaLink.to)}
      |                 ^^^^
  316 |                 onClick={toggleNav}
  317 |                 size="sm"
  318 |                 className="liquid-glass--on-dark"

Parsing ecmascript source code failed

Import traces:
  Client Component Browser:
    ./app/_components/NavLinksMobile.tsx [Client Component Browser]
    ./app/_components/Navbar.tsx [Client Component Browser]
    ./app/_components/Navbar.tsx [Server Component]
    ./app/layout.tsx [Server Component]

  Client Component SSR:
    ./app/_components/NavLinksMobile.tsx [Client Component SSR]
    ./app/_components/Navbar.tsx [Client Component SSR]
    ./app/_components/Navbar.tsx [Server Component]
    ./app/layout.tsx [Server Component] @ http://localhost:3000/_next/static/chunks/node_modules_next_dist_0u_w_5s._.js:1945
[  250186ms] [ERROR] ./app/_components/NavLinksMobile.tsx:315:17
Expected '</', got 'ident'
  313 |                   be pinned to its dark rim rather than the page's. */}
  314 |               <CtaButton
> 315 |                 href={absPath(ctaLink.to)}
      |                 ^^^^
  316 |                 onClick={toggleNav}
  317 |                 size="sm"
  318 |                 className="liquid-glass--on-dark"

Parsing ecmascript source code failed

Import traces:
  Client Component Browser:
    ./app/_components/NavLinksMobile.tsx [Client Component Browser]
    ./app/_components/Navbar.tsx [Client Component Browser]
    ./app/_components/Navbar.tsx [Server Component]
    ./app/layout.tsx [Server Component]

  Client Component SSR:
    ./app/_components/NavLinksMobile.tsx [Client Component SSR]
    ./app/_components/Navbar.tsx [Client Component SSR]
    ./app/_components/Navbar.tsx [Server Component]
    ./app/layout.tsx [Server Component] @ http://localhost:3000/_next/static/chunks/node_modules_next_dist_0u_w_5s._.js:1945
[  250250ms] [ERROR] ./app/_components/NavLinksMobile.tsx:315:17
Expected '</', got 'ident'
  313 |                   be pinned to its dark rim rather than the page's. */}
  314 |               <CtaButton
> 315 |                 href={absPath(ctaLink.to)}
      |                 ^^^^
  316 |                 onClick={toggleNav}
  317 |                 size="sm"
  318 |                 className="liquid-glass--on-dark"

Parsing ecmascript source code failed

Import traces:
  Client Component Browser:
    ./app/_components/NavLinksMobile.tsx [Client Component Browser]
    ./app/_components/Navbar.tsx [Client Component Browser]
    ./app/_components/Navbar.tsx [Server Component]
    ./app/layout.tsx [Server Component]

  Client Component SSR:
    ./app/_components/NavLinksMobile.tsx [Client Component SSR]
    ./app/_components/Navbar.tsx [Client Component SSR]
    ./app/_components/Navbar.tsx [Server Component]
    ./app/layout.tsx [Server Component] @ http://localhost:3000/_next/static/chunks/node_modules_next_dist_0u_w_5s._.js:1945
[  250312ms] [ERROR] ./app/_components/NavLinksMobile.tsx:315:17
Expected '</', got 'ident'
  313 |                   be pinned to its dark rim rather than the page's. */}
  314 |               <CtaButton
> 315 |                 href={absPath(ctaLink.to)}
      |                 ^^^^
  316 |                 onClick={toggleNav}
  317 |                 size="sm"
  318 |                 className="liquid-glass--on-dark"

Parsing ecmascript source code failed

Import traces:
  Client Component Browser:
    ./app/_components/NavLinksMobile.tsx [Client Component Browser]
    ./app/_components/Navbar.tsx [Client Component Browser]
    ./app/_components/Navbar.tsx [Server Component]
    ./app/layout.tsx [Server Component]

  Client Component SSR:
    ./app/_components/NavLinksMobile.tsx [Client Component SSR]
    ./app/_components/Navbar.tsx [Client Component SSR]
    ./app/_components/Navbar.tsx [Server Component]
    ./app/layout.tsx [Server Component] @ http://localhost:3000/_next/static/chunks/node_modules_next_dist_0u_w_5s._.js:1945
[  250374ms] [ERROR] ./app/_components/NavLinksMobile.tsx:315:17
Expected '</', got 'ident'
  313 |                   be pinned to its dark rim rather than the page's. */}
  314 |               <CtaButton
> 315 |                 href={absPath(ctaLink.to)}
      |                 ^^^^
  316 |                 onClick={toggleNav}
  317 |                 size="sm"
  318 |                 className="liquid-glass--on-dark"

Parsing ecmascript source code failed

Import traces:
  Client Component Browser:
    ./app/_components/NavLinksMobile.tsx [Client Component Browser]
    ./app/_components/Navbar.tsx [Client Component Browser]
    ./app/_components/Navbar.tsx [Server Component]
    ./app/layout.tsx [Server Component]

  Client Component SSR:
    ./app/_components/NavLinksMobile.tsx [Client Component SSR]
    ./app/_components/Navbar.tsx [Client Component SSR]
    ./app/_components/Navbar.tsx [Server Component]
    ./app/layout.tsx [Server Component] @ http://localhost:3000/_next/static/chunks/node_modules_next_dist_0u_w_5s._.js:1945
[  250436ms] [ERROR] ./app/_components/NavLinksMobile.tsx:315:17
Expected '</', got 'ident'
  313 |                   be pinned to its dark rim rather than the page's. */}
  314 |               <CtaButton
> 315 |                 href={absPath(ctaLink.to)}
      |                 ^^^^
  316 |                 onClick={toggleNav}
  317 |                 size="sm"
  318 |                 className="liquid-glass--on-dark"

Parsing ecmascript source code failed

Import traces:
  Client Component Browser:
    ./app/_components/NavLinksMobile.tsx [Client Component Browser]
    ./app/_components/Navbar.tsx [Client Component Browser]
    ./app/_components/Navbar.tsx [Server Component]
    ./app/layout.tsx [Server Component]

  Client Component SSR:
    ./app/_components/NavLinksMobile.tsx [Client Component SSR]
    ./app/_components/Navbar.tsx [Client Component SSR]
    ./app/_components/Navbar.tsx [Server Component]
    ./app/layout.tsx [Server Component] @ http://localhost:3000/_next/static/chunks/node_modules_next_dist_0u_w_5s._.js:1945
[  250501ms] [ERROR] ./app/_components/NavLinksMobile.tsx:315:17
Expected '</', got 'ident'
  313 |                   be pinned to its dark rim rather than the page's. */}
  314 |               <CtaButton
> 315 |                 href={absPath(ctaLink.to)}
      |                 ^^^^
  316 |                 onClick={toggleNav}
  317 |                 size="sm"
  318 |                 className="liquid-glass--on-dark"

Parsing ecmascript source code failed

Import traces:
  Client Component Browser:
    ./app/_components/NavLinksMobile.tsx [Client Component Browser]
    ./app/_components/Navbar.tsx [Client Component Browser]
    ./app/_components/Navbar.tsx [Server Component]
    ./app/layout.tsx [Server Component]

  Client Component SSR:
    ./app/_components/NavLinksMobile.tsx [Client Component SSR]
    ./app/_components/Navbar.tsx [Client Component SSR]
    ./app/_components/Navbar.tsx [Server Component]
    ./app/layout.tsx [Server Component] @ http://localhost:3000/_next/static/chunks/node_modules_next_dist_0u_w_5s._.js:1945
[  250561ms] [ERROR] ./app/_components/NavLinksMobile.tsx:315:17
Expected '</', got 'ident'
  313 |                   be pinned to its dark rim rather than the page's. */}
  314 |               <CtaButton
> 315 |                 href={absPath(ctaLink.to)}
      |                 ^^^^
  316 |                 onClick={toggleNav}
  317 |                 size="sm"
  318 |                 className="liquid-glass--on-dark"

Parsing ecmascript source code failed

Import traces:
  Client Component Browser:
    ./app/_components/NavLinksMobile.tsx [Client Component Browser]
    ./app/_components/Navbar.tsx [Client Component Browser]
    ./app/_components/Navbar.tsx [Server Component]
    ./app/layout.tsx [Server Component]

  Client Component SSR:
    ./app/_components/NavLinksMobile.tsx [Client Component SSR]
    ./app/_components/Navbar.tsx [Client Component SSR]
    ./app/_components/Navbar.tsx [Server Component]
    ./app/layout.tsx [Server Component] @ http://localhost:3000/_next/static/chunks/node_modules_next_dist_0u_w_5s._.js:1945
[  250624ms] [ERROR] ./app/_components/NavLinksMobile.tsx:315:17
Expected '</', got 'ident'
  313 |                   be pinned to its dark rim rather than the page's. */}
  314 |               <CtaButton
> 315 |                 href={absPath(ctaLink.to)}
      |                 ^^^^
  316 |                 onClick={toggleNav}
  317 |                 size="sm"
  318 |                 className="liquid-glass--on-dark"

Parsing ecmascript source code failed

Import traces:
  Client Component Browser:
    ./app/_components/NavLinksMobile.tsx [Client Component Browser]
    ./app/_components/Navbar.tsx [Client Component Browser]
    ./app/_components/Navbar.tsx [Server Component]
    ./app/layout.tsx [Server Component]

  Client Component SSR:
    ./app/_components/NavLinksMobile.tsx [Client Component SSR]
    ./app/_components/Navbar.tsx [Client Component SSR]
    ./app/_components/Navbar.tsx [Server Component]
    ./app/layout.tsx [Server Component] @ http://localhost:3000/_next/static/chunks/node_modules_next_dist_0u_w_5s._.js:1945
[  250683ms] [ERROR] ./app/_components/NavLinksMobile.tsx:315:17
Expected '</', got 'ident'
  313 |                   be pinned to its dark rim rather than the page's. */}
  314 |               <CtaButton
> 315 |                 href={absPath(ctaLink.to)}
      |                 ^^^^
  316 |                 onClick={toggleNav}
  317 |                 size="sm"
  318 |                 className="liquid-glass--on-dark"

Parsing ecmascript source code failed

Import traces:
  Client Component Browser:
    ./app/_components/NavLinksMobile.tsx [Client Component Browser]
    ./app/_components/Navbar.tsx [Client Component Browser]
    ./app/_components/Navbar.tsx [Server Component]
    ./app/layout.tsx [Server Component]

  Client Component SSR:
    ./app/_components/NavLinksMobile.tsx [Client Component SSR]
    ./app/_components/Navbar.tsx [Client Component SSR]
    ./app/_components/Navbar.tsx [Server Component]
    ./app/layout.tsx [Server Component] @ http://localhost:3000/_next/static/chunks/node_modules_next_dist_0u_w_5s._.js:1945
[  250745ms] [ERROR] ./app/_components/NavLinksMobile.tsx:315:17
Expected '</', got 'ident'
  313 |                   be pinned to its dark rim rather than the page's. */}
  314 |               <CtaButton
> 315 |                 href={absPath(ctaLink.to)}
      |                 ^^^^
  316 |                 onClick={toggleNav}
  317 |                 size="sm"
  318 |                 className="liquid-glass--on-dark"

Parsing ecmascript source code failed

Import traces:
  Client Component Browser:
    ./app/_components/NavLinksMobile.tsx [Client Component Browser]
    ./app/_components/Navbar.tsx [Client Component Browser]
    ./app/_components/Navbar.tsx [Server Component]
    ./app/layout.tsx [Server Component]

  Client Component SSR:
    ./app/_components/NavLinksMobile.tsx [Client Component SSR]
    ./app/_components/Navbar.tsx [Client Component SSR]
    ./app/_components/Navbar.tsx [Server Component]
    ./app/layout.tsx [Server Component] @ http://localhost:3000/_next/static/chunks/node_modules_next_dist_0u_w_5s._.js:1945
[  250806ms] [ERROR] ./app/_components/NavLinksMobile.tsx:315:17
Expected '</', got 'ident'
  313 |                   be pinned to its dark rim rather than the page's. */}
  314 |               <CtaButton
> 315 |                 href={absPath(ctaLink.to)}
      |                 ^^^^
  316 |                 onClick={toggleNav}
  317 |                 size="sm"
  318 |                 className="liquid-glass--on-dark"

Parsing ecmascript source code failed

Import traces:
  Client Component Browser:
    ./app/_components/NavLinksMobile.tsx [Client Component Browser]
    ./app/_components/Navbar.tsx [Client Component Browser]
    ./app/_components/Navbar.tsx [Server Component]
    ./app/layout.tsx [Server Component]

  Client Component SSR:
    ./app/_components/NavLinksMobile.tsx [Client Component SSR]
    ./app/_components/Navbar.tsx [Client Component SSR]
    ./app/_components/Navbar.tsx [Server Component]
    ./app/layout.tsx [Server Component] @ http://localhost:3000/_next/static/chunks/node_modules_next_dist_0u_w_5s._.js:1945
[  250872ms] [ERROR] ./app/_components/NavLinksMobile.tsx:315:17
Expected '</', got 'ident'
  313 |                   be pinned to its dark rim rather than the page's. */}
  314 |               <CtaButton
> 315 |                 href={absPath(ctaLink.to)}
      |                 ^^^^
  316 |                 onClick={toggleNav}
  317 |                 size="sm"
  318 |                 className="liquid-glass--on-dark"

Parsing ecmascript source code failed

Import traces:
  Client Component Browser:
    ./app/_components/NavLinksMobile.tsx [Client Component Browser]
    ./app/_components/Navbar.tsx [Client Component Browser]
    ./app/_components/Navbar.tsx [Server Component]
    ./app/layout.tsx [Server Component]

  Client Component SSR:
    ./app/_components/NavLinksMobile.tsx [Client Component SSR]
    ./app/_components/Navbar.tsx [Client Component SSR]
    ./app/_components/Navbar.tsx [Server Component]
    ./app/layout.tsx [Server Component] @ http://localhost:3000/_next/static/chunks/node_modules_next_dist_0u_w_5s._.js:1945
[  250932ms] [ERROR] ./app/_components/NavLinksMobile.tsx:315:17
Expected '</', got 'ident'
  313 |                   be pinned to its dark rim rather than the page's. */}
  314 |               <CtaButton
> 315 |                 href={absPath(ctaLink.to)}
      |                 ^^^^
  316 |                 onClick={toggleNav}
  317 |                 size="sm"
  318 |                 className="liquid-glass--on-dark"

Parsing ecmascript source code failed

Import traces:
  Client Component Browser:
    ./app/_components/NavLinksMobile.tsx [Client Component Browser]
    ./app/_components/Navbar.tsx [Client Component Browser]
    ./app/_components/Navbar.tsx [Server Component]
    ./app/layout.tsx [Server Component]

  Client Component SSR:
    ./app/_components/NavLinksMobile.tsx [Client Component SSR]
    ./app/_components/Navbar.tsx [Client Component SSR]
    ./app/_components/Navbar.tsx [Server Component]
    ./app/layout.tsx [Server Component] @ http://localhost:3000/_next/static/chunks/node_modules_next_dist_0u_w_5s._.js:1945
[  250994ms] [ERROR] ./app/_components/NavLinksMobile.tsx:315:17
Expected '</', got 'ident'
  313 |                   be pinned to its dark rim rather than the page's. */}
  314 |               <CtaButton
> 315 |                 href={absPath(ctaLink.to)}
      |                 ^^^^
  316 |                 onClick={toggleNav}
  317 |                 size="sm"
  318 |                 className="liquid-glass--on-dark"

Parsing ecmascript source code failed

Import traces:
  Client Component Browser:
    ./app/_components/NavLinksMobile.tsx [Client Component Browser]
    ./app/_components/Navbar.tsx [Client Component Browser]
    ./app/_components/Navbar.tsx [Server Component]
    ./app/layout.tsx [Server Component]

  Client Component SSR:
    ./app/_components/NavLinksMobile.tsx [Client Component SSR]
    ./app/_components/Navbar.tsx [Client Component SSR]
    ./app/_components/Navbar.tsx [Server Component]
    ./app/layout.tsx [Server Component] @ http://localhost:3000/_next/static/chunks/node_modules_next_dist_0u_w_5s._.js:1945
[  251057ms] [ERROR] ./app/_components/NavLinksMobile.tsx:315:17
Expected '</', got 'ident'
  313 |                   be pinned to its dark rim rather than the page's. */}
  314 |               <CtaButton
> 315 |                 href={absPath(ctaLink.to)}
      |                 ^^^^
  316 |                 onClick={toggleNav}
  317 |                 size="sm"
  318 |                 className="liquid-glass--on-dark"

Parsing ecmascript source code failed

Import traces:
  Client Component Browser:
    ./app/_components/NavLinksMobile.tsx [Client Component Browser]
    ./app/_components/Navbar.tsx [Client Component Browser]
    ./app/_components/Navbar.tsx [Server Component]
    ./app/layout.tsx [Server Component]

  Client Component SSR:
    ./app/_components/NavLinksMobile.tsx [Client Component SSR]
    ./app/_components/Navbar.tsx [Client Component SSR]
    ./app/_components/Navbar.tsx [Server Component]
    ./app/layout.tsx [Server Component] @ http://localhost:3000/_next/static/chunks/node_modules_next_dist_0u_w_5s._.js:1945
[  251119ms] [ERROR] ./app/_components/NavLinksMobile.tsx:315:17
Expected '</', got 'ident'
  313 |                   be pinned to its dark rim rather than the page's. */}
  314 |               <CtaButton
> 315 |                 href={absPath(ctaLink.to)}
      |                 ^^^^
  316 |                 onClick={toggleNav}
  317 |                 size="sm"
  318 |                 className="liquid-glass--on-dark"

Parsing ecmascript source code failed

Import traces:
  Client Component Browser:
    ./app/_components/NavLinksMobile.tsx [Client Component Browser]
    ./app/_components/Navbar.tsx [Client Component Browser]
    ./app/_components/Navbar.tsx [Server Component]
    ./app/layout.tsx [Server Component]

  Client Component SSR:
    ./app/_components/NavLinksMobile.tsx [Client Component SSR]
    ./app/_components/Navbar.tsx [Client Component SSR]
    ./app/_components/Navbar.tsx [Server Component]
    ./app/layout.tsx [Server Component] @ http://localhost:3000/_next/static/chunks/node_modules_next_dist_0u_w_5s._.js:1945
[  251181ms] [ERROR] ./app/_components/NavLinksMobile.tsx:315:17
Expected '</', got 'ident'
  313 |                   be pinned to its dark rim rather than the page's. */}
  314 |               <CtaButton
> 315 |                 href={absPath(ctaLink.to)}
      |                 ^^^^
  316 |                 onClick={toggleNav}
  317 |                 size="sm"
  318 |                 className="liquid-glass--on-dark"

Parsing ecmascript source code failed

Import traces:
  Client Component Browser:
    ./app/_components/NavLinksMobile.tsx [Client Component Browser]
    ./app/_components/Navbar.tsx [Client Component Browser]
    ./app/_components/Navbar.tsx [Server Component]
    ./app/layout.tsx [Server Component]

  Client Component SSR:
    ./app/_components/NavLinksMobile.tsx [Client Component SSR]
    ./app/_components/Navbar.tsx [Client Component SSR]
    ./app/_components/Navbar.tsx [Server Component]
    ./app/layout.tsx [Server Component] @ http://localhost:3000/_next/static/chunks/node_modules_next_dist_0u_w_5s._.js:1945
[  251242ms] [ERROR] ./app/_components/NavLinksMobile.tsx:315:17
Expected '</', got 'ident'
  313 |                   be pinned to its dark rim rather than the page's. */}
  314 |               <CtaButton
> 315 |                 href={absPath(ctaLink.to)}
      |                 ^^^^
  316 |                 onClick={toggleNav}
  317 |                 size="sm"
  318 |                 className="liquid-glass--on-dark"

Parsing ecmascript source code failed

Import traces:
  Client Component Browser:
    ./app/_components/NavLinksMobile.tsx [Client Component Browser]
    ./app/_components/Navbar.tsx [Client Component Browser]
    ./app/_components/Navbar.tsx [Server Component]
    ./app/layout.tsx [Server Component]

  Client Component SSR:
    ./app/_components/NavLinksMobile.tsx [Client Component SSR]
    ./app/_components/Navbar.tsx [Client Component SSR]
    ./app/_components/Navbar.tsx [Server Component]
    ./app/layout.tsx [Server Component] @ http://localhost:3000/_next/static/chunks/node_modules_next_dist_0u_w_5s._.js:1945
[  251307ms] [ERROR] ./app/_components/NavLinksMobile.tsx:315:17
Expected '</', got 'ident'
  313 |                   be pinned to its dark rim rather than the page's. */}
  314 |               <CtaButton
> 315 |                 href={absPath(ctaLink.to)}
      |                 ^^^^
  316 |                 onClick={toggleNav}
  317 |                 size="sm"
  318 |                 className="liquid-glass--on-dark"

Parsing ecmascript source code failed

Import traces:
  Client Component Browser:
    ./app/_components/NavLinksMobile.tsx [Client Component Browser]
    ./app/_components/Navbar.tsx [Client Component Browser]
    ./app/_components/Navbar.tsx [Server Component]
    ./app/layout.tsx [Server Component]

  Client Component SSR:
    ./app/_components/NavLinksMobile.tsx [Client Component SSR]
    ./app/_components/Navbar.tsx [Client Component SSR]
    ./app/_components/Navbar.tsx [Server Component]
    ./app/layout.tsx [Server Component] @ http://localhost:3000/_next/static/chunks/node_modules_next_dist_0u_w_5s._.js:1945
[  251367ms] [ERROR] ./app/_components/NavLinksMobile.tsx:315:17
Expected '</', got 'ident'
  313 |                   be pinned to its dark rim rather than the page's. */}
  314 |               <CtaButton
> 315 |                 href={absPath(ctaLink.to)}
      |                 ^^^^
  316 |                 onClick={toggleNav}
  317 |                 size="sm"
  318 |                 className="liquid-glass--on-dark"

Parsing ecmascript source code failed

Import traces:
  Client Component Browser:
    ./app/_components/NavLinksMobile.tsx [Client Component Browser]
    ./app/_components/Navbar.tsx [Client Component Browser]
    ./app/_components/Navbar.tsx [Server Component]
    ./app/layout.tsx [Server Component]

  Client Component SSR:
    ./app/_components/NavLinksMobile.tsx [Client Component SSR]
    ./app/_components/Navbar.tsx [Client Component SSR]
    ./app/_components/Navbar.tsx [Server Component]
    ./app/layout.tsx [Server Component] @ http://localhost:3000/_next/static/chunks/node_modules_next_dist_0u_w_5s._.js:1945
[  251431ms] [ERROR] ./app/_components/NavLinksMobile.tsx:315:17
Expected '</', got 'ident'
  313 |                   be pinned to its dark rim rather than the page's. */}
  314 |               <CtaButton
> 315 |                 href={absPath(ctaLink.to)}
      |                 ^^^^
  316 |                 onClick={toggleNav}
  317 |                 size="sm"
  318 |                 className="liquid-glass--on-dark"

Parsing ecmascript source code failed

Import traces:
  Client Component Browser:
    ./app/_components/NavLinksMobile.tsx [Client Component Browser]
    ./app/_components/Navbar.tsx [Client Component Browser]
    ./app/_components/Navbar.tsx [Server Component]
    ./app/layout.tsx [Server Component]

  Client Component SSR:
    ./app/_components/NavLinksMobile.tsx [Client Component SSR]
    ./app/_components/Navbar.tsx [Client Component SSR]
    ./app/_components/Navbar.tsx [Server Component]
    ./app/layout.tsx [Server Component] @ http://localhost:3000/_next/static/chunks/node_modules_next_dist_0u_w_5s._.js:1945
[  251494ms] [ERROR] ./app/_components/NavLinksMobile.tsx:315:17
Expected '</', got 'ident'
  313 |                   be pinned to its dark rim rather than the page's. */}
  314 |               <CtaButton
> 315 |                 href={absPath(ctaLink.to)}
      |                 ^^^^
  316 |                 onClick={toggleNav}
  317 |                 size="sm"
  318 |                 className="liquid-glass--on-dark"

Parsing ecmascript source code failed

Import traces:
  Client Component Browser:
    ./app/_components/NavLinksMobile.tsx [Client Component Browser]
    ./app/_components/Navbar.tsx [Client Component Browser]
    ./app/_components/Navbar.tsx [Server Component]
    ./app/layout.tsx [Server Component]

  Client Component SSR:
    ./app/_components/NavLinksMobile.tsx [Client Component SSR]
    ./app/_components/Navbar.tsx [Client Component SSR]
    ./app/_components/Navbar.tsx [Server Component]
    ./app/layout.tsx [Server Component] @ http://localhost:3000/_next/static/chunks/node_modules_next_dist_0u_w_5s._.js:1945
[  251554ms] [ERROR] ./app/_components/NavLinksMobile.tsx:315:17
Expected '</', got 'ident'
  313 |                   be pinned to its dark rim rather than the page's. */}
  314 |               <CtaButton
> 315 |                 href={absPath(ctaLink.to)}
      |                 ^^^^
  316 |                 onClick={toggleNav}
  317 |                 size="sm"
  318 |                 className="liquid-glass--on-dark"

Parsing ecmascript source code failed

Import traces:
  Client Component Browser:
    ./app/_components/NavLinksMobile.tsx [Client Component Browser]
    ./app/_components/Navbar.tsx [Client Component Browser]
    ./app/_components/Navbar.tsx [Server Component]
    ./app/layout.tsx [Server Component]

  Client Component SSR:
    ./app/_components/NavLinksMobile.tsx [Client Component SSR]
    ./app/_components/Navbar.tsx [Client Component SSR]
    ./app/_components/Navbar.tsx [Server Component]
    ./app/layout.tsx [Server Component] @ http://localhost:3000/_next/static/chunks/node_modules_next_dist_0u_w_5s._.js:1945
[  251616ms] [ERROR] ./app/_components/NavLinksMobile.tsx:315:17
Expected '</', got 'ident'
  313 |                   be pinned to its dark rim rather than the page's. */}
  314 |               <CtaButton
> 315 |                 href={absPath(ctaLink.to)}
      |                 ^^^^
  316 |                 onClick={toggleNav}
  317 |                 size="sm"
  318 |                 className="liquid-glass--on-dark"

Parsing ecmascript source code failed

Import traces:
  Client Component Browser:
    ./app/_components/NavLinksMobile.tsx [Client Component Browser]
    ./app/_components/Navbar.tsx [Client Component Browser]
    ./app/_components/Navbar.tsx [Server Component]
    ./app/layout.tsx [Server Component]

  Client Component SSR:
    ./app/_components/NavLinksMobile.tsx [Client Component SSR]
    ./app/_components/Navbar.tsx [Client Component SSR]
    ./app/_components/Navbar.tsx [Server Component]
    ./app/layout.tsx [Server Component] @ http://localhost:3000/_next/static/chunks/node_modules_next_dist_0u_w_5s._.js:1945
[  251678ms] [ERROR] ./app/_components/NavLinksMobile.tsx:315:17
Expected '</', got 'ident'
  313 |                   be pinned to its dark rim rather than the page's. */}
  314 |               <CtaButton
> 315 |                 href={absPath(ctaLink.to)}
      |                 ^^^^
  316 |                 onClick={toggleNav}
  317 |                 size="sm"
  318 |                 className="liquid-glass--on-dark"

Parsing ecmascript source code failed

Import traces:
  Client Component Browser:
    ./app/_components/NavLinksMobile.tsx [Client Component Browser]
    ./app/_components/Navbar.tsx [Client Component Browser]
    ./app/_components/Navbar.tsx [Server Component]
    ./app/layout.tsx [Server Component]

  Client Component SSR:
    ./app/_components/NavLinksMobile.tsx [Client Component SSR]
    ./app/_components/Navbar.tsx [Client Component SSR]
    ./app/_components/Navbar.tsx [Server Component]
    ./app/layout.tsx [Server Component] @ http://localhost:3000/_next/static/chunks/node_modules_next_dist_0u_w_5s._.js:1945
[  251739ms] [ERROR] ./app/_components/NavLinksMobile.tsx:315:17
Expected '</', got 'ident'
  313 |                   be pinned to its dark rim rather than the page's. */}
  314 |               <CtaButton
> 315 |                 href={absPath(ctaLink.to)}
      |                 ^^^^
  316 |                 onClick={toggleNav}
  317 |                 size="sm"
  318 |                 className="liquid-glass--on-dark"

Parsing ecmascript source code failed

Import traces:
  Client Component Browser:
    ./app/_components/NavLinksMobile.tsx [Client Component Browser]
    ./app/_components/Navbar.tsx [Client Component Browser]
    ./app/_components/Navbar.tsx [Server Component]
    ./app/layout.tsx [Server Component]

  Client Component SSR:
    ./app/_components/NavLinksMobile.tsx [Client Component SSR]
    ./app/_components/Navbar.tsx [Client Component SSR]
    ./app/_components/Navbar.tsx [Server Component]
    ./app/layout.tsx [Server Component] @ http://localhost:3000/_next/static/chunks/node_modules_next_dist_0u_w_5s._.js:1945
[  251802ms] [ERROR] ./app/_components/NavLinksMobile.tsx:315:17
Expected '</', got 'ident'
  313 |                   be pinned to its dark rim rather than the page's. */}
  314 |               <CtaButton
> 315 |                 href={absPath(ctaLink.to)}
      |                 ^^^^
  316 |                 onClick={toggleNav}
  317 |                 size="sm"
  318 |                 className="liquid-glass--on-dark"

Parsing ecmascript source code failed

Import traces:
  Client Component Browser:
    ./app/_components/NavLinksMobile.tsx [Client Component Browser]
    ./app/_components/Navbar.tsx [Client Component Browser]
    ./app/_components/Navbar.tsx [Server Component]
    ./app/layout.tsx [Server Component]

  Client Component SSR:
    ./app/_components/NavLinksMobile.tsx [Client Component SSR]
    ./app/_components/Navbar.tsx [Client Component SSR]
    ./app/_components/Navbar.tsx [Server Component]
    ./app/layout.tsx [Server Component] @ http://localhost:3000/_next/static/chunks/node_modules_next_dist_0u_w_5s._.js:1945
[  251865ms] [ERROR] ./app/_components/NavLinksMobile.tsx:315:17
Expected '</', got 'ident'
  313 |                   be pinned to its dark rim rather than the page's. */}
  314 |               <CtaButton
> 315 |                 href={absPath(ctaLink.to)}
      |                 ^^^^
  316 |                 onClick={toggleNav}
  317 |                 size="sm"
  318 |                 className="liquid-glass--on-dark"

Parsing ecmascript source code failed

Import traces:
  Client Component Browser:
    ./app/_components/NavLinksMobile.tsx [Client Component Browser]
    ./app/_components/Navbar.tsx [Client Component Browser]
    ./app/_components/Navbar.tsx [Server Component]
    ./app/layout.tsx [Server Component]

  Client Component SSR:
    ./app/_components/NavLinksMobile.tsx [Client Component SSR]
    ./app/_components/Navbar.tsx [Client Component SSR]
    ./app/_components/Navbar.tsx [Server Component]
    ./app/layout.tsx [Server Component] @ http://localhost:3000/_next/static/chunks/node_modules_next_dist_0u_w_5s._.js:1945
[  251927ms] [ERROR] ./app/_components/NavLinksMobile.tsx:315:17
Expected '</', got 'ident'
  313 |                   be pinned to its dark rim rather than the page's. */}
  314 |               <CtaButton
> 315 |                 href={absPath(ctaLink.to)}
      |                 ^^^^
  316 |                 onClick={toggleNav}
  317 |                 size="sm"
  318 |                 className="liquid-glass--on-dark"

Parsing ecmascript source code failed

Import traces:
  Client Component Browser:
    ./app/_components/NavLinksMobile.tsx [Client Component Browser]
    ./app/_components/Navbar.tsx [Client Component Browser]
    ./app/_components/Navbar.tsx [Server Component]
    ./app/layout.tsx [Server Component]

  Client Component SSR:
    ./app/_components/NavLinksMobile.tsx [Client Component SSR]
    ./app/_components/Navbar.tsx [Client Component SSR]
    ./app/_components/Navbar.tsx [Server Component]
    ./app/layout.tsx [Server Component] @ http://localhost:3000/_next/static/chunks/node_modules_next_dist_0u_w_5s._.js:1945
[  251990ms] [ERROR] ./app/_components/NavLinksMobile.tsx:315:17
Expected '</', got 'ident'
  313 |                   be pinned to its dark rim rather than the page's. */}
  314 |               <CtaButton
> 315 |                 href={absPath(ctaLink.to)}
      |                 ^^^^
  316 |                 onClick={toggleNav}
  317 |                 size="sm"
  318 |                 className="liquid-glass--on-dark"

Parsing ecmascript source code failed

Import traces:
  Client Component Browser:
    ./app/_components/NavLinksMobile.tsx [Client Component Browser]
    ./app/_components/Navbar.tsx [Client Component Browser]
    ./app/_components/Navbar.tsx [Server Component]
    ./app/layout.tsx [Server Component]

  Client Component SSR:
    ./app/_components/NavLinksMobile.tsx [Client Component SSR]
    ./app/_components/Navbar.tsx [Client Component SSR]
    ./app/_components/Navbar.tsx [Server Component]
    ./app/layout.tsx [Server Component] @ http://localhost:3000/_next/static/chunks/node_modules_next_dist_0u_w_5s._.js:1945
[  252054ms] [ERROR] ./app/_components/NavLinksMobile.tsx:315:17
Expected '</', got 'ident'
  313 |                   be pinned to its dark rim rather than the page's. */}
  314 |               <CtaButton
> 315 |                 href={absPath(ctaLink.to)}
      |                 ^^^^
  316 |                 onClick={toggleNav}
  317 |                 size="sm"
  318 |                 className="liquid-glass--on-dark"

Parsing ecmascript source code failed

Import traces:
  Client Component Browser:
    ./app/_components/NavLinksMobile.tsx [Client Component Browser]
    ./app/_components/Navbar.tsx [Client Component Browser]
    ./app/_components/Navbar.tsx [Server Component]
    ./app/layout.tsx [Server Component]

  Client Component SSR:
    ./app/_components/NavLinksMobile.tsx [Client Component SSR]
    ./app/_components/Navbar.tsx [Client Component SSR]
    ./app/_components/Navbar.tsx [Server Component]
    ./app/layout.tsx [Server Component] @ http://localhost:3000/_next/static/chunks/node_modules_next_dist_0u_w_5s._.js:1945
[  252115ms] [ERROR] ./app/_components/NavLinksMobile.tsx:315:17
Expected '</', got 'ident'
  313 |                   be pinned to its dark rim rather than the page's. */}
  314 |               <CtaButton
> 315 |                 href={absPath(ctaLink.to)}
      |                 ^^^^
  316 |                 onClick={toggleNav}
  317 |                 size="sm"
  318 |                 className="liquid-glass--on-dark"

Parsing ecmascript source code failed

Import traces:
  Client Component Browser:
    ./app/_components/NavLinksMobile.tsx [Client Component Browser]
    ./app/_components/Navbar.tsx [Client Component Browser]
    ./app/_components/Navbar.tsx [Server Component]
    ./app/layout.tsx [Server Component]

  Client Component SSR:
    ./app/_components/NavLinksMobile.tsx [Client Component SSR]
    ./app/_components/Navbar.tsx [Client Component SSR]
    ./app/_components/Navbar.tsx [Server Component]
    ./app/layout.tsx [Server Component] @ http://localhost:3000/_next/static/chunks/node_modules_next_dist_0u_w_5s._.js:1945
[  252179ms] [ERROR] ./app/_components/NavLinksMobile.tsx:315:17
Expected '</', got 'ident'
  313 |                   be pinned to its dark rim rather than the page's. */}
  314 |               <CtaButton
> 315 |                 href={absPath(ctaLink.to)}
      |                 ^^^^
  316 |                 onClick={toggleNav}
  317 |                 size="sm"
  318 |                 className="liquid-glass--on-dark"

Parsing ecmascript source code failed

Import traces:
  Client Component Browser:
    ./app/_components/NavLinksMobile.tsx [Client Component Browser]
    ./app/_components/Navbar.tsx [Client Component Browser]
    ./app/_components/Navbar.tsx [Server Component]
    ./app/layout.tsx [Server Component]

  Client Component SSR:
    ./app/_components/NavLinksMobile.tsx [Client Component SSR]
    ./app/_components/Navbar.tsx [Client Component SSR]
    ./app/_components/Navbar.tsx [Server Component]
    ./app/layout.tsx [Server Component] @ http://localhost:3000/_next/static/chunks/node_modules_next_dist_0u_w_5s._.js:1945
[  252240ms] [ERROR] ./app/_components/NavLinksMobile.tsx:315:17
Expected '</', got 'ident'
  313 |                   be pinned to its dark rim rather than the page's. */}
  314 |               <CtaButton
> 315 |                 href={absPath(ctaLink.to)}
      |                 ^^^^
  316 |                 onClick={toggleNav}
  317 |                 size="sm"
  318 |                 className="liquid-glass--on-dark"

Parsing ecmascript source code failed

Import traces:
  Client Component Browser:
    ./app/_components/NavLinksMobile.tsx [Client Component Browser]
    ./app/_components/Navbar.tsx [Client Component Browser]
    ./app/_components/Navbar.tsx [Server Component]
    ./app/layout.tsx [Server Component]

  Client Component SSR:
    ./app/_components/NavLinksMobile.tsx [Client Component SSR]
    ./app/_components/Navbar.tsx [Client Component SSR]
    ./app/_components/Navbar.tsx [Server Component]
    ./app/layout.tsx [Server Component] @ http://localhost:3000/_next/static/chunks/node_modules_next_dist_0u_w_5s._.js:1945
[  252302ms] [ERROR] ./app/_components/NavLinksMobile.tsx:315:17
Expected '</', got 'ident'
  313 |                   be pinned to its dark rim rather than the page's. */}
  314 |               <CtaButton
> 315 |                 href={absPath(ctaLink.to)}
      |                 ^^^^
  316 |                 onClick={toggleNav}
  317 |                 size="sm"
  318 |                 className="liquid-glass--on-dark"

Parsing ecmascript source code failed

Import traces:
  Client Component Browser:
    ./app/_components/NavLinksMobile.tsx [Client Component Browser]
    ./app/_components/Navbar.tsx [Client Component Browser]
    ./app/_components/Navbar.tsx [Server Component]
    ./app/layout.tsx [Server Component]

  Client Component SSR:
    ./app/_components/NavLinksMobile.tsx [Client Component SSR]
    ./app/_components/Navbar.tsx [Client Component SSR]
    ./app/_components/Navbar.tsx [Server Component]
    ./app/layout.tsx [Server Component] @ http://localhost:3000/_next/static/chunks/node_modules_next_dist_0u_w_5s._.js:1945
[  252366ms] [ERROR] ./app/_components/NavLinksMobile.tsx:315:17
Expected '</', got 'ident'
  313 |                   be pinned to its dark rim rather than the page's. */}
  314 |               <CtaButton
> 315 |                 href={absPath(ctaLink.to)}
      |                 ^^^^
  316 |                 onClick={toggleNav}
  317 |                 size="sm"
  318 |                 className="liquid-glass--on-dark"

Parsing ecmascript source code failed

Import traces:
  Client Component Browser:
    ./app/_components/NavLinksMobile.tsx [Client Component Browser]
    ./app/_components/Navbar.tsx [Client Component Browser]
    ./app/_components/Navbar.tsx [Server Component]
    ./app/layout.tsx [Server Component]

  Client Component SSR:
    ./app/_components/NavLinksMobile.tsx [Client Component SSR]
    ./app/_components/Navbar.tsx [Client Component SSR]
    ./app/_components/Navbar.tsx [Server Component]
    ./app/layout.tsx [Server Component] @ http://localhost:3000/_next/static/chunks/node_modules_next_dist_0u_w_5s._.js:1945
[  252426ms] [ERROR] ./app/_components/NavLinksMobile.tsx:315:17
Expected '</', got 'ident'
  313 |                   be pinned to its dark rim rather than the page's. */}
  314 |               <CtaButton
> 315 |                 href={absPath(ctaLink.to)}
      |                 ^^^^
  316 |                 onClick={toggleNav}
  317 |                 size="sm"
  318 |                 className="liquid-glass--on-dark"

Parsing ecmascript source code failed

Import traces:
  Client Component Browser:
    ./app/_components/NavLinksMobile.tsx [Client Component Browser]
    ./app/_components/Navbar.tsx [Client Component Browser]
    ./app/_components/Navbar.tsx [Server Component]
    ./app/layout.tsx [Server Component]

  Client Component SSR:
    ./app/_components/NavLinksMobile.tsx [Client Component SSR]
    ./app/_components/Navbar.tsx [Client Component SSR]
    ./app/_components/Navbar.tsx [Server Component]
    ./app/layout.tsx [Server Component] @ http://localhost:3000/_next/static/chunks/node_modules_next_dist_0u_w_5s._.js:1945
[  252490ms] [ERROR] ./app/_components/NavLinksMobile.tsx:315:17
Expected '</', got 'ident'
  313 |                   be pinned to its dark rim rather than the page's. */}
  314 |               <CtaButton
> 315 |                 href={absPath(ctaLink.to)}
      |                 ^^^^
  316 |                 onClick={toggleNav}
  317 |                 size="sm"
  318 |                 className="liquid-glass--on-dark"

Parsing ecmascript source code failed

Import traces:
  Client Component Browser:
    ./app/_components/NavLinksMobile.tsx [Client Component Browser]
    ./app/_components/Navbar.tsx [Client Component Browser]
    ./app/_components/Navbar.tsx [Server Component]
    ./app/layout.tsx [Server Component]

  Client Component SSR:
    ./app/_components/NavLinksMobile.tsx [Client Component SSR]
    ./app/_components/Navbar.tsx [Client Component SSR]
    ./app/_components/Navbar.tsx [Server Component]
    ./app/layout.tsx [Server Component] @ http://localhost:3000/_next/static/chunks/node_modules_next_dist_0u_w_5s._.js:1945
[  252551ms] [ERROR] ./app/_components/NavLinksMobile.tsx:315:17
Expected '</', got 'ident'
  313 |                   be pinned to its dark rim rather than the page's. */}
  314 |               <CtaButton
> 315 |                 href={absPath(ctaLink.to)}
      |                 ^^^^
  316 |                 onClick={toggleNav}
  317 |                 size="sm"
  318 |                 className="liquid-glass--on-dark"

Parsing ecmascript source code failed

Import traces:
  Client Component Browser:
    ./app/_components/NavLinksMobile.tsx [Client Component Browser]
    ./app/_components/Navbar.tsx [Client Component Browser]
    ./app/_components/Navbar.tsx [Server Component]
    ./app/layout.tsx [Server Component]

  Client Component SSR:
    ./app/_components/NavLinksMobile.tsx [Client Component SSR]
    ./app/_components/Navbar.tsx [Client Component SSR]
    ./app/_components/Navbar.tsx [Server Component]
    ./app/layout.tsx [Server Component] @ http://localhost:3000/_next/static/chunks/node_modules_next_dist_0u_w_5s._.js:1945
[  252615ms] [ERROR] ./app/_components/NavLinksMobile.tsx:315:17
Expected '</', got 'ident'
  313 |                   be pinned to its dark rim rather than the page's. */}
  314 |               <CtaButton
> 315 |                 href={absPath(ctaLink.to)}
      |                 ^^^^
  316 |                 onClick={toggleNav}
  317 |                 size="sm"
  318 |                 className="liquid-glass--on-dark"

Parsing ecmascript source code failed

Import traces:
  Client Component Browser:
    ./app/_components/NavLinksMobile.tsx [Client Component Browser]
    ./app/_components/Navbar.tsx [Client Component Browser]
    ./app/_components/Navbar.tsx [Server Component]
    ./app/layout.tsx [Server Component]

  Client Component SSR:
    ./app/_components/NavLinksMobile.tsx [Client Component SSR]
    ./app/_components/Navbar.tsx [Client Component SSR]
    ./app/_components/Navbar.tsx [Server Component]
    ./app/layout.tsx [Server Component] @ http://localhost:3000/_next/static/chunks/node_modules_next_dist_0u_w_5s._.js:1945
[  252676ms] [ERROR] ./app/_components/NavLinksMobile.tsx:315:17
Expected '</', got 'ident'
  313 |                   be pinned to its dark rim rather than the page's. */}
  314 |               <CtaButton
> 315 |                 href={absPath(ctaLink.to)}
      |                 ^^^^
  316 |                 onClick={toggleNav}
  317 |                 size="sm"
  318 |                 className="liquid-glass--on-dark"

Parsing ecmascript source code failed

Import traces:
  Client Component Browser:
    ./app/_components/NavLinksMobile.tsx [Client Component Browser]
    ./app/_components/Navbar.tsx [Client Component Browser]
    ./app/_components/Navbar.tsx [Server Component]
    ./app/layout.tsx [Server Component]

  Client Component SSR:
    ./app/_components/NavLinksMobile.tsx [Client Component SSR]
    ./app/_components/Navbar.tsx [Client Component SSR]
    ./app/_components/Navbar.tsx [Server Component]
    ./app/layout.tsx [Server Component] @ http://localhost:3000/_next/static/chunks/node_modules_next_dist_0u_w_5s._.js:1945
[  252740ms] [ERROR] ./app/_components/NavLinksMobile.tsx:315:17
Expected '</', got 'ident'
  313 |                   be pinned to its dark rim rather than the page's. */}
  314 |               <CtaButton
> 315 |                 href={absPath(ctaLink.to)}
      |                 ^^^^
  316 |                 onClick={toggleNav}
  317 |                 size="sm"
  318 |                 className="liquid-glass--on-dark"

Parsing ecmascript source code failed

Import traces:
  Client Component Browser:
    ./app/_components/NavLinksMobile.tsx [Client Component Browser]
    ./app/_components/Navbar.tsx [Client Component Browser]
    ./app/_components/Navbar.tsx [Server Component]
    ./app/layout.tsx [Server Component]

  Client Component SSR:
    ./app/_components/NavLinksMobile.tsx [Client Component SSR]
    ./app/_components/Navbar.tsx [Client Component SSR]
    ./app/_components/Navbar.tsx [Server Component]
    ./app/layout.tsx [Server Component] @ http://localhost:3000/_next/static/chunks/node_modules_next_dist_0u_w_5s._.js:1945
[  252803ms] [ERROR] ./app/_components/NavLinksMobile.tsx:315:17
Expected '</', got 'ident'
  313 |                   be pinned to its dark rim rather than the page's. */}
  314 |               <CtaButton
> 315 |                 href={absPath(ctaLink.to)}
      |                 ^^^^
  316 |                 onClick={toggleNav}
  317 |                 size="sm"
  318 |                 className="liquid-glass--on-dark"

Parsing ecmascript source code failed

Import traces:
  Client Component Browser:
    ./app/_components/NavLinksMobile.tsx [Client Component Browser]
    ./app/_components/Navbar.tsx [Client Component Browser]
    ./app/_components/Navbar.tsx [Server Component]
    ./app/layout.tsx [Server Component]

  Client Component SSR:
    ./app/_components/NavLinksMobile.tsx [Client Component SSR]
    ./app/_components/Navbar.tsx [Client Component SSR]
    ./app/_components/Navbar.tsx [Server Component]
    ./app/layout.tsx [Server Component] @ http://localhost:3000/_next/static/chunks/node_modules_next_dist_0u_w_5s._.js:1945
[  252865ms] [ERROR] ./app/_components/NavLinksMobile.tsx:315:17
Expected '</', got 'ident'
  313 |                   be pinned to its dark rim rather than the page's. */}
  314 |               <CtaButton
> 315 |                 href={absPath(ctaLink.to)}
      |                 ^^^^
  316 |                 onClick={toggleNav}
  317 |                 size="sm"
  318 |                 className="liquid-glass--on-dark"

Parsing ecmascript source code failed

Import traces:
  Client Component Browser:
    ./app/_components/NavLinksMobile.tsx [Client Component Browser]
    ./app/_components/Navbar.tsx [Client Component Browser]
    ./app/_components/Navbar.tsx [Server Component]
    ./app/layout.tsx [Server Component]

  Client Component SSR:
    ./app/_components/NavLinksMobile.tsx [Client Component SSR]
    ./app/_components/Navbar.tsx [Client Component SSR]
    ./app/_components/Navbar.tsx [Server Component]
    ./app/layout.tsx [Server Component] @ http://localhost:3000/_next/static/chunks/node_modules_next_dist_0u_w_5s._.js:1945
[  252924ms] [ERROR] ./app/_components/NavLinksMobile.tsx:315:17
Expected '</', got 'ident'
  313 |                   be pinned to its dark rim rather than the page's. */}
  314 |               <CtaButton
> 315 |                 href={absPath(ctaLink.to)}
      |                 ^^^^
  316 |                 onClick={toggleNav}
  317 |                 size="sm"
  318 |                 className="liquid-glass--on-dark"

Parsing ecmascript source code failed

Import traces:
  Client Component Browser:
    ./app/_components/NavLinksMobile.tsx [Client Component Browser]
    ./app/_components/Navbar.tsx [Client Component Browser]
    ./app/_components/Navbar.tsx [Server Component]
    ./app/layout.tsx [Server Component]

  Client Component SSR:
    ./app/_components/NavLinksMobile.tsx [Client Component SSR]
    ./app/_components/Navbar.tsx [Client Component SSR]
    ./app/_components/Navbar.tsx [Server Component]
    ./app/layout.tsx [Server Component] @ http://localhost:3000/_next/static/chunks/node_modules_next_dist_0u_w_5s._.js:1945
[  252986ms] [ERROR] ./app/_components/NavLinksMobile.tsx:315:17
Expected '</', got 'ident'
  313 |                   be pinned to its dark rim rather than the page's. */}
  314 |               <CtaButton
> 315 |                 href={absPath(ctaLink.to)}
      |                 ^^^^
  316 |                 onClick={toggleNav}
  317 |                 size="sm"
  318 |                 className="liquid-glass--on-dark"

Parsing ecmascript source code failed

Import traces:
  Client Component Browser:
    ./app/_components/NavLinksMobile.tsx [Client Component Browser]
    ./app/_components/Navbar.tsx [Client Component Browser]
    ./app/_components/Navbar.tsx [Server Component]
    ./app/layout.tsx [Server Component]

  Client Component SSR:
    ./app/_components/NavLinksMobile.tsx [Client Component SSR]
    ./app/_components/Navbar.tsx [Client Component SSR]
    ./app/_components/Navbar.tsx [Server Component]
    ./app/layout.tsx [Server Component] @ http://localhost:3000/_next/static/chunks/node_modules_next_dist_0u_w_5s._.js:1945
[  253048ms] [ERROR] ./app/_components/NavLinksMobile.tsx:315:17
Expected '</', got 'ident'
  313 |                   be pinned to its dark rim rather than the page's. */}
  314 |               <CtaButton
> 315 |                 href={absPath(ctaLink.to)}
      |                 ^^^^
  316 |                 onClick={toggleNav}
  317 |                 size="sm"
  318 |                 className="liquid-glass--on-dark"

Parsing ecmascript source code failed

Import traces:
  Client Component Browser:
    ./app/_components/NavLinksMobile.tsx [Client Component Browser]
    ./app/_components/Navbar.tsx [Client Component Browser]
    ./app/_components/Navbar.tsx [Server Component]
    ./app/layout.tsx [Server Component]

  Client Component SSR:
    ./app/_components/NavLinksMobile.tsx [Client Component SSR]
    ./app/_components/Navbar.tsx [Client Component SSR]
    ./app/_components/Navbar.tsx [Server Component]
    ./app/layout.tsx [Server Component] @ http://localhost:3000/_next/static/chunks/node_modules_next_dist_0u_w_5s._.js:1945
[  253109ms] [ERROR] ./app/_components/NavLinksMobile.tsx:315:17
Expected '</', got 'ident'
  313 |                   be pinned to its dark rim rather than the page's. */}
  314 |               <CtaButton
> 315 |                 href={absPath(ctaLink.to)}
      |                 ^^^^
  316 |                 onClick={toggleNav}
  317 |                 size="sm"
  318 |                 className="liquid-glass--on-dark"

Parsing ecmascript source code failed

Import traces:
  Client Component Browser:
    ./app/_components/NavLinksMobile.tsx [Client Component Browser]
    ./app/_components/Navbar.tsx [Client Component Browser]
    ./app/_components/Navbar.tsx [Server Component]
    ./app/layout.tsx [Server Component]

  Client Component SSR:
    ./app/_components/NavLinksMobile.tsx [Client Component SSR]
    ./app/_components/Navbar.tsx [Client Component SSR]
    ./app/_components/Navbar.tsx [Server Component]
    ./app/layout.tsx [Server Component] @ http://localhost:3000/_next/static/chunks/node_modules_next_dist_0u_w_5s._.js:1945
[  253174ms] [ERROR] ./app/_components/NavLinksMobile.tsx:315:17
Expected '</', got 'ident'
  313 |                   be pinned to its dark rim rather than the page's. */}
  314 |               <CtaButton
> 315 |                 href={absPath(ctaLink.to)}
      |                 ^^^^
  316 |                 onClick={toggleNav}
  317 |                 size="sm"
  318 |                 className="liquid-glass--on-dark"

Parsing ecmascript source code failed

Import traces:
  Client Component Browser:
    ./app/_components/NavLinksMobile.tsx [Client Component Browser]
    ./app/_components/Navbar.tsx [Client Component Browser]
    ./app/_components/Navbar.tsx [Server Component]
    ./app/layout.tsx [Server Component]

  Client Component SSR:
    ./app/_components/NavLinksMobile.tsx [Client Component SSR]
    ./app/_components/Navbar.tsx [Client Component SSR]
    ./app/_components/Navbar.tsx [Server Component]
    ./app/layout.tsx [Server Component] @ http://localhost:3000/_next/static/chunks/node_modules_next_dist_0u_w_5s._.js:1945
[  253236ms] [ERROR] ./app/_components/NavLinksMobile.tsx:315:17
Expected '</', got 'ident'
  313 |                   be pinned to its dark rim rather than the page's. */}
  314 |               <CtaButton
> 315 |                 href={absPath(ctaLink.to)}
      |                 ^^^^
  316 |                 onClick={toggleNav}
  317 |                 size="sm"
  318 |                 className="liquid-glass--on-dark"

Parsing ecmascript source code failed

Import traces:
  Client Component Browser:
    ./app/_components/NavLinksMobile.tsx [Client Component Browser]
    ./app/_components/Navbar.tsx [Client Component Browser]
    ./app/_components/Navbar.tsx [Server Component]
    ./app/layout.tsx [Server Component]

  Client Component SSR:
    ./app/_components/NavLinksMobile.tsx [Client Component SSR]
    ./app/_components/Navbar.tsx [Client Component SSR]
    ./app/_components/Navbar.tsx [Server Component]
    ./app/layout.tsx [Server Component] @ http://localhost:3000/_next/static/chunks/node_modules_next_dist_0u_w_5s._.js:1945
[  253295ms] [ERROR] ./app/_components/NavLinksMobile.tsx:315:17
Expected '</', got 'ident'
  313 |                   be pinned to its dark rim rather than the page's. */}
  314 |               <CtaButton
> 315 |                 href={absPath(ctaLink.to)}
      |                 ^^^^
  316 |                 onClick={toggleNav}
  317 |                 size="sm"
  318 |                 className="liquid-glass--on-dark"

Parsing ecmascript source code failed

Import traces:
  Client Component Browser:
    ./app/_components/NavLinksMobile.tsx [Client Component Browser]
    ./app/_components/Navbar.tsx [Client Component Browser]
    ./app/_components/Navbar.tsx [Server Component]
    ./app/layout.tsx [Server Component]

  Client Component SSR:
    ./app/_components/NavLinksMobile.tsx [Client Component SSR]
    ./app/_components/Navbar.tsx [Client Component SSR]
    ./app/_components/Navbar.tsx [Server Component]
    ./app/layout.tsx [Server Component] @ http://localhost:3000/_next/static/chunks/node_modules_next_dist_0u_w_5s._.js:1945
[  253356ms] [ERROR] ./app/_components/NavLinksMobile.tsx:315:17
Expected '</', got 'ident'
  313 |                   be pinned to its dark rim rather than the page's. */}
  314 |               <CtaButton
> 315 |                 href={absPath(ctaLink.to)}
      |                 ^^^^
  316 |                 onClick={toggleNav}
  317 |                 size="sm"
  318 |                 className="liquid-glass--on-dark"

Parsing ecmascript source code failed

Import traces:
  Client Component Browser:
    ./app/_components/NavLinksMobile.tsx [Client Component Browser]
    ./app/_components/Navbar.tsx [Client Component Browser]
    ./app/_components/Navbar.tsx [Server Component]
    ./app/layout.tsx [Server Component]

  Client Component SSR:
    ./app/_components/NavLinksMobile.tsx [Client Component SSR]
    ./app/_components/Navbar.tsx [Client Component SSR]
    ./app/_components/Navbar.tsx [Server Component]
    ./app/layout.tsx [Server Component] @ http://localhost:3000/_next/static/chunks/node_modules_next_dist_0u_w_5s._.js:1945
[  253421ms] [ERROR] ./app/_components/NavLinksMobile.tsx:315:17
Expected '</', got 'ident'
  313 |                   be pinned to its dark rim rather than the page's. */}
  314 |               <CtaButton
> 315 |                 href={absPath(ctaLink.to)}
      |                 ^^^^
  316 |                 onClick={toggleNav}
  317 |                 size="sm"
  318 |                 className="liquid-glass--on-dark"

Parsing ecmascript source code failed

Import traces:
  Client Component Browser:
    ./app/_components/NavLinksMobile.tsx [Client Component Browser]
    ./app/_components/Navbar.tsx [Client Component Browser]
    ./app/_components/Navbar.tsx [Server Component]
    ./app/layout.tsx [Server Component]

  Client Component SSR:
    ./app/_components/NavLinksMobile.tsx [Client Component SSR]
    ./app/_components/Navbar.tsx [Client Component SSR]
    ./app/_components/Navbar.tsx [Server Component]
    ./app/layout.tsx [Server Component] @ http://localhost:3000/_next/static/chunks/node_modules_next_dist_0u_w_5s._.js:1945
[  253485ms] [ERROR] ./app/_components/NavLinksMobile.tsx:315:17
Expected '</', got 'ident'
  313 |                   be pinned to its dark rim rather than the page's. */}
  314 |               <CtaButton
> 315 |                 href={absPath(ctaLink.to)}
      |                 ^^^^
  316 |                 onClick={toggleNav}
  317 |                 size="sm"
  318 |                 className="liquid-glass--on-dark"

Parsing ecmascript source code failed

Import traces:
  Client Component Browser:
    ./app/_components/NavLinksMobile.tsx [Client Component Browser]
    ./app/_components/Navbar.tsx [Client Component Browser]
    ./app/_components/Navbar.tsx [Server Component]
    ./app/layout.tsx [Server Component]

  Client Component SSR:
    ./app/_components/NavLinksMobile.tsx [Client Component SSR]
    ./app/_components/Navbar.tsx [Client Component SSR]
    ./app/_components/Navbar.tsx [Server Component]
    ./app/layout.tsx [Server Component] @ http://localhost:3000/_next/static/chunks/node_modules_next_dist_0u_w_5s._.js:1945
[  253548ms] [ERROR] ./app/_components/NavLinksMobile.tsx:315:17
Expected '</', got 'ident'
  313 |                   be pinned to its dark rim rather than the page's. */}
  314 |               <CtaButton
> 315 |                 href={absPath(ctaLink.to)}
      |                 ^^^^
  316 |                 onClick={toggleNav}
  317 |                 size="sm"
  318 |                 className="liquid-glass--on-dark"

Parsing ecmascript source code failed

Import traces:
  Client Component Browser:
    ./app/_components/NavLinksMobile.tsx [Client Component Browser]
    ./app/_components/Navbar.tsx [Client Component Browser]
    ./app/_components/Navbar.tsx [Server Component]
    ./app/layout.tsx [Server Component]

  Client Component SSR:
    ./app/_components/NavLinksMobile.tsx [Client Component SSR]
    ./app/_components/Navbar.tsx [Client Component SSR]
    ./app/_components/Navbar.tsx [Server Component]
    ./app/layout.tsx [Server Component] @ http://localhost:3000/_next/static/chunks/node_modules_next_dist_0u_w_5s._.js:1945
[  253611ms] [ERROR] ./app/_components/NavLinksMobile.tsx:315:17
Expected '</', got 'ident'
  313 |                   be pinned to its dark rim rather than the page's. */}
  314 |               <CtaButton
> 315 |                 href={absPath(ctaLink.to)}
      |                 ^^^^
  316 |                 onClick={toggleNav}
  317 |                 size="sm"
  318 |                 className="liquid-glass--on-dark"

Parsing ecmascript source code failed

Import traces:
  Client Component Browser:
    ./app/_components/NavLinksMobile.tsx [Client Component Browser]
    ./app/_components/Navbar.tsx [Client Component Browser]
    ./app/_components/Navbar.tsx [Server Component]
    ./app/layout.tsx [Server Component]

  Client Component SSR:
    ./app/_components/NavLinksMobile.tsx [Client Component SSR]
    ./app/_components/Navbar.tsx [Client Component SSR]
    ./app/_components/Navbar.tsx [Server Component]
    ./app/layout.tsx [Server Component] @ http://localhost:3000/_next/static/chunks/node_modules_next_dist_0u_w_5s._.js:1945
[  253673ms] [ERROR] ./app/_components/NavLinksMobile.tsx:315:17
Expected '</', got 'ident'
  313 |                   be pinned to its dark rim rather than the page's. */}
  314 |               <CtaButton
> 315 |                 href={absPath(ctaLink.to)}
      |                 ^^^^
  316 |                 onClick={toggleNav}
  317 |                 size="sm"
  318 |                 className="liquid-glass--on-dark"

Parsing ecmascript source code failed

Import traces:
  Client Component Browser:
    ./app/_components/NavLinksMobile.tsx [Client Component Browser]
    ./app/_components/Navbar.tsx [Client Component Browser]
    ./app/_components/Navbar.tsx [Server Component]
    ./app/layout.tsx [Server Component]

  Client Component SSR:
    ./app/_components/NavLinksMobile.tsx [Client Component SSR]
    ./app/_components/Navbar.tsx [Client Component SSR]
    ./app/_components/Navbar.tsx [Server Component]
    ./app/layout.tsx [Server Component] @ http://localhost:3000/_next/static/chunks/node_modules_next_dist_0u_w_5s._.js:1945
[  253733ms] [ERROR] ./app/_components/NavLinksMobile.tsx:315:17
Expected '</', got 'ident'
  313 |                   be pinned to its dark rim rather than the page's. */}
  314 |               <CtaButton
> 315 |                 href={absPath(ctaLink.to)}
      |                 ^^^^
  316 |                 onClick={toggleNav}
  317 |                 size="sm"
  318 |                 className="liquid-glass--on-dark"

Parsing ecmascript source code failed

Import traces:
  Client Component Browser:
    ./app/_components/NavLinksMobile.tsx [Client Component Browser]
    ./app/_components/Navbar.tsx [Client Component Browser]
    ./app/_components/Navbar.tsx [Server Component]
    ./app/layout.tsx [Server Component]

  Client Component SSR:
    ./app/_components/NavLinksMobile.tsx [Client Component SSR]
    ./app/_components/Navbar.tsx [Client Component SSR]
    ./app/_components/Navbar.tsx [Server Component]
    ./app/layout.tsx [Server Component] @ http://localhost:3000/_next/static/chunks/node_modules_next_dist_0u_w_5s._.js:1945
[  253797ms] [ERROR] ./app/_components/NavLinksMobile.tsx:315:17
Expected '</', got 'ident'
  313 |                   be pinned to its dark rim rather than the page's. */}
  314 |               <CtaButton
> 315 |                 href={absPath(ctaLink.to)}
      |                 ^^^^
  316 |                 onClick={toggleNav}
  317 |                 size="sm"
  318 |                 className="liquid-glass--on-dark"

Parsing ecmascript source code failed

Import traces:
  Client Component Browser:
    ./app/_components/NavLinksMobile.tsx [Client Component Browser]
    ./app/_components/Navbar.tsx [Client Component Browser]
    ./app/_components/Navbar.tsx [Server Component]
    ./app/layout.tsx [Server Component]

  Client Component SSR:
    ./app/_components/NavLinksMobile.tsx [Client Component SSR]
    ./app/_components/Navbar.tsx [Client Component SSR]
    ./app/_components/Navbar.tsx [Server Component]
    ./app/layout.tsx [Server Component] @ http://localhost:3000/_next/static/chunks/node_modules_next_dist_0u_w_5s._.js:1945
[  253860ms] [ERROR] ./app/_components/NavLinksMobile.tsx:315:17
Expected '</', got 'ident'
  313 |                   be pinned to its dark rim rather than the page's. */}
  314 |               <CtaButton
> 315 |                 href={absPath(ctaLink.to)}
      |                 ^^^^
  316 |                 onClick={toggleNav}
  317 |                 size="sm"
  318 |                 className="liquid-glass--on-dark"

Parsing ecmascript source code failed

Import traces:
  Client Component Browser:
    ./app/_components/NavLinksMobile.tsx [Client Component Browser]
    ./app/_components/Navbar.tsx [Client Component Browser]
    ./app/_components/Navbar.tsx [Server Component]
    ./app/layout.tsx [Server Component]

  Client Component SSR:
    ./app/_components/NavLinksMobile.tsx [Client Component SSR]
    ./app/_components/Navbar.tsx [Client Component SSR]
    ./app/_components/Navbar.tsx [Server Component]
    ./app/layout.tsx [Server Component] @ http://localhost:3000/_next/static/chunks/node_modules_next_dist_0u_w_5s._.js:1945
[  253922ms] [ERROR] ./app/_components/NavLinksMobile.tsx:315:17
Expected '</', got 'ident'
  313 |                   be pinned to its dark rim rather than the page's. */}
  314 |               <CtaButton
> 315 |                 href={absPath(ctaLink.to)}
      |                 ^^^^
  316 |                 onClick={toggleNav}
  317 |                 size="sm"
  318 |                 className="liquid-glass--on-dark"

Parsing ecmascript source code failed

Import traces:
  Client Component Browser:
    ./app/_components/NavLinksMobile.tsx [Client Component Browser]
    ./app/_components/Navbar.tsx [Client Component Browser]
    ./app/_components/Navbar.tsx [Server Component]
    ./app/layout.tsx [Server Component]

  Client Component SSR:
    ./app/_components/NavLinksMobile.tsx [Client Component SSR]
    ./app/_components/Navbar.tsx [Client Component SSR]
    ./app/_components/Navbar.tsx [Server Component]
    ./app/layout.tsx [Server Component] @ http://localhost:3000/_next/static/chunks/node_modules_next_dist_0u_w_5s._.js:1945
[  253983ms] [ERROR] ./app/_components/NavLinksMobile.tsx:315:17
Expected '</', got 'ident'
  313 |                   be pinned to its dark rim rather than the page's. */}
  314 |               <CtaButton
> 315 |                 href={absPath(ctaLink.to)}
      |                 ^^^^
  316 |                 onClick={toggleNav}
  317 |                 size="sm"
  318 |                 className="liquid-glass--on-dark"

Parsing ecmascript source code failed

Import traces:
  Client Component Browser:
    ./app/_components/NavLinksMobile.tsx [Client Component Browser]
    ./app/_components/Navbar.tsx [Client Component Browser]
    ./app/_components/Navbar.tsx [Server Component]
    ./app/layout.tsx [Server Component]

  Client Component SSR:
    ./app/_components/NavLinksMobile.tsx [Client Component SSR]
    ./app/_components/Navbar.tsx [Client Component SSR]
    ./app/_components/Navbar.tsx [Server Component]
    ./app/layout.tsx [Server Component] @ http://localhost:3000/_next/static/chunks/node_modules_next_dist_0u_w_5s._.js:1945
[  254045ms] [ERROR] ./app/_components/NavLinksMobile.tsx:315:17
Expected '</', got 'ident'
  313 |                   be pinned to its dark rim rather than the page's. */}
  314 |               <CtaButton
> 315 |                 href={absPath(ctaLink.to)}
      |                 ^^^^
  316 |                 onClick={toggleNav}
  317 |                 size="sm"
  318 |                 className="liquid-glass--on-dark"

Parsing ecmascript source code failed

Import traces:
  Client Component Browser:
    ./app/_components/NavLinksMobile.tsx [Client Component Browser]
    ./app/_components/Navbar.tsx [Client Component Browser]
    ./app/_components/Navbar.tsx [Server Component]
    ./app/layout.tsx [Server Component]

  Client Component SSR:
    ./app/_components/NavLinksMobile.tsx [Client Component SSR]
    ./app/_components/Navbar.tsx [Client Component SSR]
    ./app/_components/Navbar.tsx [Server Component]
    ./app/layout.tsx [Server Component] @ http://localhost:3000/_next/static/chunks/node_modules_next_dist_0u_w_5s._.js:1945
[  254107ms] [ERROR] ./app/_components/NavLinksMobile.tsx:315:17
Expected '</', got 'ident'
  313 |                   be pinned to its dark rim rather than the page's. */}
  314 |               <CtaButton
> 315 |                 href={absPath(ctaLink.to)}
      |                 ^^^^
  316 |                 onClick={toggleNav}
  317 |                 size="sm"
  318 |                 className="liquid-glass--on-dark"

Parsing ecmascript source code failed

Import traces:
  Client Component Browser:
    ./app/_components/NavLinksMobile.tsx [Client Component Browser]
    ./app/_components/Navbar.tsx [Client Component Browser]
    ./app/_components/Navbar.tsx [Server Component]
    ./app/layout.tsx [Server Component]

  Client Component SSR:
    ./app/_components/NavLinksMobile.tsx [Client Component SSR]
    ./app/_components/Navbar.tsx [Client Component SSR]
    ./app/_components/Navbar.tsx [Server Component]
    ./app/layout.tsx [Server Component] @ http://localhost:3000/_next/static/chunks/node_modules_next_dist_0u_w_5s._.js:1945
[  254170ms] [ERROR] ./app/_components/NavLinksMobile.tsx:315:17
Expected '</', got 'ident'
  313 |                   be pinned to its dark rim rather than the page's. */}
  314 |               <CtaButton
> 315 |                 href={absPath(ctaLink.to)}
      |                 ^^^^
  316 |                 onClick={toggleNav}
  317 |                 size="sm"
  318 |                 className="liquid-glass--on-dark"

Parsing ecmascript source code failed

Import traces:
  Client Component Browser:
    ./app/_components/NavLinksMobile.tsx [Client Component Browser]
    ./app/_components/Navbar.tsx [Client Component Browser]
    ./app/_components/Navbar.tsx [Server Component]
    ./app/layout.tsx [Server Component]

  Client Component SSR:
    ./app/_components/NavLinksMobile.tsx [Client Component SSR]
    ./app/_components/Navbar.tsx [Client Component SSR]
    ./app/_components/Navbar.tsx [Server Component]
    ./app/layout.tsx [Server Component] @ http://localhost:3000/_next/static/chunks/node_modules_next_dist_0u_w_5s._.js:1945
[  254232ms] [ERROR] ./app/_components/NavLinksMobile.tsx:315:17
Expected '</', got 'ident'
  313 |                   be pinned to its dark rim rather than the page's. */}
  314 |               <CtaButton
> 315 |                 href={absPath(ctaLink.to)}
      |                 ^^^^
  316 |                 onClick={toggleNav}
  317 |                 size="sm"
  318 |                 className="liquid-glass--on-dark"

Parsing ecmascript source code failed

Import traces:
  Client Component Browser:
    ./app/_components/NavLinksMobile.tsx [Client Component Browser]
    ./app/_components/Navbar.tsx [Client Component Browser]
    ./app/_components/Navbar.tsx [Server Component]
    ./app/layout.tsx [Server Component]

  Client Component SSR:
    ./app/_components/NavLinksMobile.tsx [Client Component SSR]
    ./app/_components/Navbar.tsx [Client Component SSR]
    ./app/_components/Navbar.tsx [Server Component]
    ./app/layout.tsx [Server Component] @ http://localhost:3000/_next/static/chunks/node_modules_next_dist_0u_w_5s._.js:1945
[  254295ms] [ERROR] ./app/_components/NavLinksMobile.tsx:315:17
Expected '</', got 'ident'
  313 |                   be pinned to its dark rim rather than the page's. */}
  314 |               <CtaButton
> 315 |                 href={absPath(ctaLink.to)}
      |                 ^^^^
  316 |                 onClick={toggleNav}
  317 |                 size="sm"
  318 |                 className="liquid-glass--on-dark"

Parsing ecmascript source code failed

Import traces:
  Client Component Browser:
    ./app/_components/NavLinksMobile.tsx [Client Component Browser]
    ./app/_components/Navbar.tsx [Client Component Browser]
    ./app/_components/Navbar.tsx [Server Component]
    ./app/layout.tsx [Server Component]

  Client Component SSR:
    ./app/_components/NavLinksMobile.tsx [Client Component SSR]
    ./app/_components/Navbar.tsx [Client Component SSR]
    ./app/_components/Navbar.tsx [Server Component]
    ./app/layout.tsx [Server Component] @ http://localhost:3000/_next/static/chunks/node_modules_next_dist_0u_w_5s._.js:1945
[  254358ms] [ERROR] ./app/_components/NavLinksMobile.tsx:315:17
Expected '</', got 'ident'
  313 |                   be pinned to its dark rim rather than the page's. */}
  314 |               <CtaButton
> 315 |                 href={absPath(ctaLink.to)}
      |                 ^^^^
  316 |                 onClick={toggleNav}
  317 |                 size="sm"
  318 |                 className="liquid-glass--on-dark"

Parsing ecmascript source code failed

Import traces:
  Client Component Browser:
    ./app/_components/NavLinksMobile.tsx [Client Component Browser]
    ./app/_components/Navbar.tsx [Client Component Browser]
    ./app/_components/Navbar.tsx [Server Component]
    ./app/layout.tsx [Server Component]

  Client Component SSR:
    ./app/_components/NavLinksMobile.tsx [Client Component SSR]
    ./app/_components/Navbar.tsx [Client Component SSR]
    ./app/_components/Navbar.tsx [Server Component]
    ./app/layout.tsx [Server Component] @ http://localhost:3000/_next/static/chunks/node_modules_next_dist_0u_w_5s._.js:1945
[  254423ms] [ERROR] ./app/_components/NavLinksMobile.tsx:315:17
Expected '</', got 'ident'
  313 |                   be pinned to its dark rim rather than the page's. */}
  314 |               <CtaButton
> 315 |                 href={absPath(ctaLink.to)}
      |                 ^^^^
  316 |                 onClick={toggleNav}
  317 |                 size="sm"
  318 |                 className="liquid-glass--on-dark"

Parsing ecmascript source code failed

Import traces:
  Client Component Browser:
    ./app/_components/NavLinksMobile.tsx [Client Component Browser]
    ./app/_components/Navbar.tsx [Client Component Browser]
    ./app/_components/Navbar.tsx [Server Component]
    ./app/layout.tsx [Server Component]

  Client Component SSR:
    ./app/_components/NavLinksMobile.tsx [Client Component SSR]
    ./app/_components/Navbar.tsx [Client Component SSR]
    ./app/_components/Navbar.tsx [Server Component]
    ./app/layout.tsx [Server Component] @ http://localhost:3000/_next/static/chunks/node_modules_next_dist_0u_w_5s._.js:1945
[  254487ms] [ERROR] ./app/_components/NavLinksMobile.tsx:315:17
Expected '</', got 'ident'
  313 |                   be pinned to its dark rim rather than the page's. */}
  314 |               <CtaButton
> 315 |                 href={absPath(ctaLink.to)}
      |                 ^^^^
  316 |                 onClick={toggleNav}
  317 |                 size="sm"
  318 |                 className="liquid-glass--on-dark"

Parsing ecmascript source code failed

Import traces:
  Client Component Browser:
    ./app/_components/NavLinksMobile.tsx [Client Component Browser]
    ./app/_components/Navbar.tsx [Client Component Browser]
    ./app/_components/Navbar.tsx [Server Component]
    ./app/layout.tsx [Server Component]

  Client Component SSR:
    ./app/_components/NavLinksMobile.tsx [Client Component SSR]
    ./app/_components/Navbar.tsx [Client Component SSR]
    ./app/_components/Navbar.tsx [Server Component]
    ./app/layout.tsx [Server Component] @ http://localhost:3000/_next/static/chunks/node_modules_next_dist_0u_w_5s._.js:1945
[  254549ms] [ERROR] ./app/_components/NavLinksMobile.tsx:315:17
Expected '</', got 'ident'
  313 |                   be pinned to its dark rim rather than the page's. */}
  314 |               <CtaButton
> 315 |                 href={absPath(ctaLink.to)}
      |                 ^^^^
  316 |                 onClick={toggleNav}
  317 |                 size="sm"
  318 |                 className="liquid-glass--on-dark"

Parsing ecmascript source code failed

Import traces:
  Client Component Browser:
    ./app/_components/NavLinksMobile.tsx [Client Component Browser]
    ./app/_components/Navbar.tsx [Client Component Browser]
    ./app/_components/Navbar.tsx [Server Component]
    ./app/layout.tsx [Server Component]

  Client Component SSR:
    ./app/_components/NavLinksMobile.tsx [Client Component SSR]
    ./app/_components/Navbar.tsx [Client Component SSR]
    ./app/_components/Navbar.tsx [Server Component]
    ./app/layout.tsx [Server Component] @ http://localhost:3000/_next/static/chunks/node_modules_next_dist_0u_w_5s._.js:1945
[  254611ms] [ERROR] ./app/_components/NavLinksMobile.tsx:315:17
Expected '</', got 'ident'
  313 |                   be pinned to its dark rim rather than the page's. */}
  314 |               <CtaButton
> 315 |                 href={absPath(ctaLink.to)}
      |                 ^^^^
  316 |                 onClick={toggleNav}
  317 |                 size="sm"
  318 |                 className="liquid-glass--on-dark"

Parsing ecmascript source code failed

Import traces:
  Client Component Browser:
    ./app/_components/NavLinksMobile.tsx [Client Component Browser]
    ./app/_components/Navbar.tsx [Client Component Browser]
    ./app/_components/Navbar.tsx [Server Component]
    ./app/layout.tsx [Server Component]

  Client Component SSR:
    ./app/_components/NavLinksMobile.tsx [Client Component SSR]
    ./app/_components/Navbar.tsx [Client Component SSR]
    ./app/_components/Navbar.tsx [Server Component]
    ./app/layout.tsx [Server Component] @ http://localhost:3000/_next/static/chunks/node_modules_next_dist_0u_w_5s._.js:1945
[  254672ms] [ERROR] ./app/_components/NavLinksMobile.tsx:315:17
Expected '</', got 'ident'
  313 |                   be pinned to its dark rim rather than the page's. */}
  314 |               <CtaButton
> 315 |                 href={absPath(ctaLink.to)}
      |                 ^^^^
  316 |                 onClick={toggleNav}
  317 |                 size="sm"
  318 |                 className="liquid-glass--on-dark"

Parsing ecmascript source code failed

Import traces:
  Client Component Browser:
    ./app/_components/NavLinksMobile.tsx [Client Component Browser]
    ./app/_components/Navbar.tsx [Client Component Browser]
    ./app/_components/Navbar.tsx [Server Component]
    ./app/layout.tsx [Server Component]

  Client Component SSR:
    ./app/_components/NavLinksMobile.tsx [Client Component SSR]
    ./app/_components/Navbar.tsx [Client Component SSR]
    ./app/_components/Navbar.tsx [Server Component]
    ./app/layout.tsx [Server Component] @ http://localhost:3000/_next/static/chunks/node_modules_next_dist_0u_w_5s._.js:1945
[  254735ms] [ERROR] ./app/_components/NavLinksMobile.tsx:315:17
Expected '</', got 'ident'
  313 |                   be pinned to its dark rim rather than the page's. */}
  314 |               <CtaButton
> 315 |                 href={absPath(ctaLink.to)}
      |                 ^^^^
  316 |                 onClick={toggleNav}
  317 |                 size="sm"
  318 |                 className="liquid-glass--on-dark"

Parsing ecmascript source code failed

Import traces:
  Client Component Browser:
    ./app/_components/NavLinksMobile.tsx [Client Component Browser]
    ./app/_components/Navbar.tsx [Client Component Browser]
    ./app/_components/Navbar.tsx [Server Component]
    ./app/layout.tsx [Server Component]

  Client Component SSR:
    ./app/_components/NavLinksMobile.tsx [Client Component SSR]
    ./app/_components/Navbar.tsx [Client Component SSR]
    ./app/_components/Navbar.tsx [Server Component]
    ./app/layout.tsx [Server Component] @ http://localhost:3000/_next/static/chunks/node_modules_next_dist_0u_w_5s._.js:1945
[  254797ms] [ERROR] ./app/_components/NavLinksMobile.tsx:315:17
Expected '</', got 'ident'
  313 |                   be pinned to its dark rim rather than the page's. */}
  314 |               <CtaButton
> 315 |                 href={absPath(ctaLink.to)}
      |                 ^^^^
  316 |                 onClick={toggleNav}
  317 |                 size="sm"
  318 |                 className="liquid-glass--on-dark"

Parsing ecmascript source code failed

Import traces:
  Client Component Browser:
    ./app/_components/NavLinksMobile.tsx [Client Component Browser]
    ./app/_components/Navbar.tsx [Client Component Browser]
    ./app/_components/Navbar.tsx [Server Component]
    ./app/layout.tsx [Server Component]

  Client Component SSR:
    ./app/_components/NavLinksMobile.tsx [Client Component SSR]
    ./app/_components/Navbar.tsx [Client Component SSR]
    ./app/_components/Navbar.tsx [Server Component]
    ./app/layout.tsx [Server Component] @ http://localhost:3000/_next/static/chunks/node_modules_next_dist_0u_w_5s._.js:1945
[  254860ms] [ERROR] ./app/_components/NavLinksMobile.tsx:315:17
Expected '</', got 'ident'
  313 |                   be pinned to its dark rim rather than the page's. */}
  314 |               <CtaButton
> 315 |                 href={absPath(ctaLink.to)}
      |                 ^^^^
  316 |                 onClick={toggleNav}
  317 |                 size="sm"
  318 |                 className="liquid-glass--on-dark"

Parsing ecmascript source code failed

Import traces:
  Client Component Browser:
    ./app/_components/NavLinksMobile.tsx [Client Component Browser]
    ./app/_components/Navbar.tsx [Client Component Browser]
    ./app/_components/Navbar.tsx [Server Component]
    ./app/layout.tsx [Server Component]

  Client Component SSR:
    ./app/_components/NavLinksMobile.tsx [Client Component SSR]
    ./app/_components/Navbar.tsx [Client Component SSR]
    ./app/_components/Navbar.tsx [Server Component]
    ./app/layout.tsx [Server Component] @ http://localhost:3000/_next/static/chunks/node_modules_next_dist_0u_w_5s._.js:1945
[  254922ms] [ERROR] ./app/_components/NavLinksMobile.tsx:315:17
Expected '</', got 'ident'
  313 |                   be pinned to its dark rim rather than the page's. */}
  314 |               <CtaButton
> 315 |                 href={absPath(ctaLink.to)}
      |                 ^^^^
  316 |                 onClick={toggleNav}
  317 |                 size="sm"
  318 |                 className="liquid-glass--on-dark"

Parsing ecmascript source code failed

Import traces:
  Client Component Browser:
    ./app/_components/NavLinksMobile.tsx [Client Component Browser]
    ./app/_components/Navbar.tsx [Client Component Browser]
    ./app/_components/Navbar.tsx [Server Component]
    ./app/layout.tsx [Server Component]

  Client Component SSR:
    ./app/_components/NavLinksMobile.tsx [Client Component SSR]
    ./app/_components/Navbar.tsx [Client Component SSR]
    ./app/_components/Navbar.tsx [Server Component]
    ./app/layout.tsx [Server Component] @ http://localhost:3000/_next/static/chunks/node_modules_next_dist_0u_w_5s._.js:1945
[  254983ms] [ERROR] ./app/_components/NavLinksMobile.tsx:315:17
Expected '</', got 'ident'
  313 |                   be pinned to its dark rim rather than the page's. */}
  314 |               <CtaButton
> 315 |                 href={absPath(ctaLink.to)}
      |                 ^^^^
  316 |                 onClick={toggleNav}
  317 |                 size="sm"
  318 |                 className="liquid-glass--on-dark"

Parsing ecmascript source code failed

Import traces:
  Client Component Browser:
    ./app/_components/NavLinksMobile.tsx [Client Component Browser]
    ./app/_components/Navbar.tsx [Client Component Browser]
    ./app/_components/Navbar.tsx [Server Component]
    ./app/layout.tsx [Server Component]

  Client Component SSR:
    ./app/_components/NavLinksMobile.tsx [Client Component SSR]
    ./app/_components/Navbar.tsx [Client Component SSR]
    ./app/_components/Navbar.tsx [Server Component]
    ./app/layout.tsx [Server Component] @ http://localhost:3000/_next/static/chunks/node_modules_next_dist_0u_w_5s._.js:1945
[  255045ms] [ERROR] ./app/_components/NavLinksMobile.tsx:315:17
Expected '</', got 'ident'
  313 |                   be pinned to its dark rim rather than the page's. */}
  314 |               <CtaButton
> 315 |                 href={absPath(ctaLink.to)}
      |                 ^^^^
  316 |                 onClick={toggleNav}
  317 |                 size="sm"
  318 |                 className="liquid-glass--on-dark"

Parsing ecmascript source code failed

Import traces:
  Client Component Browser:
    ./app/_components/NavLinksMobile.tsx [Client Component Browser]
    ./app/_components/Navbar.tsx [Client Component Browser]
    ./app/_components/Navbar.tsx [Server Component]
    ./app/layout.tsx [Server Component]

  Client Component SSR:
    ./app/_components/NavLinksMobile.tsx [Client Component SSR]
    ./app/_components/Navbar.tsx [Client Component SSR]
    ./app/_components/Navbar.tsx [Server Component]
    ./app/layout.tsx [Server Component] @ http://localhost:3000/_next/static/chunks/node_modules_next_dist_0u_w_5s._.js:1945
[  255107ms] [ERROR] ./app/_components/NavLinksMobile.tsx:315:17
Expected '</', got 'ident'
  313 |                   be pinned to its dark rim rather than the page's. */}
  314 |               <CtaButton
> 315 |                 href={absPath(ctaLink.to)}
      |                 ^^^^
  316 |                 onClick={toggleNav}
  317 |                 size="sm"
  318 |                 className="liquid-glass--on-dark"

Parsing ecmascript source code failed

Import traces:
  Client Component Browser:
    ./app/_components/NavLinksMobile.tsx [Client Component Browser]
    ./app/_components/Navbar.tsx [Client Component Browser]
    ./app/_components/Navbar.tsx [Server Component]
    ./app/layout.tsx [Server Component]

  Client Component SSR:
    ./app/_components/NavLinksMobile.tsx [Client Component SSR]
    ./app/_components/Navbar.tsx [Client Component SSR]
    ./app/_components/Navbar.tsx [Server Component]
    ./app/layout.tsx [Server Component] @ http://localhost:3000/_next/static/chunks/node_modules_next_dist_0u_w_5s._.js:1945
[  255169ms] [ERROR] ./app/_components/NavLinksMobile.tsx:315:17
Expected '</', got 'ident'
  313 |                   be pinned to its dark rim rather than the page's. */}
  314 |               <CtaButton
> 315 |                 href={absPath(ctaLink.to)}
      |                 ^^^^
  316 |                 onClick={toggleNav}
  317 |                 size="sm"
  318 |                 className="liquid-glass--on-dark"

Parsing ecmascript source code failed

Import traces:
  Client Component Browser:
    ./app/_components/NavLinksMobile.tsx [Client Component Browser]
    ./app/_components/Navbar.tsx [Client Component Browser]
    ./app/_components/Navbar.tsx [Server Component]
    ./app/layout.tsx [Server Component]

  Client Component SSR:
    ./app/_components/NavLinksMobile.tsx [Client Component SSR]
    ./app/_components/Navbar.tsx [Client Component SSR]
    ./app/_components/Navbar.tsx [Server Component]
    ./app/layout.tsx [Server Component] @ http://localhost:3000/_next/static/chunks/node_modules_next_dist_0u_w_5s._.js:1945
[  255231ms] [ERROR] ./app/_components/NavLinksMobile.tsx:315:17
Expected '</', got 'ident'
  313 |                   be pinned to its dark rim rather than the page's. */}
  314 |               <CtaButton
> 315 |                 href={absPath(ctaLink.to)}
      |                 ^^^^
  316 |                 onClick={toggleNav}
  317 |                 size="sm"
  318 |                 className="liquid-glass--on-dark"

Parsing ecmascript source code failed

Import traces:
  Client Component Browser:
    ./app/_components/NavLinksMobile.tsx [Client Component Browser]
    ./app/_components/Navbar.tsx [Client Component Browser]
    ./app/_components/Navbar.tsx [Server Component]
    ./app/layout.tsx [Server Component]

  Client Component SSR:
    ./app/_components/NavLinksMobile.tsx [Client Component SSR]
    ./app/_components/Navbar.tsx [Client Component SSR]
    ./app/_components/Navbar.tsx [Server Component]
    ./app/layout.tsx [Server Component] @ http://localhost:3000/_next/static/chunks/node_modules_next_dist_0u_w_5s._.js:1945
[  255294ms] [ERROR] ./app/_components/NavLinksMobile.tsx:315:17
Expected '</', got 'ident'
  313 |                   be pinned to its dark rim rather than the page's. */}
  314 |               <CtaButton
> 315 |                 href={absPath(ctaLink.to)}
      |                 ^^^^
  316 |                 onClick={toggleNav}
  317 |                 size="sm"
  318 |                 className="liquid-glass--on-dark"

Parsing ecmascript source code failed

Import traces:
  Client Component Browser:
    ./app/_components/NavLinksMobile.tsx [Client Component Browser]
    ./app/_components/Navbar.tsx [Client Component Browser]
    ./app/_components/Navbar.tsx [Server Component]
    ./app/layout.tsx [Server Component]

  Client Component SSR:
    ./app/_components/NavLinksMobile.tsx [Client Component SSR]
    ./app/_components/Navbar.tsx [Client Component SSR]
    ./app/_components/Navbar.tsx [Server Component]
    ./app/layout.tsx [Server Component] @ http://localhost:3000/_next/static/chunks/node_modules_next_dist_0u_w_5s._.js:1945
[  255356ms] [ERROR] ./app/_components/NavLinksMobile.tsx:315:17
Expected '</', got 'ident'
  313 |                   be pinned to its dark rim rather than the page's. */}
  314 |               <CtaButton
> 315 |                 href={absPath(ctaLink.to)}
      |                 ^^^^
  316 |                 onClick={toggleNav}
  317 |                 size="sm"
  318 |                 className="liquid-glass--on-dark"

Parsing ecmascript source code failed

Import traces:
  Client Component Browser:
    ./app/_components/NavLinksMobile.tsx [Client Component Browser]
    ./app/_components/Navbar.tsx [Client Component Browser]
    ./app/_components/Navbar.tsx [Server Component]
    ./app/layout.tsx [Server Component]

  Client Component SSR:
    ./app/_components/NavLinksMobile.tsx [Client Component SSR]
    ./app/_components/Navbar.tsx [Client Component SSR]
    ./app/_components/Navbar.tsx [Server Component]
    ./app/layout.tsx [Server Component] @ http://localhost:3000/_next/static/chunks/node_modules_next_dist_0u_w_5s._.js:1945
[  255418ms] [ERROR] ./app/_components/NavLinksMobile.tsx:315:17
Expected '</', got 'ident'
  313 |                   be pinned to its dark rim rather than the page's. */}
  314 |               <CtaButton
> 315 |                 href={absPath(ctaLink.to)}
      |                 ^^^^
  316 |                 onClick={toggleNav}
  317 |                 size="sm"
  318 |                 className="liquid-glass--on-dark"

Parsing ecmascript source code failed

Import traces:
  Client Component Browser:
    ./app/_components/NavLinksMobile.tsx [Client Component Browser]
    ./app/_components/Navbar.tsx [Client Component Browser]
    ./app/_components/Navbar.tsx [Server Component]
    ./app/layout.tsx [Server Component]

  Client Component SSR:
    ./app/_components/NavLinksMobile.tsx [Client Component SSR]
    ./app/_components/Navbar.tsx [Client Component SSR]
    ./app/_components/Navbar.tsx [Server Component]
    ./app/layout.tsx [Server Component] @ http://localhost:3000/_next/static/chunks/node_modules_next_dist_0u_w_5s._.js:1945
[  255480ms] [ERROR] ./app/_components/NavLinksMobile.tsx:315:17
Expected '</', got 'ident'
  313 |                   be pinned to its dark rim rather than the page's. */}
  314 |               <CtaButton
> 315 |                 href={absPath(ctaLink.to)}
      |                 ^^^^
  316 |                 onClick={toggleNav}
  317 |                 size="sm"
  318 |                 className="liquid-glass--on-dark"

Parsing ecmascript source code failed

Import traces:
  Client Component Browser:
    ./app/_components/NavLinksMobile.tsx [Client Component Browser]
    ./app/_components/Navbar.tsx [Client Component Browser]
    ./app/_components/Navbar.tsx [Server Component]
    ./app/layout.tsx [Server Component]

  Client Component SSR:
    ./app/_components/NavLinksMobile.tsx [Client Component SSR]
    ./app/_components/Navbar.tsx [Client Component SSR]
    ./app/_components/Navbar.tsx [Server Component]
    ./app/layout.tsx [Server Component] @ http://localhost:3000/_next/static/chunks/node_modules_next_dist_0u_w_5s._.js:1945
[  255544ms] [ERROR] ./app/_components/NavLinksMobile.tsx:315:17
Expected '</', got 'ident'
  313 |                   be pinned to its dark rim rather than the page's. */}
  314 |               <CtaButton
> 315 |                 href={absPath(ctaLink.to)}
      |                 ^^^^
  316 |                 onClick={toggleNav}
  317 |                 size="sm"
  318 |                 className="liquid-glass--on-dark"

Parsing ecmascript source code failed

Import traces:
  Client Component Browser:
    ./app/_components/NavLinksMobile.tsx [Client Component Browser]
    ./app/_components/Navbar.tsx [Client Component Browser]
    ./app/_components/Navbar.tsx [Server Component]
    ./app/layout.tsx [Server Component]

  Client Component SSR:
    ./app/_components/NavLinksMobile.tsx [Client Component SSR]
    ./app/_components/Navbar.tsx [Client Component SSR]
    ./app/_components/Navbar.tsx [Server Component]
    ./app/layout.tsx [Server Component] @ http://localhost:3000/_next/static/chunks/node_modules_next_dist_0u_w_5s._.js:1945
[  255607ms] [ERROR] ./app/_components/NavLinksMobile.tsx:315:17
Expected '</', got 'ident'
  313 |                   be pinned to its dark rim rather than the page's. */}
  314 |               <CtaButton
> 315 |                 href={absPath(ctaLink.to)}
      |                 ^^^^
  316 |                 onClick={toggleNav}
  317 |                 size="sm"
  318 |                 className="liquid-glass--on-dark"

Parsing ecmascript source code failed

Import traces:
  Client Component Browser:
    ./app/_components/NavLinksMobile.tsx [Client Component Browser]
    ./app/_components/Navbar.tsx [Client Component Browser]
    ./app/_components/Navbar.tsx [Server Component]
    ./app/layout.tsx [Server Component]

  Client Component SSR:
    ./app/_components/NavLinksMobile.tsx [Client Component SSR]
    ./app/_components/Navbar.tsx [Client Component SSR]
    ./app/_components/Navbar.tsx [Server Component]
    ./app/layout.tsx [Server Component] @ http://localhost:3000/_next/static/chunks/node_modules_next_dist_0u_w_5s._.js:1945
[  255667ms] [ERROR] ./app/_components/NavLinksMobile.tsx:315:17
Expected '</', got 'ident'
  313 |                   be pinned to its dark rim rather than the page's. */}
  314 |               <CtaButton
> 315 |                 href={absPath(ctaLink.to)}
      |                 ^^^^
  316 |                 onClick={toggleNav}
  317 |                 size="sm"
  318 |                 className="liquid-glass--on-dark"

Parsing ecmascript source code failed

Import traces:
  Client Component Browser:
    ./app/_components/NavLinksMobile.tsx [Client Component Browser]
    ./app/_components/Navbar.tsx [Client Component Browser]
    ./app/_components/Navbar.tsx [Server Component]
    ./app/layout.tsx [Server Component]

  Client Component SSR:
    ./app/_components/NavLinksMobile.tsx [Client Component SSR]
    ./app/_components/Navbar.tsx [Client Component SSR]
    ./app/_components/Navbar.tsx [Server Component]
    ./app/layout.tsx [Server Component] @ http://localhost:3000/_next/static/chunks/node_modules_next_dist_0u_w_5s._.js:1945
[  255729ms] [ERROR] ./app/_components/NavLinksMobile.tsx:315:17
Expected '</', got 'ident'
  313 |                   be pinned to its dark rim rather than the page's. */}
  314 |               <CtaButton
> 315 |                 href={absPath(ctaLink.to)}
      |                 ^^^^
  316 |                 onClick={toggleNav}
  317 |                 size="sm"
  318 |                 className="liquid-glass--on-dark"

Parsing ecmascript source code failed

Import traces:
  Client Component Browser:
    ./app/_components/NavLinksMobile.tsx [Client Component Browser]
    ./app/_components/Navbar.tsx [Client Component Browser]
    ./app/_components/Navbar.tsx [Server Component]
    ./app/layout.tsx [Server Component]

  Client Component SSR:
    ./app/_components/NavLinksMobile.tsx [Client Component SSR]
    ./app/_components/Navbar.tsx [Client Component SSR]
    ./app/_components/Navbar.tsx [Server Component]
    ./app/layout.tsx [Server Component] @ http://localhost:3000/_next/static/chunks/node_modules_next_dist_0u_w_5s._.js:1945
[  255794ms] [ERROR] ./app/_components/NavLinksMobile.tsx:315:17
Expected '</', got 'ident'
  313 |                   be pinned to its dark rim rather than the page's. */}
  314 |               <CtaButton
> 315 |                 href={absPath(ctaLink.to)}
      |                 ^^^^
  316 |                 onClick={toggleNav}
  317 |                 size="sm"
  318 |                 className="liquid-glass--on-dark"

Parsing ecmascript source code failed

Import traces:
  Client Component Browser:
    ./app/_components/NavLinksMobile.tsx [Client Component Browser]
    ./app/_components/Navbar.tsx [Client Component Browser]
    ./app/_components/Navbar.tsx [Server Component]
    ./app/layout.tsx [Server Component]

  Client Component SSR:
    ./app/_components/NavLinksMobile.tsx [Client Component SSR]
    ./app/_components/Navbar.tsx [Client Component SSR]
    ./app/_components/Navbar.tsx [Server Component]
    ./app/layout.tsx [Server Component] @ http://localhost:3000/_next/static/chunks/node_modules_next_dist_0u_w_5s._.js:1945
[  255855ms] [ERROR] ./app/_components/NavLinksMobile.tsx:315:17
Expected '</', got 'ident'
  313 |                   be pinned to its dark rim rather than the page's. */}
  314 |               <CtaButton
> 315 |                 href={absPath(ctaLink.to)}
      |                 ^^^^
  316 |                 onClick={toggleNav}
  317 |                 size="sm"
  318 |                 className="liquid-glass--on-dark"

Parsing ecmascript source code failed

Import traces:
  Client Component Browser:
    ./app/_components/NavLinksMobile.tsx [Client Component Browser]
    ./app/_components/Navbar.tsx [Client Component Browser]
    ./app/_components/Navbar.tsx [Server Component]
    ./app/layout.tsx [Server Component]

  Client Component SSR:
    ./app/_components/NavLinksMobile.tsx [Client Component SSR]
    ./app/_components/Navbar.tsx [Client Component SSR]
    ./app/_components/Navbar.tsx [Server Component]
    ./app/layout.tsx [Server Component] @ http://localhost:3000/_next/static/chunks/node_modules_next_dist_0u_w_5s._.js:1945
[  255916ms] [ERROR] ./app/_components/NavLinksMobile.tsx:315:17
Expected '</', got 'ident'
  313 |                   be pinned to its dark rim rather than the page's. */}
  314 |               <CtaButton
> 315 |                 href={absPath(ctaLink.to)}
      |                 ^^^^
  316 |                 onClick={toggleNav}
  317 |                 size="sm"
  318 |                 className="liquid-glass--on-dark"

Parsing ecmascript source code failed

Import traces:
  Client Component Browser:
    ./app/_components/NavLinksMobile.tsx [Client Component Browser]
    ./app/_components/Navbar.tsx [Client Component Browser]
    ./app/_components/Navbar.tsx [Server Component]
    ./app/layout.tsx [Server Component]

  Client Component SSR:
    ./app/_components/NavLinksMobile.tsx [Client Component SSR]
    ./app/_components/Navbar.tsx [Client Component SSR]
    ./app/_components/Navbar.tsx [Server Component]
    ./app/layout.tsx [Server Component] @ http://localhost:3000/_next/static/chunks/node_modules_next_dist_0u_w_5s._.js:1945
[  255979ms] [ERROR] ./app/_components/NavLinksMobile.tsx:315:17
Expected '</', got 'ident'
  313 |                   be pinned to its dark rim rather than the page's. */}
  314 |               <CtaButton
> 315 |                 href={absPath(ctaLink.to)}
      |                 ^^^^
  316 |                 onClick={toggleNav}
  317 |                 size="sm"
  318 |                 className="liquid-glass--on-dark"

Parsing ecmascript source code failed

Import traces:
  Client Component Browser:
    ./app/_components/NavLinksMobile.tsx [Client Component Browser]
    ./app/_components/Navbar.tsx [Client Component Browser]
    ./app/_components/Navbar.tsx [Server Component]
    ./app/layout.tsx [Server Component]

  Client Component SSR:
    ./app/_components/NavLinksMobile.tsx [Client Component SSR]
    ./app/_components/Navbar.tsx [Client Component SSR]
    ./app/_components/Navbar.tsx [Server Component]
    ./app/layout.tsx [Server Component] @ http://localhost:3000/_next/static/chunks/node_modules_next_dist_0u_w_5s._.js:1945
[  256041ms] [ERROR] ./app/_components/NavLinksMobile.tsx:315:17
Expected '</', got 'ident'
  313 |                   be pinned to its dark rim rather than the page's. */}
  314 |               <CtaButton
> 315 |                 href={absPath(ctaLink.to)}
      |                 ^^^^
  316 |                 onClick={toggleNav}
  317 |                 size="sm"
  318 |                 className="liquid-glass--on-dark"

Parsing ecmascript source code failed

Import traces:
  Client Component Browser:
    ./app/_components/NavLinksMobile.tsx [Client Component Browser]
    ./app/_components/Navbar.tsx [Client Component Browser]
    ./app/_components/Navbar.tsx [Server Component]
    ./app/layout.tsx [Server Component]

  Client Component SSR:
    ./app/_components/NavLinksMobile.tsx [Client Component SSR]
    ./app/_components/Navbar.tsx [Client Component SSR]
    ./app/_components/Navbar.tsx [Server Component]
    ./app/layout.tsx [Server Component] @ http://localhost:3000/_next/static/chunks/node_modules_next_dist_0u_w_5s._.js:1945
[  256103ms] [ERROR] ./app/_components/NavLinksMobile.tsx:315:17
Expected '</', got 'ident'
  313 |                   be pinned to its dark rim rather than the page's. */}
  314 |               <CtaButton
> 315 |                 href={absPath(ctaLink.to)}
      |                 ^^^^
  316 |                 onClick={toggleNav}
  317 |                 size="sm"
  318 |                 className="liquid-glass--on-dark"

Parsing ecmascript source code failed

Import traces:
  Client Component Browser:
    ./app/_components/NavLinksMobile.tsx [Client Component Browser]
    ./app/_components/Navbar.tsx [Client Component Browser]
    ./app/_components/Navbar.tsx [Server Component]
    ./app/layout.tsx [Server Component]

  Client Component SSR:
    ./app/_components/NavLinksMobile.tsx [Client Component SSR]
    ./app/_components/Navbar.tsx [Client Component SSR]
    ./app/_components/Navbar.tsx [Server Component]
    ./app/layout.tsx [Server Component] @ http://localhost:3000/_next/static/chunks/node_modules_next_dist_0u_w_5s._.js:1945
[  256165ms] [ERROR] ./app/_components/NavLinksMobile.tsx:315:17
Expected '</', got 'ident'
  313 |                   be pinned to its dark rim rather than the page's. */}
  314 |               <CtaButton
> 315 |                 href={absPath(ctaLink.to)}
      |                 ^^^^
  316 |                 onClick={toggleNav}
  317 |                 size="sm"
  318 |                 className="liquid-glass--on-dark"

Parsing ecmascript source code failed

Import traces:
  Client Component Browser:
    ./app/_components/NavLinksMobile.tsx [Client Component Browser]
    ./app/_components/Navbar.tsx [Client Component Browser]
    ./app/_components/Navbar.tsx [Server Component]
    ./app/layout.tsx [Server Component]

  Client Component SSR:
    ./app/_components/NavLinksMobile.tsx [Client Component SSR]
    ./app/_components/Navbar.tsx [Client Component SSR]
    ./app/_components/Navbar.tsx [Server Component]
    ./app/layout.tsx [Server Component] @ http://localhost:3000/_next/static/chunks/node_modules_next_dist_0u_w_5s._.js:1945
[  256227ms] [ERROR] ./app/_components/NavLinksMobile.tsx:315:17
Expected '</', got 'ident'
  313 |                   be pinned to its dark rim rather than the page's. */}
  314 |               <CtaButton
> 315 |                 href={absPath(ctaLink.to)}
      |                 ^^^^
  316 |                 onClick={toggleNav}
  317 |                 size="sm"
  318 |                 className="liquid-glass--on-dark"

Parsing ecmascript source code failed

Import traces:
  Client Component Browser:
    ./app/_components/NavLinksMobile.tsx [Client Component Browser]
    ./app/_components/Navbar.tsx [Client Component Browser]
    ./app/_components/Navbar.tsx [Server Component]
    ./app/layout.tsx [Server Component]

  Client Component SSR:
    ./app/_components/NavLinksMobile.tsx [Client Component SSR]
    ./app/_components/Navbar.tsx [Client Component SSR]
    ./app/_components/Navbar.tsx [Server Component]
    ./app/layout.tsx [Server Component] @ http://localhost:3000/_next/static/chunks/node_modules_next_dist_0u_w_5s._.js:1945
[  256288ms] [ERROR] ./app/_components/NavLinksMobile.tsx:315:17
Expected '</', got 'ident'
  313 |                   be pinned to its dark rim rather than the page's. */}
  314 |               <CtaButton
> 315 |                 href={absPath(ctaLink.to)}
      |                 ^^^^
  316 |                 onClick={toggleNav}
  317 |                 size="sm"
  318 |                 className="liquid-glass--on-dark"

Parsing ecmascript source code failed

Import traces:
  Client Component Browser:
    ./app/_components/NavLinksMobile.tsx [Client Component Browser]
    ./app/_components/Navbar.tsx [Client Component Browser]
    ./app/_components/Navbar.tsx [Server Component]
    ./app/layout.tsx [Server Component]

  Client Component SSR:
    ./app/_components/NavLinksMobile.tsx [Client Component SSR]
    ./app/_components/Navbar.tsx [Client Component SSR]
    ./app/_components/Navbar.tsx [Server Component]
    ./app/layout.tsx [Server Component] @ http://localhost:3000/_next/static/chunks/node_modules_next_dist_0u_w_5s._.js:1945
[  256351ms] [ERROR] ./app/_components/NavLinksMobile.tsx:315:17
Expected '</', got 'ident'
  313 |                   be pinned to its dark rim rather than the page's. */}
  314 |               <CtaButton
> 315 |                 href={absPath(ctaLink.to)}
      |                 ^^^^
  316 |                 onClick={toggleNav}
  317 |                 size="sm"
  318 |                 className="liquid-glass--on-dark"

Parsing ecmascript source code failed

Import traces:
  Client Component Browser:
    ./app/_components/NavLinksMobile.tsx [Client Component Browser]
    ./app/_components/Navbar.tsx [Client Component Browser]
    ./app/_components/Navbar.tsx [Server Component]
    ./app/layout.tsx [Server Component]

  Client Component SSR:
    ./app/_components/NavLinksMobile.tsx [Client Component SSR]
    ./app/_components/Navbar.tsx [Client Component SSR]
    ./app/_components/Navbar.tsx [Server Component]
    ./app/layout.tsx [Server Component] @ http://localhost:3000/_next/static/chunks/node_modules_next_dist_0u_w_5s._.js:1945
[  256409ms] [ERROR] ./app/_components/NavLinksMobile.tsx:315:17
Expected '</', got 'ident'
  313 |                   be pinned to its dark rim rather than the page's. */}
  314 |               <CtaButton
> 315 |                 href={absPath(ctaLink.to)}
      |                 ^^^^
  316 |                 onClick={toggleNav}
  317 |                 size="sm"
  318 |                 className="liquid-glass--on-dark"

Parsing ecmascript source code failed

Import traces:
  Client Component Browser:
    ./app/_components/NavLinksMobile.tsx [Client Component Browser]
    ./app/_components/Navbar.tsx [Client Component Browser]
    ./app/_components/Navbar.tsx [Server Component]
    ./app/layout.tsx [Server Component]

  Client Component SSR:
    ./app/_components/NavLinksMobile.tsx [Client Component SSR]
    ./app/_components/Navbar.tsx [Client Component SSR]
    ./app/_components/Navbar.tsx [Server Component]
    ./app/layout.tsx [Server Component] @ http://localhost:3000/_next/static/chunks/node_modules_next_dist_0u_w_5s._.js:1945
[  256472ms] [ERROR] ./app/_components/NavLinksMobile.tsx:315:17
Expected '</', got 'ident'
  313 |                   be pinned to its dark rim rather than the page's. */}
  314 |               <CtaButton
> 315 |                 href={absPath(ctaLink.to)}
      |                 ^^^^
  316 |                 onClick={toggleNav}
  317 |                 size="sm"
  318 |                 className="liquid-glass--on-dark"

Parsing ecmascript source code failed

Import traces:
  Client Component Browser:
    ./app/_components/NavLinksMobile.tsx [Client Component Browser]
    ./app/_components/Navbar.tsx [Client Component Browser]
    ./app/_components/Navbar.tsx [Server Component]
    ./app/layout.tsx [Server Component]

  Client Component SSR:
    ./app/_components/NavLinksMobile.tsx [Client Component SSR]
    ./app/_components/Navbar.tsx [Client Component SSR]
    ./app/_components/Navbar.tsx [Server Component]
    ./app/layout.tsx [Server Component] @ http://localhost:3000/_next/static/chunks/node_modules_next_dist_0u_w_5s._.js:1945
[  256534ms] [ERROR] ./app/_components/NavLinksMobile.tsx:315:17
Expected '</', got 'ident'
  313 |                   be pinned to its dark rim rather than the page's. */}
  314 |               <CtaButton
> 315 |                 href={absPath(ctaLink.to)}
      |                 ^^^^
  316 |                 onClick={toggleNav}
  317 |                 size="sm"
  318 |                 className="liquid-glass--on-dark"

Parsing ecmascript source code failed

Import traces:
  Client Component Browser:
    ./app/_components/NavLinksMobile.tsx [Client Component Browser]
    ./app/_components/Navbar.tsx [Client Component Browser]
    ./app/_components/Navbar.tsx [Server Component]
    ./app/layout.tsx [Server Component]

  Client Component SSR:
    ./app/_components/NavLinksMobile.tsx [Client Component SSR]
    ./app/_components/Navbar.tsx [Client Component SSR]
    ./app/_components/Navbar.tsx [Server Component]
    ./app/layout.tsx [Server Component] @ http://localhost:3000/_next/static/chunks/node_modules_next_dist_0u_w_5s._.js:1945
[  256596ms] [ERROR] ./app/_components/NavLinksMobile.tsx:315:17
Expected '</', got 'ident'
  313 |                   be pinned to its dark rim rather than the page's. */}
  314 |               <CtaButton
> 315 |                 href={absPath(ctaLink.to)}
      |                 ^^^^
  316 |                 onClick={toggleNav}
  317 |                 size="sm"
  318 |                 className="liquid-glass--on-dark"

Parsing ecmascript source code failed

Import traces:
  Client Component Browser:
    ./app/_components/NavLinksMobile.tsx [Client Component Browser]
    ./app/_components/Navbar.tsx [Client Component Browser]
    ./app/_components/Navbar.tsx [Server Component]
    ./app/layout.tsx [Server Component]

  Client Component SSR:
    ./app/_components/NavLinksMobile.tsx [Client Component SSR]
    ./app/_components/Navbar.tsx [Client Component SSR]
    ./app/_components/Navbar.tsx [Server Component]
    ./app/layout.tsx [Server Component] @ http://localhost:3000/_next/static/chunks/node_modules_next_dist_0u_w_5s._.js:1945
[  256659ms] [ERROR] ./app/_components/NavLinksMobile.tsx:315:17
Expected '</', got 'ident'
  313 |                   be pinned to its dark rim rather than the page's. */}
  314 |               <CtaButton
> 315 |                 href={absPath(ctaLink.to)}
      |                 ^^^^
  316 |                 onClick={toggleNav}
  317 |                 size="sm"
  318 |                 className="liquid-glass--on-dark"

Parsing ecmascript source code failed

Import traces:
  Client Component Browser:
    ./app/_components/NavLinksMobile.tsx [Client Component Browser]
    ./app/_components/Navbar.tsx [Client Component Browser]
    ./app/_components/Navbar.tsx [Server Component]
    ./app/layout.tsx [Server Component]

  Client Component SSR:
    ./app/_components/NavLinksMobile.tsx [Client Component SSR]
    ./app/_components/Navbar.tsx [Client Component SSR]
    ./app/_components/Navbar.tsx [Server Component]
    ./app/layout.tsx [Server Component] @ http://localhost:3000/_next/static/chunks/node_modules_next_dist_0u_w_5s._.js:1945
[  256721ms] [ERROR] ./app/_components/NavLinksMobile.tsx:315:17
Expected '</', got 'ident'
  313 |                   be pinned to its dark rim rather than the page's. */}
  314 |               <CtaButton
> 315 |                 href={absPath(ctaLink.to)}
      |                 ^^^^
  316 |                 onClick={toggleNav}
  317 |                 size="sm"
  318 |                 className="liquid-glass--on-dark"

Parsing ecmascript source code failed

Import traces:
  Client Component Browser:
    ./app/_components/NavLinksMobile.tsx [Client Component Browser]
    ./app/_components/Navbar.tsx [Client Component Browser]
    ./app/_components/Navbar.tsx [Server Component]
    ./app/layout.tsx [Server Component]

  Client Component SSR:
    ./app/_components/NavLinksMobile.tsx [Client Component SSR]
    ./app/_components/Navbar.tsx [Client Component SSR]
    ./app/_components/Navbar.tsx [Server Component]
    ./app/layout.tsx [Server Component] @ http://localhost:3000/_next/static/chunks/node_modules_next_dist_0u_w_5s._.js:1945
[  256783ms] [ERROR] ./app/_components/NavLinksMobile.tsx:315:17
Expected '</', got 'ident'
  313 |                   be pinned to its dark rim rather than the page's. */}
  314 |               <CtaButton
> 315 |                 href={absPath(ctaLink.to)}
      |                 ^^^^
  316 |                 onClick={toggleNav}
  317 |                 size="sm"
  318 |                 className="liquid-glass--on-dark"

Parsing ecmascript source code failed

Import traces:
  Client Component Browser:
    ./app/_components/NavLinksMobile.tsx [Client Component Browser]
    ./app/_components/Navbar.tsx [Client Component Browser]
    ./app/_components/Navbar.tsx [Server Component]
    ./app/layout.tsx [Server Component]

  Client Component SSR:
    ./app/_components/NavLinksMobile.tsx [Client Component SSR]
    ./app/_components/Navbar.tsx [Client Component SSR]
    ./app/_components/Navbar.tsx [Server Component]
    ./app/layout.tsx [Server Component] @ http://localhost:3000/_next/static/chunks/node_modules_next_dist_0u_w_5s._.js:1945
[  256847ms] [ERROR] ./app/_components/NavLinksMobile.tsx:315:17
Expected '</', got 'ident'
  313 |                   be pinned to its dark rim rather than the page's. */}
  314 |               <CtaButton
> 315 |                 href={absPath(ctaLink.to)}
      |                 ^^^^
  316 |                 onClick={toggleNav}
  317 |                 size="sm"
  318 |                 className="liquid-glass--on-dark"

Parsing ecmascript source code failed

Import traces:
  Client Component Browser:
    ./app/_components/NavLinksMobile.tsx [Client Component Browser]
    ./app/_components/Navbar.tsx [Client Component Browser]
    ./app/_components/Navbar.tsx [Server Component]
    ./app/layout.tsx [Server Component]

  Client Component SSR:
    ./app/_components/NavLinksMobile.tsx [Client Component SSR]
    ./app/_components/Navbar.tsx [Client Component SSR]
    ./app/_components/Navbar.tsx [Server Component]
    ./app/layout.tsx [Server Component] @ http://localhost:3000/_next/static/chunks/node_modules_next_dist_0u_w_5s._.js:1945
[  256909ms] [ERROR] ./app/_components/NavLinksMobile.tsx:315:17
Expected '</', got 'ident'
  313 |                   be pinned to its dark rim rather than the page's. */}
  314 |               <CtaButton
> 315 |                 href={absPath(ctaLink.to)}
      |                 ^^^^
  316 |                 onClick={toggleNav}
  317 |                 size="sm"
  318 |                 className="liquid-glass--on-dark"

Parsing ecmascript source code failed

Import traces:
  Client Component Browser:
    ./app/_components/NavLinksMobile.tsx [Client Component Browser]
    ./app/_components/Navbar.tsx [Client Component Browser]
    ./app/_components/Navbar.tsx [Server Component]
    ./app/layout.tsx [Server Component]

  Client Component SSR:
    ./app/_components/NavLinksMobile.tsx [Client Component SSR]
    ./app/_components/Navbar.tsx [Client Component SSR]
    ./app/_components/Navbar.tsx [Server Component]
    ./app/layout.tsx [Server Component] @ http://localhost:3000/_next/static/chunks/node_modules_next_dist_0u_w_5s._.js:1945
[  256970ms] [ERROR] ./app/_components/NavLinksMobile.tsx:315:17
Expected '</', got 'ident'
  313 |                   be pinned to its dark rim rather than the page's. */}
  314 |               <CtaButton
> 315 |                 href={absPath(ctaLink.to)}
      |                 ^^^^
  316 |                 onClick={toggleNav}
  317 |                 size="sm"
  318 |                 className="liquid-glass--on-dark"

Parsing ecmascript source code failed

Import traces:
  Client Component Browser:
    ./app/_components/NavLinksMobile.tsx [Client Component Browser]
    ./app/_components/Navbar.tsx [Client Component Browser]
    ./app/_components/Navbar.tsx [Server Component]
    ./app/layout.tsx [Server Component]

  Client Component SSR:
    ./app/_components/NavLinksMobile.tsx [Client Component SSR]
    ./app/_components/Navbar.tsx [Client Component SSR]
    ./app/_components/Navbar.tsx [Server Component]
    ./app/layout.tsx [Server Component] @ http://localhost:3000/_next/static/chunks/node_modules_next_dist_0u_w_5s._.js:1945
[  257033ms] [ERROR] ./app/_components/NavLinksMobile.tsx:315:17
Expected '</', got 'ident'
  313 |                   be pinned to its dark rim rather than the page's. */}
  314 |               <CtaButton
> 315 |                 href={absPath(ctaLink.to)}
      |                 ^^^^
  316 |                 onClick={toggleNav}
  317 |                 size="sm"
  318 |                 className="liquid-glass--on-dark"

Parsing ecmascript source code failed

Import traces:
  Client Component Browser:
    ./app/_components/NavLinksMobile.tsx [Client Component Browser]
    ./app/_components/Navbar.tsx [Client Component Browser]
    ./app/_components/Navbar.tsx [Server Component]
    ./app/layout.tsx [Server Component]

  Client Component SSR:
    ./app/_components/NavLinksMobile.tsx [Client Component SSR]
    ./app/_components/Navbar.tsx [Client Component SSR]
    ./app/_components/Navbar.tsx [Server Component]
    ./app/layout.tsx [Server Component] @ http://localhost:3000/_next/static/chunks/node_modules_next_dist_0u_w_5s._.js:1945
[  257095ms] [ERROR] ./app/_components/NavLinksMobile.tsx:315:17
Expected '</', got 'ident'
  313 |                   be pinned to its dark rim rather than the page's. */}
  314 |               <CtaButton
> 315 |                 href={absPath(ctaLink.to)}
      |                 ^^^^
  316 |                 onClick={toggleNav}
  317 |                 size="sm"
  318 |                 className="liquid-glass--on-dark"

Parsing ecmascript source code failed

Import traces:
  Client Component Browser:
    ./app/_components/NavLinksMobile.tsx [Client Component Browser]
    ./app/_components/Navbar.tsx [Client Component Browser]
    ./app/_components/Navbar.tsx [Server Component]
    ./app/layout.tsx [Server Component]

  Client Component SSR:
    ./app/_components/NavLinksMobile.tsx [Client Component SSR]
    ./app/_components/Navbar.tsx [Client Component SSR]
    ./app/_components/Navbar.tsx [Server Component]
    ./app/layout.tsx [Server Component] @ http://localhost:3000/_next/static/chunks/node_modules_next_dist_0u_w_5s._.js:1945
[  257158ms] [ERROR] ./app/_components/NavLinksMobile.tsx:315:17
Expected '</', got 'ident'
  313 |                   be pinned to its dark rim rather than the page's. */}
  314 |               <CtaButton
> 315 |                 href={absPath(ctaLink.to)}
      |                 ^^^^
  316 |                 onClick={toggleNav}
  317 |                 size="sm"
  318 |                 className="liquid-glass--on-dark"

Parsing ecmascript source code failed

Import traces:
  Client Component Browser:
    ./app/_components/NavLinksMobile.tsx [Client Component Browser]
    ./app/_components/Navbar.tsx [Client Component Browser]
    ./app/_components/Navbar.tsx [Server Component]
    ./app/layout.tsx [Server Component]

  Client Component SSR:
    ./app/_components/NavLinksMobile.tsx [Client Component SSR]
    ./app/_components/Navbar.tsx [Client Component SSR]
    ./app/_components/Navbar.tsx [Server Component]
    ./app/layout.tsx [Server Component] @ http://localhost:3000/_next/static/chunks/node_modules_next_dist_0u_w_5s._.js:1945
[  257220ms] [ERROR] ./app/_components/NavLinksMobile.tsx:315:17
Expected '</', got 'ident'
  313 |                   be pinned to its dark rim rather than the page's. */}
  314 |               <CtaButton
> 315 |                 href={absPath(ctaLink.to)}
      |                 ^^^^
  316 |                 onClick={toggleNav}
  317 |                 size="sm"
  318 |                 className="liquid-glass--on-dark"

Parsing ecmascript source code failed

Import traces:
  Client Component Browser:
    ./app/_components/NavLinksMobile.tsx [Client Component Browser]
    ./app/_components/Navbar.tsx [Client Component Browser]
    ./app/_components/Navbar.tsx [Server Component]
    ./app/layout.tsx [Server Component]

  Client Component SSR:
    ./app/_components/NavLinksMobile.tsx [Client Component SSR]
    ./app/_components/Navbar.tsx [Client Component SSR]
    ./app/_components/Navbar.tsx [Server Component]
    ./app/layout.tsx [Server Component] @ http://localhost:3000/_next/static/chunks/node_modules_next_dist_0u_w_5s._.js:1945
[  257283ms] [ERROR] ./app/_components/NavLinksMobile.tsx:315:17
Expected '</', got 'ident'
  313 |                   be pinned to its dark rim rather than the page's. */}
  314 |               <CtaButton
> 315 |                 href={absPath(ctaLink.to)}
      |                 ^^^^
  316 |                 onClick={toggleNav}
  317 |                 size="sm"
  318 |                 className="liquid-glass--on-dark"

Parsing ecmascript source code failed

Import traces:
  Client Component Browser:
    ./app/_components/NavLinksMobile.tsx [Client Component Browser]
    ./app/_components/Navbar.tsx [Client Component Browser]
    ./app/_components/Navbar.tsx [Server Component]
    ./app/layout.tsx [Server Component]

  Client Component SSR:
    ./app/_components/NavLinksMobile.tsx [Client Component SSR]
    ./app/_components/Navbar.tsx [Client Component SSR]
    ./app/_components/Navbar.tsx [Server Component]
    ./app/layout.tsx [Server Component] @ http://localhost:3000/_next/static/chunks/node_modules_next_dist_0u_w_5s._.js:1945
[  257346ms] [ERROR] ./app/_components/NavLinksMobile.tsx:315:17
Expected '</', got 'ident'
  313 |                   be pinned to its dark rim rather than the page's. */}
  314 |               <CtaButton
> 315 |                 href={absPath(ctaLink.to)}
      |                 ^^^^
  316 |                 onClick={toggleNav}
  317 |                 size="sm"
  318 |                 className="liquid-glass--on-dark"

Parsing ecmascript source code failed

Import traces:
  Client Component Browser:
    ./app/_components/NavLinksMobile.tsx [Client Component Browser]
    ./app/_components/Navbar.tsx [Client Component Browser]
    ./app/_components/Navbar.tsx [Server Component]
    ./app/layout.tsx [Server Component]

  Client Component SSR:
    ./app/_components/NavLinksMobile.tsx [Client Component SSR]
    ./app/_components/Navbar.tsx [Client Component SSR]
    ./app/_components/Navbar.tsx [Server Component]
    ./app/layout.tsx [Server Component] @ http://localhost:3000/_next/static/chunks/node_modules_next_dist_0u_w_5s._.js:1945
[  257407ms] [ERROR] ./app/_components/NavLinksMobile.tsx:315:17
Expected '</', got 'ident'
  313 |                   be pinned to its dark rim rather than the page's. */}
  314 |               <CtaButton
> 315 |                 href={absPath(ctaLink.to)}
      |                 ^^^^
  316 |                 onClick={toggleNav}
  317 |                 size="sm"
  318 |                 className="liquid-glass--on-dark"

Parsing ecmascript source code failed

Import traces:
  Client Component Browser:
    ./app/_components/NavLinksMobile.tsx [Client Component Browser]
    ./app/_components/Navbar.tsx [Client Component Browser]
    ./app/_components/Navbar.tsx [Server Component]
    ./app/layout.tsx [Server Component]

  Client Component SSR:
    ./app/_components/NavLinksMobile.tsx [Client Component SSR]
    ./app/_components/Navbar.tsx [Client Component SSR]
    ./app/_components/Navbar.tsx [Server Component]
    ./app/layout.tsx [Server Component] @ http://localhost:3000/_next/static/chunks/node_modules_next_dist_0u_w_5s._.js:1945
[  257469ms] [ERROR] ./app/_components/NavLinksMobile.tsx:315:17
Expected '</', got 'ident'
  313 |                   be pinned to its dark rim rather than the page's. */}
  314 |               <CtaButton
> 315 |                 href={absPath(ctaLink.to)}
      |                 ^^^^
  316 |                 onClick={toggleNav}
  317 |                 size="sm"
  318 |                 className="liquid-glass--on-dark"

Parsing ecmascript source code failed

Import traces:
  Client Component Browser:
    ./app/_components/NavLinksMobile.tsx [Client Component Browser]
    ./app/_components/Navbar.tsx [Client Component Browser]
    ./app/_components/Navbar.tsx [Server Component]
    ./app/layout.tsx [Server Component]

  Client Component SSR:
    ./app/_components/NavLinksMobile.tsx [Client Component SSR]
    ./app/_components/Navbar.tsx [Client Component SSR]
    ./app/_components/Navbar.tsx [Server Component]
    ./app/layout.tsx [Server Component] @ http://localhost:3000/_next/static/chunks/node_modules_next_dist_0u_w_5s._.js:1945
