[    1454ms] [INFO] %cDownload the React DevTools for a better development experience: https://react.dev/link/react-devtools font-weight:bold @ http://localhost:3000/_next/static/chunks/node_modules_next_dist_115brz8._.js:2477
[    1517ms] [LOG] [HMR] connected @ http://localhost:3000/_next/static/chunks/node_modules_next_dist_115brz8._.js:2477
[    1578ms] [ERROR] Failed to load resource: the server responded with a status of 404 (Not Found) @ http://localhost:3000/favicon.ico:0
[    1911ms] [WARNING] THREE.Clock: This module has been deprecated. Please use THREE.Timer instead. @ http://localhost:3000/_next/static/chunks/node_modules_next_dist_115brz8._.js:2477
[    1940ms] [WARNING] THREE.Clock: This module has been deprecated. Please use THREE.Timer instead. @ http://localhost:3000/_next/static/chunks/node_modules_next_dist_115brz8._.js:2477
[  149705ms] [INFO] %cDownload the React DevTools for a better development experience: https://react.dev/link/react-devtools font-weight:bold @ http://localhost:3000/_next/static/chunks/node_modules_next_dist_115brz8._.js:2477
[  149735ms] [LOG] [HMR] connected @ http://localhost:3000/_next/static/chunks/node_modules_next_dist_115brz8._.js:2477
[  149821ms] [ERROR] Encountered a script tag while rendering React component. Scripts inside React components are never executed when rendering on the client. Consider using template tag instead (https://developer.mozilla.org/en-US/docs/Web/HTML/Element/template). @ http://localhost:3000/_next/static/chunks/node_modules_next_dist_115brz8._.js:3318
[  149888ms] Error: Hydration failed because the server rendered HTML didn't match the client. As a result this tree will be regenerated on the client. This can happen if a SSR-ed Client Component used:

- A server/client branch `if (typeof window !== 'undefined')`.
- Variable input such as `Date.now()` or `Math.random()` which changes each time it's called.
- Date formatting in a user's locale which doesn't match the server.
- External changing data without sending a snapshot of it along with the HTML.
- Invalid HTML tag nesting.

It can also happen if the client has a browser extension installed which messes with the HTML before React loaded.

https://react.dev/link/hydration-mismatch

  ...
    <InnerScrollAndFocusHandlerOld focusAndScrollRef={{scrollRef:null, ...}} cacheNode={{rsc:{...}, ...}}>
      <ErrorBoundary errorComponent={undefined} errorStyles={undefined} errorScripts={undefined}>
        <LoadingBoundary name="/" loading={null}>
          <HTTPAccessFallbackBoundary notFound={{...}} forbidden={undefined} unauthorized={undefined}>
            <HTTPAccessFallbackErrorBoundary pathname="/" notFound={{...}} forbidden={undefined} unauthorized={undefined} ...>
              <RedirectBoundary>
                <RedirectErrorBoundary router={{...}}>
                  <InnerLayoutRouter url="/" tree={[...]} params={{}} cacheNode={{rsc:{...}, ...}} segmentPath={[...]} ...>
                    <SegmentViewNode type="page" pagePath="page.tsx">
                      <SegmentTrieNode>
                      <Home>
                        <section>
                        <TechSection>
                        <Timeline>
                        <Disciplines>
                          <section ref={{current:null}} className="site-gutte...">
                            <div className="site-conta...">
                              <header>
+                             <ol className="discipline-copy-list">
-                             <div
-                               className="grid items-center gap-8 lg:grid-cols-[minmax(0,1fr)_auto_minmax(0,1fr)] lg:..."
-                             >
                            ...
                    ...
                  ...
      ...

    at throwOnHydrationMismatch (http://localhost:3000/_next/static/chunks/node_modules_next_dist_compiled_react-dom_058-ah~._.js:3318:56)
    at beginWork (http://localhost:3000/_next/static/chunks/node_modules_next_dist_compiled_react-dom_058-ah~._.js:6758:918)
    at runWithFiberInDEV (http://localhost:3000/_next/static/chunks/node_modules_next_dist_compiled_react-dom_058-ah~._.js:965:74)
    at performUnitOfWork (http://localhost:3000/_next/static/chunks/node_modules_next_dist_compiled_react-dom_058-ah~._.js:9555:97)
    at workLoopConcurrentByScheduler (http://localhost:3000/_next/static/chunks/node_modules_next_dist_compiled_react-dom_058-ah~._.js:9551:58)
    at renderRootConcurrent (http://localhost:3000/_next/static/chunks/node_modules_next_dist_compiled_react-dom_058-ah~._.js:9534:71)
    at performWorkOnRoot (http://localhost:3000/_next/static/chunks/node_modules_next_dist_compiled_react-dom_058-ah~._.js:9061:150)
    at performWorkOnRootViaSchedulerTask (http://localhost:3000/_next/static/chunks/node_modules_next_dist_compiled_react-dom_058-ah~._.js:10255:9)
    at MessagePort.performWorkUntilDeadline (http://localhost:3000/_next/static/chunks/node_modules_next_dist_compiled_0rpq4pf._.js:2647:64)
[  150026ms] [WARNING] THREE.Clock: This module has been deprecated. Please use THREE.Timer instead. @ http://localhost:3000/_next/static/chunks/node_modules_next_dist_115brz8._.js:2477
[  222965ms] [LOG] [Fast Refresh] rebuilding @ http://localhost:3000/_next/static/chunks/node_modules_next_dist_115brz8._.js:2477
[  223049ms] [LOG] [Fast Refresh] done in 184ms @ http://localhost:3000/_next/static/chunks/node_modules_next_dist_115brz8._.js:2477
[  231769ms] [LOG] [Fast Refresh] rebuilding @ http://localhost:3000/_next/static/chunks/node_modules_next_dist_115brz8._.js:2477
[  231832ms] [LOG] [Fast Refresh] done in 167ms @ http://localhost:3000/_next/static/chunks/node_modules_next_dist_115brz8._.js:2477
[  254829ms] [LOG] [Fast Refresh] rebuilding @ http://localhost:3000/_next/static/chunks/node_modules_next_dist_115brz8._.js:2477
[  254863ms] [WARNING] [Fast Refresh] performing full reload

Fast Refresh will perform a full reload when you edit a file that's imported by modules outside of the React rendering tree.
You might have a file which exports a React component but also exports a value that is imported by a non-React component file.
Consider migrating the non-React component export to a separate file and importing it into both files.

It is also possible the parent component of the component you edited is a class component, which disables Fast Refresh.
Fast Refresh requires at least one parent function component in your React tree. @ http://localhost:3000/_next/static/chunks/node_modules_next_dist_115brz8._.js:2477
[  255035ms] [LOG] [Fast Refresh] done in 132ms @ http://localhost:3000/_next/static/chunks/node_modules_next_dist_115brz8._.js:2477
[  255144ms] [LOG] [Fast Refresh] rebuilding @ http://localhost:3000/_next/static/chunks/node_modules_next_dist_115brz8._.js:2477
[  255561ms] [LOG] [Fast Refresh] done in 518ms @ http://localhost:3000/_next/static/chunks/node_modules_next_dist_115brz8._.js:2477
[  255736ms] [ERROR] Failed to load resource: the server responded with a status of 500 (Internal Server Error) @ http://localhost:3000/:0
[  255779ms] [INFO] %cDownload the React DevTools for a better development experience: https://react.dev/link/react-devtools font-weight:bold @ http://localhost:3000/_next/static/chunks/node_modules_next_dist_115brz8._.js:2477
[  255800ms] [LOG] [HMR] connected @ http://localhost:3000/_next/static/chunks/node_modules_next_dist_115brz8._.js:2477
[  255818ms] [ERROR] Encountered a script tag while rendering React component. Scripts inside React components are never executed when rendering on the client. Consider using template tag instead (https://developer.mozilla.org/en-US/docs/Web/HTML/Element/template). @ http://localhost:3000/_next/static/chunks/node_modules_next_dist_115brz8._.js:3318
[  255922ms] [LOG] [Fast Refresh] rebuilding @ http://localhost:3000/_next/static/chunks/node_modules_next_dist_115brz8._.js:2477
[  255974ms] ReferenceError: SECTION_KICKER is not defined
    at DisciplinesShell (http://localhost:3000/_next/static/chunks/_097wfft._.js:5172:43)
    at Object.react_stack_bottom_frame (http://localhost:3000/_next/static/chunks/node_modules_next_dist_compiled_react-dom_058-ah~._.js:15037:24)
    at renderWithHooks (http://localhost:3000/_next/static/chunks/node_modules_next_dist_compiled_react-dom_058-ah~._.js:4620:24)
    at updateFunctionComponent (http://localhost:3000/_next/static/chunks/node_modules_next_dist_compiled_react-dom_058-ah~._.js:6081:21)
    at beginWork (http://localhost:3000/_next/static/chunks/node_modules_next_dist_compiled_react-dom_058-ah~._.js:6665:639)
    at runWithFiberInDEV (http://localhost:3000/_next/static/chunks/node_modules_next_dist_compiled_react-dom_058-ah~._.js:965:74)
    at performUnitOfWork (http://localhost:3000/_next/static/chunks/node_modules_next_dist_compiled_react-dom_058-ah~._.js:9555:97)
    at workLoopSync (http://localhost:3000/_next/static/chunks/node_modules_next_dist_compiled_react-dom_058-ah~._.js:9449:40)
    at renderRootSync (http://localhost:3000/_next/static/chunks/node_modules_next_dist_compiled_react-dom_058-ah~._.js:9433:13)
    at performWorkOnRoot (http://localhost:3000/_next/static/chunks/node_modules_next_dist_compiled_react-dom_058-ah~._.js:9098:47)
    at performWorkOnRootViaSchedulerTask (http://localhost:3000/_next/static/chunks/node_modules_next_dist_compiled_react-dom_058-ah~._.js:10255:9)
    at MessagePort.performWorkUntilDeadline (http://localhost:3000/_next/static/chunks/node_modules_next_dist_compiled_0rpq4pf._.js:2647:64)
[  256006ms] [LOG] [Fast Refresh] done in 195ms @ http://localhost:3000/_next/static/chunks/node_modules_next_dist_115brz8._.js:2477
[  260946ms] [LOG] [Fast Refresh] rebuilding @ http://localhost:3000/_next/static/chunks/node_modules_next_dist_115brz8._.js:2477
[  261012ms] [WARNING] [Fast Refresh] performing full reload because your application had an unrecoverable error @ http://localhost:3000/_next/static/chunks/node_modules_next_dist_115brz8._.js:2477
[  261556ms] [LOG] [Fast Refresh] done in 169ms @ http://localhost:3000/_next/static/chunks/node_modules_next_dist_115brz8._.js:2477
[  261615ms] [ERROR] Failed to load resource: the server responded with a status of 500 (Internal Server Error) @ http://localhost:3000/:0
[  261723ms] [INFO] %cDownload the React DevTools for a better development experience: https://react.dev/link/react-devtools font-weight:bold @ http://localhost:3000/_next/static/chunks/node_modules_next_dist_115brz8._.js:2477
[  261741ms] [LOG] [HMR] connected @ http://localhost:3000/_next/static/chunks/node_modules_next_dist_115brz8._.js:2477
[  261767ms] [ERROR] Encountered a script tag while rendering React component. Scripts inside React components are never executed when rendering on the client. Consider using template tag instead (https://developer.mozilla.org/en-US/docs/Web/HTML/Element/template). @ http://localhost:3000/_next/static/chunks/node_modules_next_dist_115brz8._.js:3318
[  261966ms] ReferenceError: SECTION_KICKER is not defined
    at DisciplinesShell (http://localhost:3000/_next/static/chunks/_097wfft._.js:5172:43)
    at Object.react_stack_bottom_frame (http://localhost:3000/_next/static/chunks/node_modules_next_dist_compiled_react-dom_058-ah~._.js:15037:24)
    at renderWithHooks (http://localhost:3000/_next/static/chunks/node_modules_next_dist_compiled_react-dom_058-ah~._.js:4620:24)
    at updateFunctionComponent (http://localhost:3000/_next/static/chunks/node_modules_next_dist_compiled_react-dom_058-ah~._.js:6081:21)
    at beginWork (http://localhost:3000/_next/static/chunks/node_modules_next_dist_compiled_react-dom_058-ah~._.js:6665:639)
    at runWithFiberInDEV (http://localhost:3000/_next/static/chunks/node_modules_next_dist_compiled_react-dom_058-ah~._.js:965:74)
    at performUnitOfWork (http://localhost:3000/_next/static/chunks/node_modules_next_dist_compiled_react-dom_058-ah~._.js:9555:97)
    at workLoopSync (http://localhost:3000/_next/static/chunks/node_modules_next_dist_compiled_react-dom_058-ah~._.js:9449:40)
    at renderRootSync (http://localhost:3000/_next/static/chunks/node_modules_next_dist_compiled_react-dom_058-ah~._.js:9433:13)
    at performWorkOnRoot (http://localhost:3000/_next/static/chunks/node_modules_next_dist_compiled_react-dom_058-ah~._.js:9098:47)
    at performWorkOnRootViaSchedulerTask (http://localhost:3000/_next/static/chunks/node_modules_next_dist_compiled_react-dom_058-ah~._.js:10255:9)
    at MessagePort.performWorkUntilDeadline (http://localhost:3000/_next/static/chunks/node_modules_next_dist_compiled_0rpq4pf._.js:2647:64)
[  265724ms] [LOG] [Fast Refresh] rebuilding @ http://localhost:3000/_next/static/chunks/node_modules_next_dist_115brz8._.js:2477
[  265797ms] [WARNING] [Fast Refresh] performing full reload because your application had an unrecoverable error @ http://localhost:3000/_next/static/chunks/node_modules_next_dist_115brz8._.js:2477
[  266305ms] [LOG] [Fast Refresh] done in 177ms @ http://localhost:3000/_next/static/chunks/node_modules_next_dist_115brz8._.js:2477
[  266408ms] [LOG] [Fast Refresh] rebuilding @ http://localhost:3000/_next/static/chunks/node_modules_next_dist_115brz8._.js:2477
[  266432ms] [LOG] [Fast Refresh] done in 127ms @ http://localhost:3000/_next/static/chunks/node_modules_next_dist_115brz8._.js:2477
[  266536ms] [LOG] [Fast Refresh] rebuilding @ http://localhost:3000/_next/static/chunks/node_modules_next_dist_115brz8._.js:2477
[  266538ms] [LOG] [Fast Refresh] done in 105ms @ http://localhost:3000/_next/static/chunks/node_modules_next_dist_115brz8._.js:2477
[  266553ms] [ERROR] Failed to load resource: the server responded with a status of 500 (Internal Server Error) @ http://localhost:3000/:0
[  266591ms] [INFO] %cDownload the React DevTools for a better development experience: https://react.dev/link/react-devtools font-weight:bold @ http://localhost:3000/_next/static/chunks/node_modules_next_dist_115brz8._.js:2477
[  266607ms] [LOG] [HMR] connected @ http://localhost:3000/_next/static/chunks/node_modules_next_dist_115brz8._.js:2477
[  266621ms] [ERROR] Encountered a script tag while rendering React component. Scripts inside React components are never executed when rendering on the client. Consider using template tag instead (https://developer.mozilla.org/en-US/docs/Web/HTML/Element/template). @ http://localhost:3000/_next/static/chunks/node_modules_next_dist_115brz8._.js:3318
[  266780ms] ReferenceError: ITEM_LIST_JSON_LD is not defined
    at DisciplinesShell (http://localhost:3000/_next/static/chunks/_0ae4rb.._.js:5360:29)
    at Object.react_stack_bottom_frame (http://localhost:3000/_next/static/chunks/node_modules_next_dist_compiled_react-dom_058-ah~._.js:15037:24)
    at renderWithHooks (http://localhost:3000/_next/static/chunks/node_modules_next_dist_compiled_react-dom_058-ah~._.js:4620:24)
    at updateFunctionComponent (http://localhost:3000/_next/static/chunks/node_modules_next_dist_compiled_react-dom_058-ah~._.js:6081:21)
    at beginWork (http://localhost:3000/_next/static/chunks/node_modules_next_dist_compiled_react-dom_058-ah~._.js:6665:639)
    at runWithFiberInDEV (http://localhost:3000/_next/static/chunks/node_modules_next_dist_compiled_react-dom_058-ah~._.js:965:74)
    at performUnitOfWork (http://localhost:3000/_next/static/chunks/node_modules_next_dist_compiled_react-dom_058-ah~._.js:9555:97)
    at workLoopSync (http://localhost:3000/_next/static/chunks/node_modules_next_dist_compiled_react-dom_058-ah~._.js:9449:40)
    at renderRootSync (http://localhost:3000/_next/static/chunks/node_modules_next_dist_compiled_react-dom_058-ah~._.js:9433:13)
    at performWorkOnRoot (http://localhost:3000/_next/static/chunks/node_modules_next_dist_compiled_react-dom_058-ah~._.js:9098:47)
    at performWorkOnRootViaSchedulerTask (http://localhost:3000/_next/static/chunks/node_modules_next_dist_compiled_react-dom_058-ah~._.js:10255:9)
    at MessagePort.performWorkUntilDeadline (http://localhost:3000/_next/static/chunks/node_modules_next_dist_compiled_0rpq4pf._.js:2647:64)
[  266882ms] [LOG] [Fast Refresh] rebuilding @ http://localhost:3000/_next/static/chunks/node_modules_next_dist_115brz8._.js:2477
[  266889ms] [LOG] [Fast Refresh] done in 111ms @ http://localhost:3000/_next/static/chunks/node_modules_next_dist_115brz8._.js:2477
[  281201ms] [LOG] [Fast Refresh] rebuilding @ http://localhost:3000/_next/static/chunks/node_modules_next_dist_115brz8._.js:2477
[  281246ms] [WARNING] [Fast Refresh] performing full reload because your application had an unrecoverable error @ http://localhost:3000/_next/static/chunks/node_modules_next_dist_115brz8._.js:2477
[  281710ms] [LOG] [Fast Refresh] done in 150ms @ http://localhost:3000/_next/static/chunks/node_modules_next_dist_115brz8._.js:2477
[  281819ms] [LOG] [Fast Refresh] rebuilding @ http://localhost:3000/_next/static/chunks/node_modules_next_dist_115brz8._.js:2477
[  281878ms] [LOG] [Fast Refresh] done in 165ms @ http://localhost:3000/_next/static/chunks/node_modules_next_dist_115brz8._.js:2477
[  281984ms] [ERROR] Failed to load resource: the server responded with a status of 500 (Internal Server Error) @ http://localhost:3000/:0
[  282020ms] [INFO] %cDownload the React DevTools for a better development experience: https://react.dev/link/react-devtools font-weight:bold @ http://localhost:3000/_next/static/chunks/node_modules_next_dist_115brz8._.js:2477
[  282036ms] [LOG] [HMR] connected @ http://localhost:3000/_next/static/chunks/node_modules_next_dist_115brz8._.js:2477
[  282045ms] [ERROR] Encountered a script tag while rendering React component. Scripts inside React components are never executed when rendering on the client. Consider using template tag instead (https://developer.mozilla.org/en-US/docs/Web/HTML/Element/template). @ http://localhost:3000/_next/static/chunks/node_modules_next_dist_115brz8._.js:3318
[  282197ms] ReferenceError: ITEM_LIST_JSON_LD is not defined
    at DisciplinesShell (http://localhost:3000/_next/static/chunks/_0ae4rb.._.js:5369:29)
    at Object.react_stack_bottom_frame (http://localhost:3000/_next/static/chunks/node_modules_next_dist_compiled_react-dom_058-ah~._.js:15037:24)
    at renderWithHooks (http://localhost:3000/_next/static/chunks/node_modules_next_dist_compiled_react-dom_058-ah~._.js:4620:24)
    at updateFunctionComponent (http://localhost:3000/_next/static/chunks/node_modules_next_dist_compiled_react-dom_058-ah~._.js:6081:21)
    at beginWork (http://localhost:3000/_next/static/chunks/node_modules_next_dist_compiled_react-dom_058-ah~._.js:6665:639)
    at runWithFiberInDEV (http://localhost:3000/_next/static/chunks/node_modules_next_dist_compiled_react-dom_058-ah~._.js:965:74)
    at performUnitOfWork (http://localhost:3000/_next/static/chunks/node_modules_next_dist_compiled_react-dom_058-ah~._.js:9555:97)
    at workLoopSync (http://localhost:3000/_next/static/chunks/node_modules_next_dist_compiled_react-dom_058-ah~._.js:9449:40)
    at renderRootSync (http://localhost:3000/_next/static/chunks/node_modules_next_dist_compiled_react-dom_058-ah~._.js:9433:13)
    at performWorkOnRoot (http://localhost:3000/_next/static/chunks/node_modules_next_dist_compiled_react-dom_058-ah~._.js:9098:47)
    at performWorkOnRootViaSchedulerTask (http://localhost:3000/_next/static/chunks/node_modules_next_dist_compiled_react-dom_058-ah~._.js:10255:9)
    at MessagePort.performWorkUntilDeadline (http://localhost:3000/_next/static/chunks/node_modules_next_dist_compiled_0rpq4pf._.js:2647:64)
[  297615ms] [LOG] [Fast Refresh] rebuilding @ http://localhost:3000/_next/static/chunks/node_modules_next_dist_115brz8._.js:2477
[  297663ms] [WARNING] [Fast Refresh] performing full reload because your application had an unrecoverable error @ http://localhost:3000/_next/static/chunks/node_modules_next_dist_115brz8._.js:2477
[  298042ms] [LOG] [Fast Refresh] done in 149ms @ http://localhost:3000/_next/static/chunks/node_modules_next_dist_115brz8._.js:2477
[  298150ms] [LOG] [Fast Refresh] rebuilding @ http://localhost:3000/_next/static/chunks/node_modules_next_dist_115brz8._.js:2477
[  298271ms] [LOG] [Fast Refresh] done in 220ms @ http://localhost:3000/_next/static/chunks/node_modules_next_dist_115brz8._.js:2477
[  298443ms] [INFO] %cDownload the React DevTools for a better development experience: https://react.dev/link/react-devtools font-weight:bold @ http://localhost:3000/_next/static/chunks/node_modules_next_dist_115brz8._.js:2477
[  298473ms] [LOG] [HMR] connected @ http://localhost:3000/_next/static/chunks/node_modules_next_dist_115brz8._.js:2477
[  298743ms] [WARNING] THREE.Clock: This module has been deprecated. Please use THREE.Timer instead. @ http://localhost:3000/_next/static/chunks/node_modules_next_dist_115brz8._.js:2477
[  302164ms] [LOG] [Fast Refresh] rebuilding @ http://localhost:3000/_next/static/chunks/node_modules_next_dist_115brz8._.js:2477
[  302526ms] [LOG] [Fast Refresh] done in 293ms @ http://localhost:3000/_next/static/chunks/node_modules_next_dist_115brz8._.js:2477
[  302643ms] [LOG] [Fast Refresh] rebuilding @ http://localhost:3000/_next/static/chunks/node_modules_next_dist_115brz8._.js:2477
[  302645ms] [LOG] [Fast Refresh] done in 104ms @ http://localhost:3000/_next/static/chunks/node_modules_next_dist_115brz8._.js:2477
[  302751ms] [LOG] [Fast Refresh] rebuilding @ http://localhost:3000/_next/static/chunks/node_modules_next_dist_115brz8._.js:2477
[  302753ms] [LOG] [Fast Refresh] done in 105ms @ http://localhost:3000/_next/static/chunks/node_modules_next_dist_115brz8._.js:2477
[  326953ms] [LOG] [Fast Refresh] rebuilding @ http://localhost:3000/_next/static/chunks/node_modules_next_dist_115brz8._.js:2477
[  326975ms] [WARNING] THREE.Clock: This module has been deprecated. Please use THREE.Timer instead. @ http://localhost:3000/_next/static/chunks/node_modules_next_dist_115brz8._.js:2477
[  327350ms] [LOG] [Fast Refresh] done in 501ms @ http://localhost:3000/_next/static/chunks/node_modules_next_dist_115brz8._.js:2477
[  327435ms] [INFO] %cDownload the React DevTools for a better development experience: https://react.dev/link/react-devtools font-weight:bold @ http://localhost:3000/_next/static/chunks/node_modules_next_dist_115brz8._.js:2477
[  327470ms] [LOG] [HMR] connected @ http://localhost:3000/_next/static/chunks/node_modules_next_dist_115brz8._.js:2477
[  327722ms] [WARNING] THREE.Clock: This module has been deprecated. Please use THREE.Timer instead. @ http://localhost:3000/_next/static/chunks/node_modules_next_dist_115brz8._.js:2477
[  327743ms] [WARNING] THREE.Clock: This module has been deprecated. Please use THREE.Timer instead. @ http://localhost:3000/_next/static/chunks/node_modules_next_dist_115brz8._.js:2477
[  330620ms] [LOG] [Fast Refresh] rebuilding @ http://localhost:3000/_next/static/chunks/node_modules_next_dist_115brz8._.js:2477
[  330682ms] [LOG] [Fast Refresh] done in 163ms @ http://localhost:3000/_next/static/chunks/node_modules_next_dist_115brz8._.js:2477
[  330753ms] [INFO] %cDownload the React DevTools for a better development experience: https://react.dev/link/react-devtools font-weight:bold @ http://localhost:3000/_next/static/chunks/node_modules_next_dist_115brz8._.js:2477
[  330774ms] [LOG] [HMR] connected @ http://localhost:3000/_next/static/chunks/node_modules_next_dist_115brz8._.js:2477
[  331041ms] [WARNING] THREE.Clock: This module has been deprecated. Please use THREE.Timer instead. @ http://localhost:3000/_next/static/chunks/node_modules_next_dist_115brz8._.js:2477
[  331065ms] [WARNING] THREE.Clock: This module has been deprecated. Please use THREE.Timer instead. @ http://localhost:3000/_next/static/chunks/node_modules_next_dist_115brz8._.js:2477
[  346396ms] [INFO] %cDownload the React DevTools for a better development experience: https://react.dev/link/react-devtools font-weight:bold @ http://localhost:3000/_next/static/chunks/node_modules_next_dist_115brz8._.js:2477
[  346423ms] [LOG] [HMR] connected @ http://localhost:3000/_next/static/chunks/node_modules_next_dist_115brz8._.js:2477
[  346661ms] [WARNING] THREE.Clock: This module has been deprecated. Please use THREE.Timer instead. @ http://localhost:3000/_next/static/chunks/node_modules_next_dist_115brz8._.js:2477
[  350063ms] [WARNING] THREE.Clock: This module has been deprecated. Please use THREE.Timer instead. @ http://localhost:3000/_next/static/chunks/node_modules_next_dist_115brz8._.js:2477
[  366441ms] [LOG] [Fast Refresh] rebuilding @ http://localhost:3000/_next/static/chunks/node_modules_next_dist_115brz8._.js:2477
[  366498ms] [LOG] [Fast Refresh] done in 161ms @ http://localhost:3000/_next/static/chunks/node_modules_next_dist_115brz8._.js:2477
[  366574ms] [INFO] %cDownload the React DevTools for a better development experience: https://react.dev/link/react-devtools font-weight:bold @ http://localhost:3000/_next/static/chunks/node_modules_next_dist_115brz8._.js:2477
[  366590ms] [LOG] [HMR] connected @ http://localhost:3000/_next/static/chunks/node_modules_next_dist_115brz8._.js:2477
[  366818ms] [WARNING] THREE.Clock: This module has been deprecated. Please use THREE.Timer instead. @ http://localhost:3000/_next/static/chunks/node_modules_next_dist_115brz8._.js:2477
[  366820ms] [ERROR] THREE.WebGLRenderer: Error creating WebGL context. @ http://localhost:3000/_next/static/chunks/node_modules_next_dist_115brz8._.js:3318
[  366824ms] Error: Error creating WebGL context.
    at new WebGLRenderer (http://localhost:3000/_next/static/chunks/node_modules_three_build_three_module_024z3_h.js:10957:31)
    at Object.configure (http://localhost:3000/_next/static/chunks/node_modules_%40react-three_fiber_dist_0gfhqo9._.js:14854:26)
    at run (http://localhost:3000/_next/static/chunks/node_modules_%40react-three_fiber_dist_0gfhqo9._.js:15499:40)
    at CanvasImpl.useIsomorphicLayoutEffect (http://localhost:3000/_next/static/chunks/node_modules_%40react-three_fiber_dist_0gfhqo9._.js:15552:17)
    at Object.react_stack_bottom_frame (http://localhost:3000/_next/static/chunks/node_modules_next_dist_compiled_react-dom_058-ah~._.js:15087:22)
    at runWithFiberInDEV (http://localhost:3000/_next/static/chunks/node_modules_next_dist_compiled_react-dom_058-ah~._.js:965:74)
    at commitHookEffectListMount (http://localhost:3000/_next/static/chunks/node_modules_next_dist_compiled_react-dom_058-ah~._.js:7255:167)
    at commitHookLayoutEffects (http://localhost:3000/_next/static/chunks/node_modules_next_dist_compiled_react-dom_058-ah~._.js:7243:60)
    at commitLayoutEffectOnFiber (http://localhost:3000/_next/static/chunks/node_modules_next_dist_compiled_react-dom_058-ah~._.js:7851:30)
    at recursivelyTraverseLayoutEffects (http://localhost:3000/_next/static/chunks/node_modules_next_dist_compiled_react-dom_058-ah~._.js:8530:105)
    at commitLayoutEffectOnFiber (http://localhost:3000/_next/static/chunks/node_modules_next_dist_compiled_react-dom_058-ah~._.js:7948:17)
    at recursivelyTraverseLayoutEffects (http://localhost:3000/_next/static/chunks/node_modules_next_dist_compiled_react-dom_058-ah~._.js:8530:105)
    at commitLayoutEffectOnFiber (http://localhost:3000/_next/static/chunks/node_modules_next_dist_compiled_react-dom_058-ah~._.js:7854:17)
    at recursivelyTraverseLayoutEffects (http://localhost:3000/_next/static/chunks/node_modules_next_dist_compiled_react-dom_058-ah~._.js:8530:105)
    at commitLayoutEffectOnFiber (http://localhost:3000/_next/static/chunks/node_modules_next_dist_compiled_react-dom_058-ah~._.js:7850:17)
    at recursivelyTraverseLayoutEffects (http://localhost:3000/_next/static/chunks/node_modules_next_dist_compiled_react-dom_058-ah~._.js:8530:105)
    at commitLayoutEffectOnFiber (http://localhost:3000/_next/static/chunks/node_modules_next_dist_compiled_react-dom_058-ah~._.js:7890:17)
    at recursivelyTraverseLayoutEffects (http://localhost:3000/_next/static/chunks/node_modules_next_dist_compiled_react-dom_058-ah~._.js:8530:105)
    at commitLayoutEffectOnFiber (http://localhost:3000/_next/static/chunks/node_modules_next_dist_compiled_react-dom_058-ah~._.js:7850:17)
    at recursivelyTraverseLayoutEffects (http://localhost:3000/_next/static/chunks/node_modules_next_dist_compiled_react-dom_058-ah~._.js:8530:105)
    at commitLayoutEffectOnFiber (http://localhost:3000/_next/static/chunks/node_modules_next_dist_compiled_react-dom_058-ah~._.js:7890:17)
    at recursivelyTraverseLayoutEffects (http://localhost:3000/_next/static/chunks/node_modules_next_dist_compiled_react-dom_058-ah~._.js:8530:105)
    at commitLayoutEffectOnFiber (http://localhost:3000/_next/static/chunks/node_modules_next_dist_compiled_react-dom_058-ah~._.js:7890:17)
    at recursivelyTraverseLayoutEffects (http://localhost:3000/_next/static/chunks/node_modules_next_dist_compiled_react-dom_058-ah~._.js:8530:105)
    at commitLayoutEffectOnFiber (http://localhost:3000/_next/static/chunks/node_modules_next_dist_compiled_react-dom_058-ah~._.js:7948:17)
    at recursivelyTraverseLayoutEffects (http://localhost:3000/_next/static/chunks/node_modules_next_dist_compiled_react-dom_058-ah~._.js:8530:105)
    at commitLayoutEffectOnFiber (http://localhost:3000/_next/static/chunks/node_modules_next_dist_compiled_react-dom_058-ah~._.js:7850:17)
    at recursivelyTraverseLayoutEffects (http://localhost:3000/_next/static/chunks/node_modules_next_dist_compiled_react-dom_058-ah~._.js:8530:105)
    at commitLayoutEffectOnFiber (http://localhost:3000/_next/static/chunks/node_modules_next_dist_compiled_react-dom_058-ah~._.js:7948:17)
    at recursivelyTraverseLayoutEffects (http://localhost:3000/_next/static/chunks/node_modules_next_dist_compiled_react-dom_058-ah~._.js:8530:105)
    at commitLayoutEffectOnFiber (http://localhost:3000/_next/static/chunks/node_modules_next_dist_compiled_react-dom_058-ah~._.js:7948:17)
    at recursivelyTraverseLayoutEffects (http://localhost:3000/_next/static/chunks/node_modules_next_dist_compiled_react-dom_058-ah~._.js:8530:105)
    at commitLayoutEffectOnFiber (http://localhost:3000/_next/static/chunks/node_modules_next_dist_compiled_react-dom_058-ah~._.js:7850:17)
    at recursivelyTraverseLayoutEffects (http://localhost:3000/_next/static/chunks/node_modules_next_dist_compiled_react-dom_058-ah~._.js:8530:105)
    at commitLayoutEffectOnFiber (http://localhost:3000/_next/static/chunks/node_modules_next_dist_compiled_react-dom_058-ah~._.js:7854:17)
    at recursivelyTraverseLayoutEffects (http://localhost:3000/_next/static/chunks/node_modules_next_dist_compiled_react-dom_058-ah~._.js:8530:105)
    at commitLayoutEffectOnFiber (http://localhost:3000/_next/static/chunks/node_modules_next_dist_compiled_react-dom_058-ah~._.js:7850:17)
    at recursivelyTraverseLayoutEffects (http://localhost:3000/_next/static/chunks/node_modules_next_dist_compiled_react-dom_058-ah~._.js:8530:105)
    at commitLayoutEffectOnFiber (http://localhost:3000/_next/static/chunks/node_modules_next_dist_compiled_react-dom_058-ah~._.js:7854:17)
    at recursivelyTraverseLayoutEffects (http://localhost:3000/_next/static/chunks/node_modules_next_dist_compiled_react-dom_058-ah~._.js:8530:105)
    at commitLayoutEffectOnFiber (http://localhost:3000/_next/static/chunks/node_modules_next_dist_compiled_react-dom_058-ah~._.js:7850:17)
    at recursivelyTraverseLayoutEffects (http://localhost:3000/_next/static/chunks/node_modules_next_dist_compiled_react-dom_058-ah~._.js:8530:105)
    at commitLayoutEffectOnFiber (http://localhost:3000/_next/static/chunks/node_modules_next_dist_compiled_react-dom_058-ah~._.js:7850:17)
    at recursivelyTraverseLayoutEffects (http://localhost:3000/_next/static/chunks/node_modules_next_dist_compiled_react-dom_058-ah~._.js:8530:105)
    at commitLayoutEffectOnFiber (http://localhost:3000/_next/static/chunks/node_modules_next_dist_compiled_react-dom_058-ah~._.js:7850:17)
    at recursivelyTraverseLayoutEffects (http://localhost:3000/_next/static/chunks/node_modules_next_dist_compiled_react-dom_058-ah~._.js:8530:105)
    at commitLayoutEffectOnFiber (http://localhost:3000/_next/static/chunks/node_modules_next_dist_compiled_react-dom_058-ah~._.js:7854:17)
    at recursivelyTraverseLayoutEffects (http://localhost:3000/_next/static/chunks/node_modules_next_dist_compiled_react-dom_058-ah~._.js:8530:105)
    at commitLayoutEffectOnFiber (http://localhost:3000/_next/static/chunks/node_modules_next_dist_compiled_react-dom_058-ah~._.js:7850:17)
    at recursivelyTraverseLayoutEffects (http://localhost:3000/_next/static/chunks/node_modules_next_dist_compiled_react-dom_058-ah~._.js:8530:105)
[  370175ms] [ERROR] THREE.WebGLRenderer: Error creating WebGL context. @ http://localhost:3000/_next/static/chunks/node_modules_next_dist_115brz8._.js:3318
[  370181ms] Error: Error creating WebGL context.
    at new WebGLRenderer (http://localhost:3000/_next/static/chunks/node_modules_three_build_three_module_024z3_h.js:10957:31)
    at Object.configure (http://localhost:3000/_next/static/chunks/node_modules_%40react-three_fiber_dist_0gfhqo9._.js:14854:26)
    at run (http://localhost:3000/_next/static/chunks/node_modules_%40react-three_fiber_dist_0gfhqo9._.js:15499:40)
    at CanvasImpl.useIsomorphicLayoutEffect (http://localhost:3000/_next/static/chunks/node_modules_%40react-three_fiber_dist_0gfhqo9._.js:15552:17)
    at Object.react_stack_bottom_frame (http://localhost:3000/_next/static/chunks/node_modules_next_dist_compiled_react-dom_058-ah~._.js:15087:22)
    at runWithFiberInDEV (http://localhost:3000/_next/static/chunks/node_modules_next_dist_compiled_react-dom_058-ah~._.js:965:74)
    at commitHookEffectListMount (http://localhost:3000/_next/static/chunks/node_modules_next_dist_compiled_react-dom_058-ah~._.js:7255:167)
    at commitHookLayoutEffects (http://localhost:3000/_next/static/chunks/node_modules_next_dist_compiled_react-dom_058-ah~._.js:7243:60)
    at commitLayoutEffectOnFiber (http://localhost:3000/_next/static/chunks/node_modules_next_dist_compiled_react-dom_058-ah~._.js:7851:30)
    at recursivelyTraverseLayoutEffects (http://localhost:3000/_next/static/chunks/node_modules_next_dist_compiled_react-dom_058-ah~._.js:8530:105)
    at commitLayoutEffectOnFiber (http://localhost:3000/_next/static/chunks/node_modules_next_dist_compiled_react-dom_058-ah~._.js:7948:17)
    at recursivelyTraverseLayoutEffects (http://localhost:3000/_next/static/chunks/node_modules_next_dist_compiled_react-dom_058-ah~._.js:8530:105)
    at commitLayoutEffectOnFiber (http://localhost:3000/_next/static/chunks/node_modules_next_dist_compiled_react-dom_058-ah~._.js:7854:17)
    at recursivelyTraverseLayoutEffects (http://localhost:3000/_next/static/chunks/node_modules_next_dist_compiled_react-dom_058-ah~._.js:8530:105)
    at commitLayoutEffectOnFiber (http://localhost:3000/_next/static/chunks/node_modules_next_dist_compiled_react-dom_058-ah~._.js:7850:17)
    at recursivelyTraverseLayoutEffects (http://localhost:3000/_next/static/chunks/node_modules_next_dist_compiled_react-dom_058-ah~._.js:8530:105)
    at commitLayoutEffectOnFiber (http://localhost:3000/_next/static/chunks/node_modules_next_dist_compiled_react-dom_058-ah~._.js:7890:17)
    at recursivelyTraverseLayoutEffects (http://localhost:3000/_next/static/chunks/node_modules_next_dist_compiled_react-dom_058-ah~._.js:8530:105)
    at commitLayoutEffectOnFiber (http://localhost:3000/_next/static/chunks/node_modules_next_dist_compiled_react-dom_058-ah~._.js:7850:17)
    at recursivelyTraverseLayoutEffects (http://localhost:3000/_next/static/chunks/node_modules_next_dist_compiled_react-dom_058-ah~._.js:8530:105)
    at commitLayoutEffectOnFiber (http://localhost:3000/_next/static/chunks/node_modules_next_dist_compiled_react-dom_058-ah~._.js:7890:17)
    at recursivelyTraverseLayoutEffects (http://localhost:3000/_next/static/chunks/node_modules_next_dist_compiled_react-dom_058-ah~._.js:8530:105)
    at commitLayoutEffectOnFiber (http://localhost:3000/_next/static/chunks/node_modules_next_dist_compiled_react-dom_058-ah~._.js:7890:17)
    at recursivelyTraverseLayoutEffects (http://localhost:3000/_next/static/chunks/node_modules_next_dist_compiled_react-dom_058-ah~._.js:8530:105)
    at commitLayoutEffectOnFiber (http://localhost:3000/_next/static/chunks/node_modules_next_dist_compiled_react-dom_058-ah~._.js:7948:17)
    at recursivelyTraverseLayoutEffects (http://localhost:3000/_next/static/chunks/node_modules_next_dist_compiled_react-dom_058-ah~._.js:8530:105)
    at commitLayoutEffectOnFiber (http://localhost:3000/_next/static/chunks/node_modules_next_dist_compiled_react-dom_058-ah~._.js:7850:17)
    at recursivelyTraverseLayoutEffects (http://localhost:3000/_next/static/chunks/node_modules_next_dist_compiled_react-dom_058-ah~._.js:8530:105)
    at commitLayoutEffectOnFiber (http://localhost:3000/_next/static/chunks/node_modules_next_dist_compiled_react-dom_058-ah~._.js:7948:17)
    at recursivelyTraverseLayoutEffects (http://localhost:3000/_next/static/chunks/node_modules_next_dist_compiled_react-dom_058-ah~._.js:8530:105)
    at commitLayoutEffectOnFiber (http://localhost:3000/_next/static/chunks/node_modules_next_dist_compiled_react-dom_058-ah~._.js:7948:17)
    at recursivelyTraverseLayoutEffects (http://localhost:3000/_next/static/chunks/node_modules_next_dist_compiled_react-dom_058-ah~._.js:8530:105)
    at commitLayoutEffectOnFiber (http://localhost:3000/_next/static/chunks/node_modules_next_dist_compiled_react-dom_058-ah~._.js:7850:17)
    at recursivelyTraverseLayoutEffects (http://localhost:3000/_next/static/chunks/node_modules_next_dist_compiled_react-dom_058-ah~._.js:8530:105)
    at commitLayoutEffectOnFiber (http://localhost:3000/_next/static/chunks/node_modules_next_dist_compiled_react-dom_058-ah~._.js:7854:17)
    at recursivelyTraverseLayoutEffects (http://localhost:3000/_next/static/chunks/node_modules_next_dist_compiled_react-dom_058-ah~._.js:8530:105)
    at commitLayoutEffectOnFiber (http://localhost:3000/_next/static/chunks/node_modules_next_dist_compiled_react-dom_058-ah~._.js:7850:17)
    at recursivelyTraverseLayoutEffects (http://localhost:3000/_next/static/chunks/node_modules_next_dist_compiled_react-dom_058-ah~._.js:8530:105)
    at commitLayoutEffectOnFiber (http://localhost:3000/_next/static/chunks/node_modules_next_dist_compiled_react-dom_058-ah~._.js:7854:17)
    at recursivelyTraverseLayoutEffects (http://localhost:3000/_next/static/chunks/node_modules_next_dist_compiled_react-dom_058-ah~._.js:8530:105)
    at commitLayoutEffectOnFiber (http://localhost:3000/_next/static/chunks/node_modules_next_dist_compiled_react-dom_058-ah~._.js:7850:17)
    at recursivelyTraverseLayoutEffects (http://localhost:3000/_next/static/chunks/node_modules_next_dist_compiled_react-dom_058-ah~._.js:8530:105)
    at commitLayoutEffectOnFiber (http://localhost:3000/_next/static/chunks/node_modules_next_dist_compiled_react-dom_058-ah~._.js:7850:17)
    at recursivelyTraverseLayoutEffects (http://localhost:3000/_next/static/chunks/node_modules_next_dist_compiled_react-dom_058-ah~._.js:8530:105)
    at commitLayoutEffectOnFiber (http://localhost:3000/_next/static/chunks/node_modules_next_dist_compiled_react-dom_058-ah~._.js:7850:17)
    at recursivelyTraverseLayoutEffects (http://localhost:3000/_next/static/chunks/node_modules_next_dist_compiled_react-dom_058-ah~._.js:8530:105)
    at commitLayoutEffectOnFiber (http://localhost:3000/_next/static/chunks/node_modules_next_dist_compiled_react-dom_058-ah~._.js:7854:17)
    at recursivelyTraverseLayoutEffects (http://localhost:3000/_next/static/chunks/node_modules_next_dist_compiled_react-dom_058-ah~._.js:8530:105)
    at commitLayoutEffectOnFiber (http://localhost:3000/_next/static/chunks/node_modules_next_dist_compiled_react-dom_058-ah~._.js:7850:17)
    at recursivelyTraverseLayoutEffects (http://localhost:3000/_next/static/chunks/node_modules_next_dist_compiled_react-dom_058-ah~._.js:8530:105)
[  370199ms] [ERROR] THREE.WebGLRenderer: Error creating WebGL context. @ http://localhost:3000/_next/static/chunks/node_modules_next_dist_115brz8._.js:3318
[  370206ms] Error: Error creating WebGL context.
    at new WebGLRenderer (http://localhost:3000/_next/static/chunks/node_modules_three_build_three_module_024z3_h.js:10957:31)
    at Object.configure (http://localhost:3000/_next/static/chunks/node_modules_%40react-three_fiber_dist_0gfhqo9._.js:14854:26)
    at run (http://localhost:3000/_next/static/chunks/node_modules_%40react-three_fiber_dist_0gfhqo9._.js:15499:40)
    at CanvasImpl.useIsomorphicLayoutEffect (http://localhost:3000/_next/static/chunks/node_modules_%40react-three_fiber_dist_0gfhqo9._.js:15552:17)
    at Object.react_stack_bottom_frame (http://localhost:3000/_next/static/chunks/node_modules_next_dist_compiled_react-dom_058-ah~._.js:15087:22)
    at runWithFiberInDEV (http://localhost:3000/_next/static/chunks/node_modules_next_dist_compiled_react-dom_058-ah~._.js:965:74)
    at commitHookEffectListMount (http://localhost:3000/_next/static/chunks/node_modules_next_dist_compiled_react-dom_058-ah~._.js:7255:167)
    at commitHookLayoutEffects (http://localhost:3000/_next/static/chunks/node_modules_next_dist_compiled_react-dom_058-ah~._.js:7243:60)
    at commitLayoutEffectOnFiber (http://localhost:3000/_next/static/chunks/node_modules_next_dist_compiled_react-dom_058-ah~._.js:7851:30)
    at recursivelyTraverseLayoutEffects (http://localhost:3000/_next/static/chunks/node_modules_next_dist_compiled_react-dom_058-ah~._.js:8530:105)
    at commitLayoutEffectOnFiber (http://localhost:3000/_next/static/chunks/node_modules_next_dist_compiled_react-dom_058-ah~._.js:7948:17)
    at recursivelyTraverseLayoutEffects (http://localhost:3000/_next/static/chunks/node_modules_next_dist_compiled_react-dom_058-ah~._.js:8530:105)
    at commitLayoutEffectOnFiber (http://localhost:3000/_next/static/chunks/node_modules_next_dist_compiled_react-dom_058-ah~._.js:7854:17)
    at recursivelyTraverseLayoutEffects (http://localhost:3000/_next/static/chunks/node_modules_next_dist_compiled_react-dom_058-ah~._.js:8530:105)
    at commitLayoutEffectOnFiber (http://localhost:3000/_next/static/chunks/node_modules_next_dist_compiled_react-dom_058-ah~._.js:7850:17)
    at recursivelyTraverseLayoutEffects (http://localhost:3000/_next/static/chunks/node_modules_next_dist_compiled_react-dom_058-ah~._.js:8530:105)
    at commitLayoutEffectOnFiber (http://localhost:3000/_next/static/chunks/node_modules_next_dist_compiled_react-dom_058-ah~._.js:7890:17)
    at recursivelyTraverseLayoutEffects (http://localhost:3000/_next/static/chunks/node_modules_next_dist_compiled_react-dom_058-ah~._.js:8530:105)
    at commitLayoutEffectOnFiber (http://localhost:3000/_next/static/chunks/node_modules_next_dist_compiled_react-dom_058-ah~._.js:7850:17)
    at recursivelyTraverseLayoutEffects (http://localhost:3000/_next/static/chunks/node_modules_next_dist_compiled_react-dom_058-ah~._.js:8530:105)
    at commitLayoutEffectOnFiber (http://localhost:3000/_next/static/chunks/node_modules_next_dist_compiled_react-dom_058-ah~._.js:7890:17)
    at recursivelyTraverseLayoutEffects (http://localhost:3000/_next/static/chunks/node_modules_next_dist_compiled_react-dom_058-ah~._.js:8530:105)
    at commitLayoutEffectOnFiber (http://localhost:3000/_next/static/chunks/node_modules_next_dist_compiled_react-dom_058-ah~._.js:7890:17)
    at recursivelyTraverseLayoutEffects (http://localhost:3000/_next/static/chunks/node_modules_next_dist_compiled_react-dom_058-ah~._.js:8530:105)
    at commitLayoutEffectOnFiber (http://localhost:3000/_next/static/chunks/node_modules_next_dist_compiled_react-dom_058-ah~._.js:7948:17)
    at recursivelyTraverseLayoutEffects (http://localhost:3000/_next/static/chunks/node_modules_next_dist_compiled_react-dom_058-ah~._.js:8530:105)
    at commitLayoutEffectOnFiber (http://localhost:3000/_next/static/chunks/node_modules_next_dist_compiled_react-dom_058-ah~._.js:7850:17)
    at recursivelyTraverseLayoutEffects (http://localhost:3000/_next/static/chunks/node_modules_next_dist_compiled_react-dom_058-ah~._.js:8530:105)
    at commitLayoutEffectOnFiber (http://localhost:3000/_next/static/chunks/node_modules_next_dist_compiled_react-dom_058-ah~._.js:7948:17)
    at recursivelyTraverseLayoutEffects (http://localhost:3000/_next/static/chunks/node_modules_next_dist_compiled_react-dom_058-ah~._.js:8530:105)
    at commitLayoutEffectOnFiber (http://localhost:3000/_next/static/chunks/node_modules_next_dist_compiled_react-dom_058-ah~._.js:7948:17)
    at recursivelyTraverseLayoutEffects (http://localhost:3000/_next/static/chunks/node_modules_next_dist_compiled_react-dom_058-ah~._.js:8530:105)
    at commitLayoutEffectOnFiber (http://localhost:3000/_next/static/chunks/node_modules_next_dist_compiled_react-dom_058-ah~._.js:7850:17)
    at recursivelyTraverseLayoutEffects (http://localhost:3000/_next/static/chunks/node_modules_next_dist_compiled_react-dom_058-ah~._.js:8530:105)
    at commitLayoutEffectOnFiber (http://localhost:3000/_next/static/chunks/node_modules_next_dist_compiled_react-dom_058-ah~._.js:7854:17)
    at recursivelyTraverseLayoutEffects (http://localhost:3000/_next/static/chunks/node_modules_next_dist_compiled_react-dom_058-ah~._.js:8530:105)
    at commitLayoutEffectOnFiber (http://localhost:3000/_next/static/chunks/node_modules_next_dist_compiled_react-dom_058-ah~._.js:7850:17)
    at recursivelyTraverseLayoutEffects (http://localhost:3000/_next/static/chunks/node_modules_next_dist_compiled_react-dom_058-ah~._.js:8530:105)
    at commitLayoutEffectOnFiber (http://localhost:3000/_next/static/chunks/node_modules_next_dist_compiled_react-dom_058-ah~._.js:7854:17)
    at recursivelyTraverseLayoutEffects (http://localhost:3000/_next/static/chunks/node_modules_next_dist_compiled_react-dom_058-ah~._.js:8530:105)
    at commitLayoutEffectOnFiber (http://localhost:3000/_next/static/chunks/node_modules_next_dist_compiled_react-dom_058-ah~._.js:7850:17)
    at recursivelyTraverseLayoutEffects (http://localhost:3000/_next/static/chunks/node_modules_next_dist_compiled_react-dom_058-ah~._.js:8530:105)
    at commitLayoutEffectOnFiber (http://localhost:3000/_next/static/chunks/node_modules_next_dist_compiled_react-dom_058-ah~._.js:7850:17)
    at recursivelyTraverseLayoutEffects (http://localhost:3000/_next/static/chunks/node_modules_next_dist_compiled_react-dom_058-ah~._.js:8530:105)
    at commitLayoutEffectOnFiber (http://localhost:3000/_next/static/chunks/node_modules_next_dist_compiled_react-dom_058-ah~._.js:7850:17)
    at recursivelyTraverseLayoutEffects (http://localhost:3000/_next/static/chunks/node_modules_next_dist_compiled_react-dom_058-ah~._.js:8530:105)
    at commitLayoutEffectOnFiber (http://localhost:3000/_next/static/chunks/node_modules_next_dist_compiled_react-dom_058-ah~._.js:7854:17)
    at recursivelyTraverseLayoutEffects (http://localhost:3000/_next/static/chunks/node_modules_next_dist_compiled_react-dom_058-ah~._.js:8530:105)
    at commitLayoutEffectOnFiber (http://localhost:3000/_next/static/chunks/node_modules_next_dist_compiled_react-dom_058-ah~._.js:7850:17)
    at recursivelyTraverseLayoutEffects (http://localhost:3000/_next/static/chunks/node_modules_next_dist_compiled_react-dom_058-ah~._.js:8530:105)
[  381028ms] [ERROR] THREE.WebGLRenderer: Error creating WebGL context. @ http://localhost:3000/_next/static/chunks/node_modules_next_dist_115brz8._.js:3318
[  381030ms] Error: Error creating WebGL context.
    at new WebGLRenderer (http://localhost:3000/_next/static/chunks/node_modules_three_build_three_module_024z3_h.js:10957:31)
    at Object.configure (http://localhost:3000/_next/static/chunks/node_modules_%40react-three_fiber_dist_0gfhqo9._.js:14854:26)
    at run (http://localhost:3000/_next/static/chunks/node_modules_%40react-three_fiber_dist_0gfhqo9._.js:15499:40)
    at CanvasImpl.useIsomorphicLayoutEffect (http://localhost:3000/_next/static/chunks/node_modules_%40react-three_fiber_dist_0gfhqo9._.js:15552:17)
    at Object.react_stack_bottom_frame (http://localhost:3000/_next/static/chunks/node_modules_next_dist_compiled_react-dom_058-ah~._.js:15087:22)
    at runWithFiberInDEV (http://localhost:3000/_next/static/chunks/node_modules_next_dist_compiled_react-dom_058-ah~._.js:965:74)
    at commitHookEffectListMount (http://localhost:3000/_next/static/chunks/node_modules_next_dist_compiled_react-dom_058-ah~._.js:7255:167)
    at commitHookLayoutEffects (http://localhost:3000/_next/static/chunks/node_modules_next_dist_compiled_react-dom_058-ah~._.js:7243:60)
    at commitLayoutEffectOnFiber (http://localhost:3000/_next/static/chunks/node_modules_next_dist_compiled_react-dom_058-ah~._.js:7851:30)
    at recursivelyTraverseLayoutEffects (http://localhost:3000/_next/static/chunks/node_modules_next_dist_compiled_react-dom_058-ah~._.js:8530:105)
    at commitLayoutEffectOnFiber (http://localhost:3000/_next/static/chunks/node_modules_next_dist_compiled_react-dom_058-ah~._.js:7948:17)
    at recursivelyTraverseLayoutEffects (http://localhost:3000/_next/static/chunks/node_modules_next_dist_compiled_react-dom_058-ah~._.js:8530:105)
    at commitLayoutEffectOnFiber (http://localhost:3000/_next/static/chunks/node_modules_next_dist_compiled_react-dom_058-ah~._.js:7854:17)
    at recursivelyTraverseLayoutEffects (http://localhost:3000/_next/static/chunks/node_modules_next_dist_compiled_react-dom_058-ah~._.js:8530:105)
    at commitLayoutEffectOnFiber (http://localhost:3000/_next/static/chunks/node_modules_next_dist_compiled_react-dom_058-ah~._.js:7850:17)
    at recursivelyTraverseLayoutEffects (http://localhost:3000/_next/static/chunks/node_modules_next_dist_compiled_react-dom_058-ah~._.js:8530:105)
    at commitLayoutEffectOnFiber (http://localhost:3000/_next/static/chunks/node_modules_next_dist_compiled_react-dom_058-ah~._.js:7890:17)
    at recursivelyTraverseLayoutEffects (http://localhost:3000/_next/static/chunks/node_modules_next_dist_compiled_react-dom_058-ah~._.js:8530:105)
    at commitLayoutEffectOnFiber (http://localhost:3000/_next/static/chunks/node_modules_next_dist_compiled_react-dom_058-ah~._.js:7850:17)
    at recursivelyTraverseLayoutEffects (http://localhost:3000/_next/static/chunks/node_modules_next_dist_compiled_react-dom_058-ah~._.js:8530:105)
    at commitLayoutEffectOnFiber (http://localhost:3000/_next/static/chunks/node_modules_next_dist_compiled_react-dom_058-ah~._.js:7890:17)
    at recursivelyTraverseLayoutEffects (http://localhost:3000/_next/static/chunks/node_modules_next_dist_compiled_react-dom_058-ah~._.js:8530:105)
    at commitLayoutEffectOnFiber (http://localhost:3000/_next/static/chunks/node_modules_next_dist_compiled_react-dom_058-ah~._.js:7890:17)
    at recursivelyTraverseLayoutEffects (http://localhost:3000/_next/static/chunks/node_modules_next_dist_compiled_react-dom_058-ah~._.js:8530:105)
    at commitLayoutEffectOnFiber (http://localhost:3000/_next/static/chunks/node_modules_next_dist_compiled_react-dom_058-ah~._.js:7948:17)
    at recursivelyTraverseLayoutEffects (http://localhost:3000/_next/static/chunks/node_modules_next_dist_compiled_react-dom_058-ah~._.js:8530:105)
    at commitLayoutEffectOnFiber (http://localhost:3000/_next/static/chunks/node_modules_next_dist_compiled_react-dom_058-ah~._.js:7850:17)
    at recursivelyTraverseLayoutEffects (http://localhost:3000/_next/static/chunks/node_modules_next_dist_compiled_react-dom_058-ah~._.js:8530:105)
    at commitLayoutEffectOnFiber (http://localhost:3000/_next/static/chunks/node_modules_next_dist_compiled_react-dom_058-ah~._.js:7948:17)
    at recursivelyTraverseLayoutEffects (http://localhost:3000/_next/static/chunks/node_modules_next_dist_compiled_react-dom_058-ah~._.js:8530:105)
    at commitLayoutEffectOnFiber (http://localhost:3000/_next/static/chunks/node_modules_next_dist_compiled_react-dom_058-ah~._.js:7948:17)
    at recursivelyTraverseLayoutEffects (http://localhost:3000/_next/static/chunks/node_modules_next_dist_compiled_react-dom_058-ah~._.js:8530:105)
    at commitLayoutEffectOnFiber (http://localhost:3000/_next/static/chunks/node_modules_next_dist_compiled_react-dom_058-ah~._.js:7850:17)
    at recursivelyTraverseLayoutEffects (http://localhost:3000/_next/static/chunks/node_modules_next_dist_compiled_react-dom_058-ah~._.js:8530:105)
    at commitLayoutEffectOnFiber (http://localhost:3000/_next/static/chunks/node_modules_next_dist_compiled_react-dom_058-ah~._.js:7854:17)
    at recursivelyTraverseLayoutEffects (http://localhost:3000/_next/static/chunks/node_modules_next_dist_compiled_react-dom_058-ah~._.js:8530:105)
    at commitLayoutEffectOnFiber (http://localhost:3000/_next/static/chunks/node_modules_next_dist_compiled_react-dom_058-ah~._.js:7850:17)
    at recursivelyTraverseLayoutEffects (http://localhost:3000/_next/static/chunks/node_modules_next_dist_compiled_react-dom_058-ah~._.js:8530:105)
    at commitLayoutEffectOnFiber (http://localhost:3000/_next/static/chunks/node_modules_next_dist_compiled_react-dom_058-ah~._.js:7854:17)
    at recursivelyTraverseLayoutEffects (http://localhost:3000/_next/static/chunks/node_modules_next_dist_compiled_react-dom_058-ah~._.js:8530:105)
    at commitLayoutEffectOnFiber (http://localhost:3000/_next/static/chunks/node_modules_next_dist_compiled_react-dom_058-ah~._.js:7850:17)
    at recursivelyTraverseLayoutEffects (http://localhost:3000/_next/static/chunks/node_modules_next_dist_compiled_react-dom_058-ah~._.js:8530:105)
    at commitLayoutEffectOnFiber (http://localhost:3000/_next/static/chunks/node_modules_next_dist_compiled_react-dom_058-ah~._.js:7850:17)
    at recursivelyTraverseLayoutEffects (http://localhost:3000/_next/static/chunks/node_modules_next_dist_compiled_react-dom_058-ah~._.js:8530:105)
    at commitLayoutEffectOnFiber (http://localhost:3000/_next/static/chunks/node_modules_next_dist_compiled_react-dom_058-ah~._.js:7850:17)
    at recursivelyTraverseLayoutEffects (http://localhost:3000/_next/static/chunks/node_modules_next_dist_compiled_react-dom_058-ah~._.js:8530:105)
    at commitLayoutEffectOnFiber (http://localhost:3000/_next/static/chunks/node_modules_next_dist_compiled_react-dom_058-ah~._.js:7854:17)
    at recursivelyTraverseLayoutEffects (http://localhost:3000/_next/static/chunks/node_modules_next_dist_compiled_react-dom_058-ah~._.js:8530:105)
    at commitLayoutEffectOnFiber (http://localhost:3000/_next/static/chunks/node_modules_next_dist_compiled_react-dom_058-ah~._.js:7850:17)
    at recursivelyTraverseLayoutEffects (http://localhost:3000/_next/static/chunks/node_modules_next_dist_compiled_react-dom_058-ah~._.js:8530:105)
[  381095ms] [ERROR] THREE.WebGLRenderer: Error creating WebGL context. @ http://localhost:3000/_next/static/chunks/node_modules_next_dist_115brz8._.js:3318
[  381097ms] Error: Error creating WebGL context.
    at new WebGLRenderer (http://localhost:3000/_next/static/chunks/node_modules_three_build_three_module_024z3_h.js:10957:31)
    at Object.configure (http://localhost:3000/_next/static/chunks/node_modules_%40react-three_fiber_dist_0gfhqo9._.js:14854:26)
    at run (http://localhost:3000/_next/static/chunks/node_modules_%40react-three_fiber_dist_0gfhqo9._.js:15499:40)
    at CanvasImpl.useIsomorphicLayoutEffect (http://localhost:3000/_next/static/chunks/node_modules_%40react-three_fiber_dist_0gfhqo9._.js:15552:17)
    at Object.react_stack_bottom_frame (http://localhost:3000/_next/static/chunks/node_modules_next_dist_compiled_react-dom_058-ah~._.js:15087:22)
    at runWithFiberInDEV (http://localhost:3000/_next/static/chunks/node_modules_next_dist_compiled_react-dom_058-ah~._.js:965:74)
    at commitHookEffectListMount (http://localhost:3000/_next/static/chunks/node_modules_next_dist_compiled_react-dom_058-ah~._.js:7255:167)
    at commitHookLayoutEffects (http://localhost:3000/_next/static/chunks/node_modules_next_dist_compiled_react-dom_058-ah~._.js:7243:60)
    at commitLayoutEffectOnFiber (http://localhost:3000/_next/static/chunks/node_modules_next_dist_compiled_react-dom_058-ah~._.js:7851:30)
    at recursivelyTraverseLayoutEffects (http://localhost:3000/_next/static/chunks/node_modules_next_dist_compiled_react-dom_058-ah~._.js:8530:105)
    at commitLayoutEffectOnFiber (http://localhost:3000/_next/static/chunks/node_modules_next_dist_compiled_react-dom_058-ah~._.js:7948:17)
    at recursivelyTraverseLayoutEffects (http://localhost:3000/_next/static/chunks/node_modules_next_dist_compiled_react-dom_058-ah~._.js:8530:105)
    at commitLayoutEffectOnFiber (http://localhost:3000/_next/static/chunks/node_modules_next_dist_compiled_react-dom_058-ah~._.js:7854:17)
    at recursivelyTraverseLayoutEffects (http://localhost:3000/_next/static/chunks/node_modules_next_dist_compiled_react-dom_058-ah~._.js:8530:105)
    at commitLayoutEffectOnFiber (http://localhost:3000/_next/static/chunks/node_modules_next_dist_compiled_react-dom_058-ah~._.js:7850:17)
    at recursivelyTraverseLayoutEffects (http://localhost:3000/_next/static/chunks/node_modules_next_dist_compiled_react-dom_058-ah~._.js:8530:105)
    at commitLayoutEffectOnFiber (http://localhost:3000/_next/static/chunks/node_modules_next_dist_compiled_react-dom_058-ah~._.js:7890:17)
    at recursivelyTraverseLayoutEffects (http://localhost:3000/_next/static/chunks/node_modules_next_dist_compiled_react-dom_058-ah~._.js:8530:105)
    at commitLayoutEffectOnFiber (http://localhost:3000/_next/static/chunks/node_modules_next_dist_compiled_react-dom_058-ah~._.js:7850:17)
    at recursivelyTraverseLayoutEffects (http://localhost:3000/_next/static/chunks/node_modules_next_dist_compiled_react-dom_058-ah~._.js:8530:105)
    at commitLayoutEffectOnFiber (http://localhost:3000/_next/static/chunks/node_modules_next_dist_compiled_react-dom_058-ah~._.js:7890:17)
    at recursivelyTraverseLayoutEffects (http://localhost:3000/_next/static/chunks/node_modules_next_dist_compiled_react-dom_058-ah~._.js:8530:105)
    at commitLayoutEffectOnFiber (http://localhost:3000/_next/static/chunks/node_modules_next_dist_compiled_react-dom_058-ah~._.js:7890:17)
    at recursivelyTraverseLayoutEffects (http://localhost:3000/_next/static/chunks/node_modules_next_dist_compiled_react-dom_058-ah~._.js:8530:105)
    at commitLayoutEffectOnFiber (http://localhost:3000/_next/static/chunks/node_modules_next_dist_compiled_react-dom_058-ah~._.js:7948:17)
    at recursivelyTraverseLayoutEffects (http://localhost:3000/_next/static/chunks/node_modules_next_dist_compiled_react-dom_058-ah~._.js:8530:105)
    at commitLayoutEffectOnFiber (http://localhost:3000/_next/static/chunks/node_modules_next_dist_compiled_react-dom_058-ah~._.js:7850:17)
    at recursivelyTraverseLayoutEffects (http://localhost:3000/_next/static/chunks/node_modules_next_dist_compiled_react-dom_058-ah~._.js:8530:105)
    at commitLayoutEffectOnFiber (http://localhost:3000/_next/static/chunks/node_modules_next_dist_compiled_react-dom_058-ah~._.js:7948:17)
    at recursivelyTraverseLayoutEffects (http://localhost:3000/_next/static/chunks/node_modules_next_dist_compiled_react-dom_058-ah~._.js:8530:105)
    at commitLayoutEffectOnFiber (http://localhost:3000/_next/static/chunks/node_modules_next_dist_compiled_react-dom_058-ah~._.js:7948:17)
    at recursivelyTraverseLayoutEffects (http://localhost:3000/_next/static/chunks/node_modules_next_dist_compiled_react-dom_058-ah~._.js:8530:105)
    at commitLayoutEffectOnFiber (http://localhost:3000/_next/static/chunks/node_modules_next_dist_compiled_react-dom_058-ah~._.js:7850:17)
    at recursivelyTraverseLayoutEffects (http://localhost:3000/_next/static/chunks/node_modules_next_dist_compiled_react-dom_058-ah~._.js:8530:105)
    at commitLayoutEffectOnFiber (http://localhost:3000/_next/static/chunks/node_modules_next_dist_compiled_react-dom_058-ah~._.js:7854:17)
    at recursivelyTraverseLayoutEffects (http://localhost:3000/_next/static/chunks/node_modules_next_dist_compiled_react-dom_058-ah~._.js:8530:105)
    at commitLayoutEffectOnFiber (http://localhost:3000/_next/static/chunks/node_modules_next_dist_compiled_react-dom_058-ah~._.js:7850:17)
    at recursivelyTraverseLayoutEffects (http://localhost:3000/_next/static/chunks/node_modules_next_dist_compiled_react-dom_058-ah~._.js:8530:105)
    at commitLayoutEffectOnFiber (http://localhost:3000/_next/static/chunks/node_modules_next_dist_compiled_react-dom_058-ah~._.js:7854:17)
    at recursivelyTraverseLayoutEffects (http://localhost:3000/_next/static/chunks/node_modules_next_dist_compiled_react-dom_058-ah~._.js:8530:105)
    at commitLayoutEffectOnFiber (http://localhost:3000/_next/static/chunks/node_modules_next_dist_compiled_react-dom_058-ah~._.js:7850:17)
    at recursivelyTraverseLayoutEffects (http://localhost:3000/_next/static/chunks/node_modules_next_dist_compiled_react-dom_058-ah~._.js:8530:105)
    at commitLayoutEffectOnFiber (http://localhost:3000/_next/static/chunks/node_modules_next_dist_compiled_react-dom_058-ah~._.js:7850:17)
    at recursivelyTraverseLayoutEffects (http://localhost:3000/_next/static/chunks/node_modules_next_dist_compiled_react-dom_058-ah~._.js:8530:105)
    at commitLayoutEffectOnFiber (http://localhost:3000/_next/static/chunks/node_modules_next_dist_compiled_react-dom_058-ah~._.js:7850:17)
    at recursivelyTraverseLayoutEffects (http://localhost:3000/_next/static/chunks/node_modules_next_dist_compiled_react-dom_058-ah~._.js:8530:105)
    at commitLayoutEffectOnFiber (http://localhost:3000/_next/static/chunks/node_modules_next_dist_compiled_react-dom_058-ah~._.js:7854:17)
    at recursivelyTraverseLayoutEffects (http://localhost:3000/_next/static/chunks/node_modules_next_dist_compiled_react-dom_058-ah~._.js:8530:105)
    at commitLayoutEffectOnFiber (http://localhost:3000/_next/static/chunks/node_modules_next_dist_compiled_react-dom_058-ah~._.js:7850:17)
    at recursivelyTraverseLayoutEffects (http://localhost:3000/_next/static/chunks/node_modules_next_dist_compiled_react-dom_058-ah~._.js:8530:105)
[  381205ms] [ERROR] THREE.WebGLRenderer: Error creating WebGL context. @ http://localhost:3000/_next/static/chunks/node_modules_next_dist_115brz8._.js:3318
[  381207ms] Error: Error creating WebGL context.
    at new WebGLRenderer (http://localhost:3000/_next/static/chunks/node_modules_three_build_three_module_024z3_h.js:10957:31)
    at Object.configure (http://localhost:3000/_next/static/chunks/node_modules_%40react-three_fiber_dist_0gfhqo9._.js:14854:26)
    at run (http://localhost:3000/_next/static/chunks/node_modules_%40react-three_fiber_dist_0gfhqo9._.js:15499:40)
    at CanvasImpl.useIsomorphicLayoutEffect (http://localhost:3000/_next/static/chunks/node_modules_%40react-three_fiber_dist_0gfhqo9._.js:15552:17)
    at Object.react_stack_bottom_frame (http://localhost:3000/_next/static/chunks/node_modules_next_dist_compiled_react-dom_058-ah~._.js:15087:22)
    at runWithFiberInDEV (http://localhost:3000/_next/static/chunks/node_modules_next_dist_compiled_react-dom_058-ah~._.js:965:74)
    at commitHookEffectListMount (http://localhost:3000/_next/static/chunks/node_modules_next_dist_compiled_react-dom_058-ah~._.js:7255:167)
    at commitHookLayoutEffects (http://localhost:3000/_next/static/chunks/node_modules_next_dist_compiled_react-dom_058-ah~._.js:7243:60)
    at commitLayoutEffectOnFiber (http://localhost:3000/_next/static/chunks/node_modules_next_dist_compiled_react-dom_058-ah~._.js:7851:30)
    at recursivelyTraverseLayoutEffects (http://localhost:3000/_next/static/chunks/node_modules_next_dist_compiled_react-dom_058-ah~._.js:8530:105)
    at commitLayoutEffectOnFiber (http://localhost:3000/_next/static/chunks/node_modules_next_dist_compiled_react-dom_058-ah~._.js:7948:17)
    at recursivelyTraverseLayoutEffects (http://localhost:3000/_next/static/chunks/node_modules_next_dist_compiled_react-dom_058-ah~._.js:8530:105)
    at commitLayoutEffectOnFiber (http://localhost:3000/_next/static/chunks/node_modules_next_dist_compiled_react-dom_058-ah~._.js:7854:17)
    at recursivelyTraverseLayoutEffects (http://localhost:3000/_next/static/chunks/node_modules_next_dist_compiled_react-dom_058-ah~._.js:8530:105)
    at commitLayoutEffectOnFiber (http://localhost:3000/_next/static/chunks/node_modules_next_dist_compiled_react-dom_058-ah~._.js:7850:17)
    at recursivelyTraverseLayoutEffects (http://localhost:3000/_next/static/chunks/node_modules_next_dist_compiled_react-dom_058-ah~._.js:8530:105)
    at commitLayoutEffectOnFiber (http://localhost:3000/_next/static/chunks/node_modules_next_dist_compiled_react-dom_058-ah~._.js:7890:17)
    at recursivelyTraverseLayoutEffects (http://localhost:3000/_next/static/chunks/node_modules_next_dist_compiled_react-dom_058-ah~._.js:8530:105)
    at commitLayoutEffectOnFiber (http://localhost:3000/_next/static/chunks/node_modules_next_dist_compiled_react-dom_058-ah~._.js:7850:17)
    at recursivelyTraverseLayoutEffects (http://localhost:3000/_next/static/chunks/node_modules_next_dist_compiled_react-dom_058-ah~._.js:8530:105)
    at commitLayoutEffectOnFiber (http://localhost:3000/_next/static/chunks/node_modules_next_dist_compiled_react-dom_058-ah~._.js:7890:17)
    at recursivelyTraverseLayoutEffects (http://localhost:3000/_next/static/chunks/node_modules_next_dist_compiled_react-dom_058-ah~._.js:8530:105)
    at commitLayoutEffectOnFiber (http://localhost:3000/_next/static/chunks/node_modules_next_dist_compiled_react-dom_058-ah~._.js:7890:17)
    at recursivelyTraverseLayoutEffects (http://localhost:3000/_next/static/chunks/node_modules_next_dist_compiled_react-dom_058-ah~._.js:8530:105)
    at commitLayoutEffectOnFiber (http://localhost:3000/_next/static/chunks/node_modules_next_dist_compiled_react-dom_058-ah~._.js:7948:17)
    at recursivelyTraverseLayoutEffects (http://localhost:3000/_next/static/chunks/node_modules_next_dist_compiled_react-dom_058-ah~._.js:8530:105)
    at commitLayoutEffectOnFiber (http://localhost:3000/_next/static/chunks/node_modules_next_dist_compiled_react-dom_058-ah~._.js:7850:17)
    at recursivelyTraverseLayoutEffects (http://localhost:3000/_next/static/chunks/node_modules_next_dist_compiled_react-dom_058-ah~._.js:8530:105)
    at commitLayoutEffectOnFiber (http://localhost:3000/_next/static/chunks/node_modules_next_dist_compiled_react-dom_058-ah~._.js:7948:17)
    at recursivelyTraverseLayoutEffects (http://localhost:3000/_next/static/chunks/node_modules_next_dist_compiled_react-dom_058-ah~._.js:8530:105)
    at commitLayoutEffectOnFiber (http://localhost:3000/_next/static/chunks/node_modules_next_dist_compiled_react-dom_058-ah~._.js:7948:17)
    at recursivelyTraverseLayoutEffects (http://localhost:3000/_next/static/chunks/node_modules_next_dist_compiled_react-dom_058-ah~._.js:8530:105)
    at commitLayoutEffectOnFiber (http://localhost:3000/_next/static/chunks/node_modules_next_dist_compiled_react-dom_058-ah~._.js:7850:17)
    at recursivelyTraverseLayoutEffects (http://localhost:3000/_next/static/chunks/node_modules_next_dist_compiled_react-dom_058-ah~._.js:8530:105)
    at commitLayoutEffectOnFiber (http://localhost:3000/_next/static/chunks/node_modules_next_dist_compiled_react-dom_058-ah~._.js:7854:17)
    at recursivelyTraverseLayoutEffects (http://localhost:3000/_next/static/chunks/node_modules_next_dist_compiled_react-dom_058-ah~._.js:8530:105)
    at commitLayoutEffectOnFiber (http://localhost:3000/_next/static/chunks/node_modules_next_dist_compiled_react-dom_058-ah~._.js:7850:17)
    at recursivelyTraverseLayoutEffects (http://localhost:3000/_next/static/chunks/node_modules_next_dist_compiled_react-dom_058-ah~._.js:8530:105)
    at commitLayoutEffectOnFiber (http://localhost:3000/_next/static/chunks/node_modules_next_dist_compiled_react-dom_058-ah~._.js:7854:17)
    at recursivelyTraverseLayoutEffects (http://localhost:3000/_next/static/chunks/node_modules_next_dist_compiled_react-dom_058-ah~._.js:8530:105)
    at commitLayoutEffectOnFiber (http://localhost:3000/_next/static/chunks/node_modules_next_dist_compiled_react-dom_058-ah~._.js:7850:17)
    at recursivelyTraverseLayoutEffects (http://localhost:3000/_next/static/chunks/node_modules_next_dist_compiled_react-dom_058-ah~._.js:8530:105)
    at commitLayoutEffectOnFiber (http://localhost:3000/_next/static/chunks/node_modules_next_dist_compiled_react-dom_058-ah~._.js:7850:17)
    at recursivelyTraverseLayoutEffects (http://localhost:3000/_next/static/chunks/node_modules_next_dist_compiled_react-dom_058-ah~._.js:8530:105)
    at commitLayoutEffectOnFiber (http://localhost:3000/_next/static/chunks/node_modules_next_dist_compiled_react-dom_058-ah~._.js:7850:17)
    at recursivelyTraverseLayoutEffects (http://localhost:3000/_next/static/chunks/node_modules_next_dist_compiled_react-dom_058-ah~._.js:8530:105)
    at commitLayoutEffectOnFiber (http://localhost:3000/_next/static/chunks/node_modules_next_dist_compiled_react-dom_058-ah~._.js:7854:17)
    at recursivelyTraverseLayoutEffects (http://localhost:3000/_next/static/chunks/node_modules_next_dist_compiled_react-dom_058-ah~._.js:8530:105)
    at commitLayoutEffectOnFiber (http://localhost:3000/_next/static/chunks/node_modules_next_dist_compiled_react-dom_058-ah~._.js:7850:17)
    at recursivelyTraverseLayoutEffects (http://localhost:3000/_next/static/chunks/node_modules_next_dist_compiled_react-dom_058-ah~._.js:8530:105)
[  381436ms] [ERROR] THREE.WebGLRenderer: Error creating WebGL context. @ http://localhost:3000/_next/static/chunks/node_modules_next_dist_115brz8._.js:3318
[  381437ms] Error: Error creating WebGL context.
    at new WebGLRenderer (http://localhost:3000/_next/static/chunks/node_modules_three_build_three_module_024z3_h.js:10957:31)
    at Object.configure (http://localhost:3000/_next/static/chunks/node_modules_%40react-three_fiber_dist_0gfhqo9._.js:14854:26)
    at run (http://localhost:3000/_next/static/chunks/node_modules_%40react-three_fiber_dist_0gfhqo9._.js:15499:40)
    at CanvasImpl.useIsomorphicLayoutEffect (http://localhost:3000/_next/static/chunks/node_modules_%40react-three_fiber_dist_0gfhqo9._.js:15552:17)
    at Object.react_stack_bottom_frame (http://localhost:3000/_next/static/chunks/node_modules_next_dist_compiled_react-dom_058-ah~._.js:15087:22)
    at runWithFiberInDEV (http://localhost:3000/_next/static/chunks/node_modules_next_dist_compiled_react-dom_058-ah~._.js:965:74)
    at commitHookEffectListMount (http://localhost:3000/_next/static/chunks/node_modules_next_dist_compiled_react-dom_058-ah~._.js:7255:167)
    at commitHookLayoutEffects (http://localhost:3000/_next/static/chunks/node_modules_next_dist_compiled_react-dom_058-ah~._.js:7243:60)
    at commitLayoutEffectOnFiber (http://localhost:3000/_next/static/chunks/node_modules_next_dist_compiled_react-dom_058-ah~._.js:7851:30)
    at recursivelyTraverseLayoutEffects (http://localhost:3000/_next/static/chunks/node_modules_next_dist_compiled_react-dom_058-ah~._.js:8530:105)
    at commitLayoutEffectOnFiber (http://localhost:3000/_next/static/chunks/node_modules_next_dist_compiled_react-dom_058-ah~._.js:7948:17)
    at recursivelyTraverseLayoutEffects (http://localhost:3000/_next/static/chunks/node_modules_next_dist_compiled_react-dom_058-ah~._.js:8530:105)
    at commitLayoutEffectOnFiber (http://localhost:3000/_next/static/chunks/node_modules_next_dist_compiled_react-dom_058-ah~._.js:7854:17)
    at recursivelyTraverseLayoutEffects (http://localhost:3000/_next/static/chunks/node_modules_next_dist_compiled_react-dom_058-ah~._.js:8530:105)
    at commitLayoutEffectOnFiber (http://localhost:3000/_next/static/chunks/node_modules_next_dist_compiled_react-dom_058-ah~._.js:7850:17)
    at recursivelyTraverseLayoutEffects (http://localhost:3000/_next/static/chunks/node_modules_next_dist_compiled_react-dom_058-ah~._.js:8530:105)
    at commitLayoutEffectOnFiber (http://localhost:3000/_next/static/chunks/node_modules_next_dist_compiled_react-dom_058-ah~._.js:7890:17)
    at recursivelyTraverseLayoutEffects (http://localhost:3000/_next/static/chunks/node_modules_next_dist_compiled_react-dom_058-ah~._.js:8530:105)
    at commitLayoutEffectOnFiber (http://localhost:3000/_next/static/chunks/node_modules_next_dist_compiled_react-dom_058-ah~._.js:7850:17)
    at recursivelyTraverseLayoutEffects (http://localhost:3000/_next/static/chunks/node_modules_next_dist_compiled_react-dom_058-ah~._.js:8530:105)
    at commitLayoutEffectOnFiber (http://localhost:3000/_next/static/chunks/node_modules_next_dist_compiled_react-dom_058-ah~._.js:7890:17)
    at recursivelyTraverseLayoutEffects (http://localhost:3000/_next/static/chunks/node_modules_next_dist_compiled_react-dom_058-ah~._.js:8530:105)
    at commitLayoutEffectOnFiber (http://localhost:3000/_next/static/chunks/node_modules_next_dist_compiled_react-dom_058-ah~._.js:7890:17)
    at recursivelyTraverseLayoutEffects (http://localhost:3000/_next/static/chunks/node_modules_next_dist_compiled_react-dom_058-ah~._.js:8530:105)
    at commitLayoutEffectOnFiber (http://localhost:3000/_next/static/chunks/node_modules_next_dist_compiled_react-dom_058-ah~._.js:7948:17)
    at recursivelyTraverseLayoutEffects (http://localhost:3000/_next/static/chunks/node_modules_next_dist_compiled_react-dom_058-ah~._.js:8530:105)
    at commitLayoutEffectOnFiber (http://localhost:3000/_next/static/chunks/node_modules_next_dist_compiled_react-dom_058-ah~._.js:7850:17)
    at recursivelyTraverseLayoutEffects (http://localhost:3000/_next/static/chunks/node_modules_next_dist_compiled_react-dom_058-ah~._.js:8530:105)
    at commitLayoutEffectOnFiber (http://localhost:3000/_next/static/chunks/node_modules_next_dist_compiled_react-dom_058-ah~._.js:7948:17)
    at recursivelyTraverseLayoutEffects (http://localhost:3000/_next/static/chunks/node_modules_next_dist_compiled_react-dom_058-ah~._.js:8530:105)
    at commitLayoutEffectOnFiber (http://localhost:3000/_next/static/chunks/node_modules_next_dist_compiled_react-dom_058-ah~._.js:7948:17)
    at recursivelyTraverseLayoutEffects (http://localhost:3000/_next/static/chunks/node_modules_next_dist_compiled_react-dom_058-ah~._.js:8530:105)
    at commitLayoutEffectOnFiber (http://localhost:3000/_next/static/chunks/node_modules_next_dist_compiled_react-dom_058-ah~._.js:7850:17)
    at recursivelyTraverseLayoutEffects (http://localhost:3000/_next/static/chunks/node_modules_next_dist_compiled_react-dom_058-ah~._.js:8530:105)
    at commitLayoutEffectOnFiber (http://localhost:3000/_next/static/chunks/node_modules_next_dist_compiled_react-dom_058-ah~._.js:7854:17)
    at recursivelyTraverseLayoutEffects (http://localhost:3000/_next/static/chunks/node_modules_next_dist_compiled_react-dom_058-ah~._.js:8530:105)
    at commitLayoutEffectOnFiber (http://localhost:3000/_next/static/chunks/node_modules_next_dist_compiled_react-dom_058-ah~._.js:7850:17)
    at recursivelyTraverseLayoutEffects (http://localhost:3000/_next/static/chunks/node_modules_next_dist_compiled_react-dom_058-ah~._.js:8530:105)
    at commitLayoutEffectOnFiber (http://localhost:3000/_next/static/chunks/node_modules_next_dist_compiled_react-dom_058-ah~._.js:7854:17)
    at recursivelyTraverseLayoutEffects (http://localhost:3000/_next/static/chunks/node_modules_next_dist_compiled_react-dom_058-ah~._.js:8530:105)
    at commitLayoutEffectOnFiber (http://localhost:3000/_next/static/chunks/node_modules_next_dist_compiled_react-dom_058-ah~._.js:7850:17)
    at recursivelyTraverseLayoutEffects (http://localhost:3000/_next/static/chunks/node_modules_next_dist_compiled_react-dom_058-ah~._.js:8530:105)
    at commitLayoutEffectOnFiber (http://localhost:3000/_next/static/chunks/node_modules_next_dist_compiled_react-dom_058-ah~._.js:7850:17)
    at recursivelyTraverseLayoutEffects (http://localhost:3000/_next/static/chunks/node_modules_next_dist_compiled_react-dom_058-ah~._.js:8530:105)
    at commitLayoutEffectOnFiber (http://localhost:3000/_next/static/chunks/node_modules_next_dist_compiled_react-dom_058-ah~._.js:7850:17)
    at recursivelyTraverseLayoutEffects (http://localhost:3000/_next/static/chunks/node_modules_next_dist_compiled_react-dom_058-ah~._.js:8530:105)
    at commitLayoutEffectOnFiber (http://localhost:3000/_next/static/chunks/node_modules_next_dist_compiled_react-dom_058-ah~._.js:7854:17)
    at recursivelyTraverseLayoutEffects (http://localhost:3000/_next/static/chunks/node_modules_next_dist_compiled_react-dom_058-ah~._.js:8530:105)
    at commitLayoutEffectOnFiber (http://localhost:3000/_next/static/chunks/node_modules_next_dist_compiled_react-dom_058-ah~._.js:7850:17)
    at recursivelyTraverseLayoutEffects (http://localhost:3000/_next/static/chunks/node_modules_next_dist_compiled_react-dom_058-ah~._.js:8530:105)
[  405408ms] [ERROR] THREE.WebGLRenderer: Error creating WebGL context. @ http://localhost:3000/_next/static/chunks/node_modules_next_dist_115brz8._.js:3318
[  405410ms] Error: Error creating WebGL context.
    at new WebGLRenderer (http://localhost:3000/_next/static/chunks/node_modules_three_build_three_module_024z3_h.js:10957:31)
    at Object.configure (http://localhost:3000/_next/static/chunks/node_modules_%40react-three_fiber_dist_0gfhqo9._.js:14854:26)
    at run (http://localhost:3000/_next/static/chunks/node_modules_%40react-three_fiber_dist_0gfhqo9._.js:15499:40)
    at CanvasImpl.useIsomorphicLayoutEffect (http://localhost:3000/_next/static/chunks/node_modules_%40react-three_fiber_dist_0gfhqo9._.js:15552:17)
    at Object.react_stack_bottom_frame (http://localhost:3000/_next/static/chunks/node_modules_next_dist_compiled_react-dom_058-ah~._.js:15087:22)
    at runWithFiberInDEV (http://localhost:3000/_next/static/chunks/node_modules_next_dist_compiled_react-dom_058-ah~._.js:965:74)
    at commitHookEffectListMount (http://localhost:3000/_next/static/chunks/node_modules_next_dist_compiled_react-dom_058-ah~._.js:7255:167)
    at commitHookLayoutEffects (http://localhost:3000/_next/static/chunks/node_modules_next_dist_compiled_react-dom_058-ah~._.js:7243:60)
    at commitLayoutEffectOnFiber (http://localhost:3000/_next/static/chunks/node_modules_next_dist_compiled_react-dom_058-ah~._.js:7851:30)
    at recursivelyTraverseLayoutEffects (http://localhost:3000/_next/static/chunks/node_modules_next_dist_compiled_react-dom_058-ah~._.js:8530:105)
    at commitLayoutEffectOnFiber (http://localhost:3000/_next/static/chunks/node_modules_next_dist_compiled_react-dom_058-ah~._.js:7948:17)
    at recursivelyTraverseLayoutEffects (http://localhost:3000/_next/static/chunks/node_modules_next_dist_compiled_react-dom_058-ah~._.js:8530:105)
    at commitLayoutEffectOnFiber (http://localhost:3000/_next/static/chunks/node_modules_next_dist_compiled_react-dom_058-ah~._.js:7854:17)
    at recursivelyTraverseLayoutEffects (http://localhost:3000/_next/static/chunks/node_modules_next_dist_compiled_react-dom_058-ah~._.js:8530:105)
    at commitLayoutEffectOnFiber (http://localhost:3000/_next/static/chunks/node_modules_next_dist_compiled_react-dom_058-ah~._.js:7850:17)
    at recursivelyTraverseLayoutEffects (http://localhost:3000/_next/static/chunks/node_modules_next_dist_compiled_react-dom_058-ah~._.js:8530:105)
    at commitLayoutEffectOnFiber (http://localhost:3000/_next/static/chunks/node_modules_next_dist_compiled_react-dom_058-ah~._.js:7890:17)
    at recursivelyTraverseLayoutEffects (http://localhost:3000/_next/static/chunks/node_modules_next_dist_compiled_react-dom_058-ah~._.js:8530:105)
    at commitLayoutEffectOnFiber (http://localhost:3000/_next/static/chunks/node_modules_next_dist_compiled_react-dom_058-ah~._.js:7850:17)
    at recursivelyTraverseLayoutEffects (http://localhost:3000/_next/static/chunks/node_modules_next_dist_compiled_react-dom_058-ah~._.js:8530:105)
    at commitLayoutEffectOnFiber (http://localhost:3000/_next/static/chunks/node_modules_next_dist_compiled_react-dom_058-ah~._.js:7890:17)
    at recursivelyTraverseLayoutEffects (http://localhost:3000/_next/static/chunks/node_modules_next_dist_compiled_react-dom_058-ah~._.js:8530:105)
    at commitLayoutEffectOnFiber (http://localhost:3000/_next/static/chunks/node_modules_next_dist_compiled_react-dom_058-ah~._.js:7890:17)
    at recursivelyTraverseLayoutEffects (http://localhost:3000/_next/static/chunks/node_modules_next_dist_compiled_react-dom_058-ah~._.js:8530:105)
    at commitLayoutEffectOnFiber (http://localhost:3000/_next/static/chunks/node_modules_next_dist_compiled_react-dom_058-ah~._.js:7948:17)
    at recursivelyTraverseLayoutEffects (http://localhost:3000/_next/static/chunks/node_modules_next_dist_compiled_react-dom_058-ah~._.js:8530:105)
    at commitLayoutEffectOnFiber (http://localhost:3000/_next/static/chunks/node_modules_next_dist_compiled_react-dom_058-ah~._.js:7850:17)
    at recursivelyTraverseLayoutEffects (http://localhost:3000/_next/static/chunks/node_modules_next_dist_compiled_react-dom_058-ah~._.js:8530:105)
    at commitLayoutEffectOnFiber (http://localhost:3000/_next/static/chunks/node_modules_next_dist_compiled_react-dom_058-ah~._.js:7948:17)
    at recursivelyTraverseLayoutEffects (http://localhost:3000/_next/static/chunks/node_modules_next_dist_compiled_react-dom_058-ah~._.js:8530:105)
    at commitLayoutEffectOnFiber (http://localhost:3000/_next/static/chunks/node_modules_next_dist_compiled_react-dom_058-ah~._.js:7948:17)
    at recursivelyTraverseLayoutEffects (http://localhost:3000/_next/static/chunks/node_modules_next_dist_compiled_react-dom_058-ah~._.js:8530:105)
    at commitLayoutEffectOnFiber (http://localhost:3000/_next/static/chunks/node_modules_next_dist_compiled_react-dom_058-ah~._.js:7850:17)
    at recursivelyTraverseLayoutEffects (http://localhost:3000/_next/static/chunks/node_modules_next_dist_compiled_react-dom_058-ah~._.js:8530:105)
    at commitLayoutEffectOnFiber (http://localhost:3000/_next/static/chunks/node_modules_next_dist_compiled_react-dom_058-ah~._.js:7854:17)
    at recursivelyTraverseLayoutEffects (http://localhost:3000/_next/static/chunks/node_modules_next_dist_compiled_react-dom_058-ah~._.js:8530:105)
    at commitLayoutEffectOnFiber (http://localhost:3000/_next/static/chunks/node_modules_next_dist_compiled_react-dom_058-ah~._.js:7850:17)
    at recursivelyTraverseLayoutEffects (http://localhost:3000/_next/static/chunks/node_modules_next_dist_compiled_react-dom_058-ah~._.js:8530:105)
    at commitLayoutEffectOnFiber (http://localhost:3000/_next/static/chunks/node_modules_next_dist_compiled_react-dom_058-ah~._.js:7854:17)
    at recursivelyTraverseLayoutEffects (http://localhost:3000/_next/static/chunks/node_modules_next_dist_compiled_react-dom_058-ah~._.js:8530:105)
    at commitLayoutEffectOnFiber (http://localhost:3000/_next/static/chunks/node_modules_next_dist_compiled_react-dom_058-ah~._.js:7850:17)
    at recursivelyTraverseLayoutEffects (http://localhost:3000/_next/static/chunks/node_modules_next_dist_compiled_react-dom_058-ah~._.js:8530:105)
    at commitLayoutEffectOnFiber (http://localhost:3000/_next/static/chunks/node_modules_next_dist_compiled_react-dom_058-ah~._.js:7850:17)
    at recursivelyTraverseLayoutEffects (http://localhost:3000/_next/static/chunks/node_modules_next_dist_compiled_react-dom_058-ah~._.js:8530:105)
    at commitLayoutEffectOnFiber (http://localhost:3000/_next/static/chunks/node_modules_next_dist_compiled_react-dom_058-ah~._.js:7850:17)
    at recursivelyTraverseLayoutEffects (http://localhost:3000/_next/static/chunks/node_modules_next_dist_compiled_react-dom_058-ah~._.js:8530:105)
    at commitLayoutEffectOnFiber (http://localhost:3000/_next/static/chunks/node_modules_next_dist_compiled_react-dom_058-ah~._.js:7854:17)
    at recursivelyTraverseLayoutEffects (http://localhost:3000/_next/static/chunks/node_modules_next_dist_compiled_react-dom_058-ah~._.js:8530:105)
    at commitLayoutEffectOnFiber (http://localhost:3000/_next/static/chunks/node_modules_next_dist_compiled_react-dom_058-ah~._.js:7850:17)
    at recursivelyTraverseLayoutEffects (http://localhost:3000/_next/static/chunks/node_modules_next_dist_compiled_react-dom_058-ah~._.js:8530:105)
[  550161ms] [LOG] [Fast Refresh] rebuilding @ http://localhost:3000/_next/static/chunks/node_modules_next_dist_115brz8._.js:2477
[  550336ms] [LOG] [Fast Refresh] done in 130ms @ http://localhost:3000/_next/static/chunks/node_modules_next_dist_115brz8._.js:2477
[  550490ms] [ERROR] THREE.WebGLRenderer: Error creating WebGL context. @ http://localhost:3000/_next/static/chunks/node_modules_next_dist_115brz8._.js:3318
[  550501ms] Error: Error creating WebGL context.
    at new WebGLRenderer (http://localhost:3000/_next/static/chunks/node_modules_three_build_three_module_024z3_h.js:10957:31)
    at Object.configure (http://localhost:3000/_next/static/chunks/node_modules_%40react-three_fiber_dist_0gfhqo9._.js:14854:26)
    at run (http://localhost:3000/_next/static/chunks/node_modules_%40react-three_fiber_dist_0gfhqo9._.js:15499:40)
    at CanvasImpl.useIsomorphicLayoutEffect (http://localhost:3000/_next/static/chunks/node_modules_%40react-three_fiber_dist_0gfhqo9._.js:15552:17)
    at Object.react_stack_bottom_frame (http://localhost:3000/_next/static/chunks/node_modules_next_dist_compiled_react-dom_058-ah~._.js:15087:22)
    at runWithFiberInDEV (http://localhost:3000/_next/static/chunks/node_modules_next_dist_compiled_react-dom_058-ah~._.js:965:74)
    at commitHookEffectListMount (http://localhost:3000/_next/static/chunks/node_modules_next_dist_compiled_react-dom_058-ah~._.js:7255:167)
    at commitHookLayoutEffects (http://localhost:3000/_next/static/chunks/node_modules_next_dist_compiled_react-dom_058-ah~._.js:7243:60)
    at commitLayoutEffectOnFiber (http://localhost:3000/_next/static/chunks/node_modules_next_dist_compiled_react-dom_058-ah~._.js:7851:30)
    at recursivelyTraverseLayoutEffects (http://localhost:3000/_next/static/chunks/node_modules_next_dist_compiled_react-dom_058-ah~._.js:8530:105)
    at commitLayoutEffectOnFiber (http://localhost:3000/_next/static/chunks/node_modules_next_dist_compiled_react-dom_058-ah~._.js:7948:17)
    at recursivelyTraverseLayoutEffects (http://localhost:3000/_next/static/chunks/node_modules_next_dist_compiled_react-dom_058-ah~._.js:8530:105)
    at commitLayoutEffectOnFiber (http://localhost:3000/_next/static/chunks/node_modules_next_dist_compiled_react-dom_058-ah~._.js:7854:17)
    at recursivelyTraverseLayoutEffects (http://localhost:3000/_next/static/chunks/node_modules_next_dist_compiled_react-dom_058-ah~._.js:8530:105)
    at commitLayoutEffectOnFiber (http://localhost:3000/_next/static/chunks/node_modules_next_dist_compiled_react-dom_058-ah~._.js:7850:17)
    at recursivelyTraverseLayoutEffects (http://localhost:3000/_next/static/chunks/node_modules_next_dist_compiled_react-dom_058-ah~._.js:8530:105)
    at commitLayoutEffectOnFiber (http://localhost:3000/_next/static/chunks/node_modules_next_dist_compiled_react-dom_058-ah~._.js:7890:17)
    at recursivelyTraverseLayoutEffects (http://localhost:3000/_next/static/chunks/node_modules_next_dist_compiled_react-dom_058-ah~._.js:8530:105)
    at commitLayoutEffectOnFiber (http://localhost:3000/_next/static/chunks/node_modules_next_dist_compiled_react-dom_058-ah~._.js:7850:17)
    at recursivelyTraverseLayoutEffects (http://localhost:3000/_next/static/chunks/node_modules_next_dist_compiled_react-dom_058-ah~._.js:8530:105)
    at commitLayoutEffectOnFiber (http://localhost:3000/_next/static/chunks/node_modules_next_dist_compiled_react-dom_058-ah~._.js:7890:17)
    at recursivelyTraverseLayoutEffects (http://localhost:3000/_next/static/chunks/node_modules_next_dist_compiled_react-dom_058-ah~._.js:8530:105)
    at commitLayoutEffectOnFiber (http://localhost:3000/_next/static/chunks/node_modules_next_dist_compiled_react-dom_058-ah~._.js:7890:17)
    at recursivelyTraverseLayoutEffects (http://localhost:3000/_next/static/chunks/node_modules_next_dist_compiled_react-dom_058-ah~._.js:8530:105)
    at commitLayoutEffectOnFiber (http://localhost:3000/_next/static/chunks/node_modules_next_dist_compiled_react-dom_058-ah~._.js:7948:17)
    at recursivelyTraverseLayoutEffects (http://localhost:3000/_next/static/chunks/node_modules_next_dist_compiled_react-dom_058-ah~._.js:8530:105)
    at commitLayoutEffectOnFiber (http://localhost:3000/_next/static/chunks/node_modules_next_dist_compiled_react-dom_058-ah~._.js:7850:17)
    at recursivelyTraverseLayoutEffects (http://localhost:3000/_next/static/chunks/node_modules_next_dist_compiled_react-dom_058-ah~._.js:8530:105)
    at commitLayoutEffectOnFiber (http://localhost:3000/_next/static/chunks/node_modules_next_dist_compiled_react-dom_058-ah~._.js:7948:17)
    at recursivelyTraverseLayoutEffects (http://localhost:3000/_next/static/chunks/node_modules_next_dist_compiled_react-dom_058-ah~._.js:8530:105)
    at commitLayoutEffectOnFiber (http://localhost:3000/_next/static/chunks/node_modules_next_dist_compiled_react-dom_058-ah~._.js:7948:17)
    at recursivelyTraverseLayoutEffects (http://localhost:3000/_next/static/chunks/node_modules_next_dist_compiled_react-dom_058-ah~._.js:8530:105)
    at commitLayoutEffectOnFiber (http://localhost:3000/_next/static/chunks/node_modules_next_dist_compiled_react-dom_058-ah~._.js:7850:17)
    at recursivelyTraverseLayoutEffects (http://localhost:3000/_next/static/chunks/node_modules_next_dist_compiled_react-dom_058-ah~._.js:8530:105)
    at commitLayoutEffectOnFiber (http://localhost:3000/_next/static/chunks/node_modules_next_dist_compiled_react-dom_058-ah~._.js:7854:17)
    at recursivelyTraverseLayoutEffects (http://localhost:3000/_next/static/chunks/node_modules_next_dist_compiled_react-dom_058-ah~._.js:8530:105)
    at commitLayoutEffectOnFiber (http://localhost:3000/_next/static/chunks/node_modules_next_dist_compiled_react-dom_058-ah~._.js:7850:17)
    at recursivelyTraverseLayoutEffects (http://localhost:3000/_next/static/chunks/node_modules_next_dist_compiled_react-dom_058-ah~._.js:8530:105)
    at commitLayoutEffectOnFiber (http://localhost:3000/_next/static/chunks/node_modules_next_dist_compiled_react-dom_058-ah~._.js:7854:17)
    at recursivelyTraverseLayoutEffects (http://localhost:3000/_next/static/chunks/node_modules_next_dist_compiled_react-dom_058-ah~._.js:8530:105)
    at commitLayoutEffectOnFiber (http://localhost:3000/_next/static/chunks/node_modules_next_dist_compiled_react-dom_058-ah~._.js:7850:17)
    at recursivelyTraverseLayoutEffects (http://localhost:3000/_next/static/chunks/node_modules_next_dist_compiled_react-dom_058-ah~._.js:8530:105)
    at commitLayoutEffectOnFiber (http://localhost:3000/_next/static/chunks/node_modules_next_dist_compiled_react-dom_058-ah~._.js:7850:17)
    at recursivelyTraverseLayoutEffects (http://localhost:3000/_next/static/chunks/node_modules_next_dist_compiled_react-dom_058-ah~._.js:8530:105)
    at commitLayoutEffectOnFiber (http://localhost:3000/_next/static/chunks/node_modules_next_dist_compiled_react-dom_058-ah~._.js:7850:17)
    at recursivelyTraverseLayoutEffects (http://localhost:3000/_next/static/chunks/node_modules_next_dist_compiled_react-dom_058-ah~._.js:8530:105)
    at commitLayoutEffectOnFiber (http://localhost:3000/_next/static/chunks/node_modules_next_dist_compiled_react-dom_058-ah~._.js:7854:17)
    at recursivelyTraverseLayoutEffects (http://localhost:3000/_next/static/chunks/node_modules_next_dist_compiled_react-dom_058-ah~._.js:8530:105)
    at commitLayoutEffectOnFiber (http://localhost:3000/_next/static/chunks/node_modules_next_dist_compiled_react-dom_058-ah~._.js:7850:17)
    at recursivelyTraverseLayoutEffects (http://localhost:3000/_next/static/chunks/node_modules_next_dist_compiled_react-dom_058-ah~._.js:8530:105)
[  557429ms] [LOG] [Fast Refresh] rebuilding @ http://localhost:3000/_next/static/chunks/node_modules_next_dist_115brz8._.js:2477
[  557538ms] [WARNING] [Fast Refresh] performing full reload

Fast Refresh will perform a full reload when you edit a file that's imported by modules outside of the React rendering tree.
You might have a file which exports a React component but also exports a value that is imported by a non-React component file.
Consider migrating the non-React component export to a separate file and importing it into both files.

It is also possible the parent component of the component you edited is a class component, which disables Fast Refresh.
Fast Refresh requires at least one parent function component in your React tree. @ http://localhost:3000/_next/static/chunks/node_modules_next_dist_115brz8._.js:2477
[  557683ms] [LOG] [Fast Refresh] done in 209ms @ http://localhost:3000/_next/static/chunks/node_modules_next_dist_115brz8._.js:2477
[  557863ms] [LOG] [Fast Refresh] rebuilding @ http://localhost:3000/_next/static/chunks/node_modules_next_dist_115brz8._.js:2477
[  558392ms] [LOG] [Fast Refresh] done in 629ms @ http://localhost:3000/_next/static/chunks/node_modules_next_dist_115brz8._.js:2477
[  558943ms] [INFO] %cDownload the React DevTools for a better development experience: https://react.dev/link/react-devtools font-weight:bold @ http://localhost:3000/_next/static/chunks/node_modules_next_dist_115brz8._.js:2477
[  558961ms] [LOG] [HMR] connected @ http://localhost:3000/_next/static/chunks/node_modules_next_dist_115brz8._.js:2477
[  559287ms] [WARNING] THREE.Clock: This module has been deprecated. Please use THREE.Timer instead. @ http://localhost:3000/_next/static/chunks/node_modules_next_dist_115brz8._.js:2477
[  559288ms] [ERROR] THREE.WebGLRenderer: Error creating WebGL context. @ http://localhost:3000/_next/static/chunks/node_modules_next_dist_115brz8._.js:3318
[  559291ms] Error: Error creating WebGL context.
    at new WebGLRenderer (http://localhost:3000/_next/static/chunks/node_modules_three_build_three_module_024z3_h.js:10957:31)
    at Object.configure (http://localhost:3000/_next/static/chunks/node_modules_%40react-three_fiber_dist_0gfhqo9._.js:14854:26)
    at run (http://localhost:3000/_next/static/chunks/node_modules_%40react-three_fiber_dist_0gfhqo9._.js:15499:40)
    at CanvasImpl.useIsomorphicLayoutEffect (http://localhost:3000/_next/static/chunks/node_modules_%40react-three_fiber_dist_0gfhqo9._.js:15552:17)
    at Object.react_stack_bottom_frame (http://localhost:3000/_next/static/chunks/node_modules_next_dist_compiled_react-dom_058-ah~._.js:15087:22)
    at runWithFiberInDEV (http://localhost:3000/_next/static/chunks/node_modules_next_dist_compiled_react-dom_058-ah~._.js:965:74)
    at commitHookEffectListMount (http://localhost:3000/_next/static/chunks/node_modules_next_dist_compiled_react-dom_058-ah~._.js:7255:167)
    at commitHookLayoutEffects (http://localhost:3000/_next/static/chunks/node_modules_next_dist_compiled_react-dom_058-ah~._.js:7243:60)
    at commitLayoutEffectOnFiber (http://localhost:3000/_next/static/chunks/node_modules_next_dist_compiled_react-dom_058-ah~._.js:7851:30)
    at recursivelyTraverseLayoutEffects (http://localhost:3000/_next/static/chunks/node_modules_next_dist_compiled_react-dom_058-ah~._.js:8530:105)
    at commitLayoutEffectOnFiber (http://localhost:3000/_next/static/chunks/node_modules_next_dist_compiled_react-dom_058-ah~._.js:7948:17)
    at recursivelyTraverseLayoutEffects (http://localhost:3000/_next/static/chunks/node_modules_next_dist_compiled_react-dom_058-ah~._.js:8530:105)
    at commitLayoutEffectOnFiber (http://localhost:3000/_next/static/chunks/node_modules_next_dist_compiled_react-dom_058-ah~._.js:7854:17)
    at recursivelyTraverseLayoutEffects (http://localhost:3000/_next/static/chunks/node_modules_next_dist_compiled_react-dom_058-ah~._.js:8530:105)
    at commitLayoutEffectOnFiber (http://localhost:3000/_next/static/chunks/node_modules_next_dist_compiled_react-dom_058-ah~._.js:7850:17)
    at recursivelyTraverseLayoutEffects (http://localhost:3000/_next/static/chunks/node_modules_next_dist_compiled_react-dom_058-ah~._.js:8530:105)
    at commitLayoutEffectOnFiber (http://localhost:3000/_next/static/chunks/node_modules_next_dist_compiled_react-dom_058-ah~._.js:7890:17)
    at recursivelyTraverseLayoutEffects (http://localhost:3000/_next/static/chunks/node_modules_next_dist_compiled_react-dom_058-ah~._.js:8530:105)
    at commitLayoutEffectOnFiber (http://localhost:3000/_next/static/chunks/node_modules_next_dist_compiled_react-dom_058-ah~._.js:7850:17)
    at recursivelyTraverseLayoutEffects (http://localhost:3000/_next/static/chunks/node_modules_next_dist_compiled_react-dom_058-ah~._.js:8530:105)
    at commitLayoutEffectOnFiber (http://localhost:3000/_next/static/chunks/node_modules_next_dist_compiled_react-dom_058-ah~._.js:7890:17)
    at recursivelyTraverseLayoutEffects (http://localhost:3000/_next/static/chunks/node_modules_next_dist_compiled_react-dom_058-ah~._.js:8530:105)
    at commitLayoutEffectOnFiber (http://localhost:3000/_next/static/chunks/node_modules_next_dist_compiled_react-dom_058-ah~._.js:7890:17)
    at recursivelyTraverseLayoutEffects (http://localhost:3000/_next/static/chunks/node_modules_next_dist_compiled_react-dom_058-ah~._.js:8530:105)
    at commitLayoutEffectOnFiber (http://localhost:3000/_next/static/chunks/node_modules_next_dist_compiled_react-dom_058-ah~._.js:7948:17)
    at recursivelyTraverseLayoutEffects (http://localhost:3000/_next/static/chunks/node_modules_next_dist_compiled_react-dom_058-ah~._.js:8530:105)
    at commitLayoutEffectOnFiber (http://localhost:3000/_next/static/chunks/node_modules_next_dist_compiled_react-dom_058-ah~._.js:7850:17)
    at recursivelyTraverseLayoutEffects (http://localhost:3000/_next/static/chunks/node_modules_next_dist_compiled_react-dom_058-ah~._.js:8530:105)
    at commitLayoutEffectOnFiber (http://localhost:3000/_next/static/chunks/node_modules_next_dist_compiled_react-dom_058-ah~._.js:7948:17)
    at recursivelyTraverseLayoutEffects (http://localhost:3000/_next/static/chunks/node_modules_next_dist_compiled_react-dom_058-ah~._.js:8530:105)
    at commitLayoutEffectOnFiber (http://localhost:3000/_next/static/chunks/node_modules_next_dist_compiled_react-dom_058-ah~._.js:7948:17)
    at recursivelyTraverseLayoutEffects (http://localhost:3000/_next/static/chunks/node_modules_next_dist_compiled_react-dom_058-ah~._.js:8530:105)
    at commitLayoutEffectOnFiber (http://localhost:3000/_next/static/chunks/node_modules_next_dist_compiled_react-dom_058-ah~._.js:7850:17)
    at recursivelyTraverseLayoutEffects (http://localhost:3000/_next/static/chunks/node_modules_next_dist_compiled_react-dom_058-ah~._.js:8530:105)
    at commitLayoutEffectOnFiber (http://localhost:3000/_next/static/chunks/node_modules_next_dist_compiled_react-dom_058-ah~._.js:7854:17)
    at recursivelyTraverseLayoutEffects (http://localhost:3000/_next/static/chunks/node_modules_next_dist_compiled_react-dom_058-ah~._.js:8530:105)
    at commitLayoutEffectOnFiber (http://localhost:3000/_next/static/chunks/node_modules_next_dist_compiled_react-dom_058-ah~._.js:7850:17)
    at recursivelyTraverseLayoutEffects (http://localhost:3000/_next/static/chunks/node_modules_next_dist_compiled_react-dom_058-ah~._.js:8530:105)
    at commitLayoutEffectOnFiber (http://localhost:3000/_next/static/chunks/node_modules_next_dist_compiled_react-dom_058-ah~._.js:7854:17)
    at recursivelyTraverseLayoutEffects (http://localhost:3000/_next/static/chunks/node_modules_next_dist_compiled_react-dom_058-ah~._.js:8530:105)
    at commitLayoutEffectOnFiber (http://localhost:3000/_next/static/chunks/node_modules_next_dist_compiled_react-dom_058-ah~._.js:7850:17)
    at recursivelyTraverseLayoutEffects (http://localhost:3000/_next/static/chunks/node_modules_next_dist_compiled_react-dom_058-ah~._.js:8530:105)
    at commitLayoutEffectOnFiber (http://localhost:3000/_next/static/chunks/node_modules_next_dist_compiled_react-dom_058-ah~._.js:7850:17)
    at recursivelyTraverseLayoutEffects (http://localhost:3000/_next/static/chunks/node_modules_next_dist_compiled_react-dom_058-ah~._.js:8530:105)
    at commitLayoutEffectOnFiber (http://localhost:3000/_next/static/chunks/node_modules_next_dist_compiled_react-dom_058-ah~._.js:7850:17)
    at recursivelyTraverseLayoutEffects (http://localhost:3000/_next/static/chunks/node_modules_next_dist_compiled_react-dom_058-ah~._.js:8530:105)
    at commitLayoutEffectOnFiber (http://localhost:3000/_next/static/chunks/node_modules_next_dist_compiled_react-dom_058-ah~._.js:7854:17)
    at recursivelyTraverseLayoutEffects (http://localhost:3000/_next/static/chunks/node_modules_next_dist_compiled_react-dom_058-ah~._.js:8530:105)
    at commitLayoutEffectOnFiber (http://localhost:3000/_next/static/chunks/node_modules_next_dist_compiled_react-dom_058-ah~._.js:7850:17)
    at recursivelyTraverseLayoutEffects (http://localhost:3000/_next/static/chunks/node_modules_next_dist_compiled_react-dom_058-ah~._.js:8530:105)
[  562018ms] [LOG] [Fast Refresh] rebuilding @ http://localhost:3000/_next/static/chunks/node_modules_next_dist_115brz8._.js:2477
[  562019ms] [LOG] [Fast Refresh] done in 101ms @ http://localhost:3000/_next/static/chunks/node_modules_next_dist_115brz8._.js:2477
[  570498ms] [LOG] [Fast Refresh] rebuilding @ http://localhost:3000/_next/static/chunks/node_modules_next_dist_115brz8._.js:2477
[  570722ms] [LOG] [Fast Refresh] done in 326ms @ http://localhost:3000/_next/static/chunks/node_modules_next_dist_115brz8._.js:2477
[  577996ms] [LOG] [Fast Refresh] rebuilding @ http://localhost:3000/_next/static/chunks/node_modules_next_dist_115brz8._.js:2477
[  578061ms] [LOG] [Fast Refresh] done in 168ms @ http://localhost:3000/_next/static/chunks/node_modules_next_dist_115brz8._.js:2477
[  633330ms] [LOG] [Fast Refresh] rebuilding @ http://localhost:3000/_next/static/chunks/node_modules_next_dist_115brz8._.js:2477
[  633434ms] [WARNING] [Fast Refresh] performing full reload

Fast Refresh will perform a full reload when you edit a file that's imported by modules outside of the React rendering tree.
You might have a file which exports a React component but also exports a value that is imported by a non-React component file.
Consider migrating the non-React component export to a separate file and importing it into both files.

It is also possible the parent component of the component you edited is a class component, which disables Fast Refresh.
Fast Refresh requires at least one parent function component in your React tree. @ http://localhost:3000/_next/static/chunks/node_modules_next_dist_115brz8._.js:2477
[  633466ms] [LOG] [Fast Refresh] done in 209ms @ http://localhost:3000/_next/static/chunks/node_modules_next_dist_115brz8._.js:2477
[  633568ms] [LOG] [Fast Refresh] rebuilding @ http://localhost:3000/_next/static/chunks/node_modules_next_dist_115brz8._.js:2477
[  634284ms] [WARNING] [Fast Refresh] performing full reload

Fast Refresh will perform a full reload when you edit a file that's imported by modules outside of the React rendering tree.
You might have a file which exports a React component but also exports a value that is imported by a non-React component file.
Consider migrating the non-React component export to a separate file and importing it into both files.

It is also possible the parent component of the component you edited is a class component, which disables Fast Refresh.
Fast Refresh requires at least one parent function component in your React tree. @ http://localhost:3000/_next/static/chunks/node_modules_next_dist_115brz8._.js:2477
[  634366ms] [WARNING] [Fast Refresh] performing full reload

Fast Refresh will perform a full reload when you edit a file that's imported by modules outside of the React rendering tree.
You might have a file which exports a React component but also exports a value that is imported by a non-React component file.
Consider migrating the non-React component export to a separate file and importing it into both files.

It is also possible the parent component of the component you edited is a class component, which disables Fast Refresh.
Fast Refresh requires at least one parent function component in your React tree. @ http://localhost:3000/_next/static/chunks/node_modules_next_dist_115brz8._.js:2477
[  634390ms] [LOG] [Fast Refresh] done in 899ms @ http://localhost:3000/_next/static/chunks/node_modules_next_dist_115brz8._.js:2477
[  634859ms] [LOG] [Fast Refresh] rebuilding @ http://localhost:3000/_next/static/chunks/node_modules_next_dist_115brz8._.js:2477
[  634979ms] [LOG] [Fast Refresh] done in 220ms @ http://localhost:3000/_next/static/chunks/node_modules_next_dist_115brz8._.js:2477
[  635792ms] [INFO] %cDownload the React DevTools for a better development experience: https://react.dev/link/react-devtools font-weight:bold @ http://localhost:3000/_next/static/chunks/node_modules_next_dist_115brz8._.js:2477
[  635812ms] [LOG] [HMR] connected @ http://localhost:3000/_next/static/chunks/node_modules_next_dist_115brz8._.js:2477
[  636174ms] [WARNING] THREE.Clock: This module has been deprecated. Please use THREE.Timer instead. @ http://localhost:3000/_next/static/chunks/node_modules_next_dist_115brz8._.js:2477
[  636175ms] [ERROR] THREE.WebGLRenderer: Error creating WebGL context. @ http://localhost:3000/_next/static/chunks/node_modules_next_dist_115brz8._.js:3318
[  636181ms] Error: Error creating WebGL context.
    at new WebGLRenderer (http://localhost:3000/_next/static/chunks/node_modules_three_build_three_module_024z3_h.js:10957:31)
    at Object.configure (http://localhost:3000/_next/static/chunks/node_modules_%40react-three_fiber_dist_0gfhqo9._.js:14854:26)
    at run (http://localhost:3000/_next/static/chunks/node_modules_%40react-three_fiber_dist_0gfhqo9._.js:15499:40)
    at CanvasImpl.useIsomorphicLayoutEffect (http://localhost:3000/_next/static/chunks/node_modules_%40react-three_fiber_dist_0gfhqo9._.js:15552:17)
    at Object.react_stack_bottom_frame (http://localhost:3000/_next/static/chunks/node_modules_next_dist_compiled_react-dom_058-ah~._.js:15087:22)
    at runWithFiberInDEV (http://localhost:3000/_next/static/chunks/node_modules_next_dist_compiled_react-dom_058-ah~._.js:965:74)
    at commitHookEffectListMount (http://localhost:3000/_next/static/chunks/node_modules_next_dist_compiled_react-dom_058-ah~._.js:7255:167)
    at commitHookLayoutEffects (http://localhost:3000/_next/static/chunks/node_modules_next_dist_compiled_react-dom_058-ah~._.js:7243:60)
    at commitLayoutEffectOnFiber (http://localhost:3000/_next/static/chunks/node_modules_next_dist_compiled_react-dom_058-ah~._.js:7851:30)
    at recursivelyTraverseLayoutEffects (http://localhost:3000/_next/static/chunks/node_modules_next_dist_compiled_react-dom_058-ah~._.js:8530:105)
    at commitLayoutEffectOnFiber (http://localhost:3000/_next/static/chunks/node_modules_next_dist_compiled_react-dom_058-ah~._.js:7948:17)
    at recursivelyTraverseLayoutEffects (http://localhost:3000/_next/static/chunks/node_modules_next_dist_compiled_react-dom_058-ah~._.js:8530:105)
    at commitLayoutEffectOnFiber (http://localhost:3000/_next/static/chunks/node_modules_next_dist_compiled_react-dom_058-ah~._.js:7854:17)
    at recursivelyTraverseLayoutEffects (http://localhost:3000/_next/static/chunks/node_modules_next_dist_compiled_react-dom_058-ah~._.js:8530:105)
    at commitLayoutEffectOnFiber (http://localhost:3000/_next/static/chunks/node_modules_next_dist_compiled_react-dom_058-ah~._.js:7850:17)
    at recursivelyTraverseLayoutEffects (http://localhost:3000/_next/static/chunks/node_modules_next_dist_compiled_react-dom_058-ah~._.js:8530:105)
    at commitLayoutEffectOnFiber (http://localhost:3000/_next/static/chunks/node_modules_next_dist_compiled_react-dom_058-ah~._.js:7890:17)
    at recursivelyTraverseLayoutEffects (http://localhost:3000/_next/static/chunks/node_modules_next_dist_compiled_react-dom_058-ah~._.js:8530:105)
    at commitLayoutEffectOnFiber (http://localhost:3000/_next/static/chunks/node_modules_next_dist_compiled_react-dom_058-ah~._.js:7850:17)
    at recursivelyTraverseLayoutEffects (http://localhost:3000/_next/static/chunks/node_modules_next_dist_compiled_react-dom_058-ah~._.js:8530:105)
    at commitLayoutEffectOnFiber (http://localhost:3000/_next/static/chunks/node_modules_next_dist_compiled_react-dom_058-ah~._.js:7890:17)
    at recursivelyTraverseLayoutEffects (http://localhost:3000/_next/static/chunks/node_modules_next_dist_compiled_react-dom_058-ah~._.js:8530:105)
    at commitLayoutEffectOnFiber (http://localhost:3000/_next/static/chunks/node_modules_next_dist_compiled_react-dom_058-ah~._.js:7890:17)
    at recursivelyTraverseLayoutEffects (http://localhost:3000/_next/static/chunks/node_modules_next_dist_compiled_react-dom_058-ah~._.js:8530:105)
    at commitLayoutEffectOnFiber (http://localhost:3000/_next/static/chunks/node_modules_next_dist_compiled_react-dom_058-ah~._.js:7948:17)
    at recursivelyTraverseLayoutEffects (http://localhost:3000/_next/static/chunks/node_modules_next_dist_compiled_react-dom_058-ah~._.js:8530:105)
    at commitLayoutEffectOnFiber (http://localhost:3000/_next/static/chunks/node_modules_next_dist_compiled_react-dom_058-ah~._.js:7850:17)
    at recursivelyTraverseLayoutEffects (http://localhost:3000/_next/static/chunks/node_modules_next_dist_compiled_react-dom_058-ah~._.js:8530:105)
    at commitLayoutEffectOnFiber (http://localhost:3000/_next/static/chunks/node_modules_next_dist_compiled_react-dom_058-ah~._.js:7948:17)
    at recursivelyTraverseLayoutEffects (http://localhost:3000/_next/static/chunks/node_modules_next_dist_compiled_react-dom_058-ah~._.js:8530:105)
    at commitLayoutEffectOnFiber (http://localhost:3000/_next/static/chunks/node_modules_next_dist_compiled_react-dom_058-ah~._.js:7948:17)
    at recursivelyTraverseLayoutEffects (http://localhost:3000/_next/static/chunks/node_modules_next_dist_compiled_react-dom_058-ah~._.js:8530:105)
    at commitLayoutEffectOnFiber (http://localhost:3000/_next/static/chunks/node_modules_next_dist_compiled_react-dom_058-ah~._.js:7850:17)
    at recursivelyTraverseLayoutEffects (http://localhost:3000/_next/static/chunks/node_modules_next_dist_compiled_react-dom_058-ah~._.js:8530:105)
    at commitLayoutEffectOnFiber (http://localhost:3000/_next/static/chunks/node_modules_next_dist_compiled_react-dom_058-ah~._.js:7854:17)
    at recursivelyTraverseLayoutEffects (http://localhost:3000/_next/static/chunks/node_modules_next_dist_compiled_react-dom_058-ah~._.js:8530:105)
    at commitLayoutEffectOnFiber (http://localhost:3000/_next/static/chunks/node_modules_next_dist_compiled_react-dom_058-ah~._.js:7850:17)
    at recursivelyTraverseLayoutEffects (http://localhost:3000/_next/static/chunks/node_modules_next_dist_compiled_react-dom_058-ah~._.js:8530:105)
    at commitLayoutEffectOnFiber (http://localhost:3000/_next/static/chunks/node_modules_next_dist_compiled_react-dom_058-ah~._.js:7854:17)
    at recursivelyTraverseLayoutEffects (http://localhost:3000/_next/static/chunks/node_modules_next_dist_compiled_react-dom_058-ah~._.js:8530:105)
    at commitLayoutEffectOnFiber (http://localhost:3000/_next/static/chunks/node_modules_next_dist_compiled_react-dom_058-ah~._.js:7850:17)
    at recursivelyTraverseLayoutEffects (http://localhost:3000/_next/static/chunks/node_modules_next_dist_compiled_react-dom_058-ah~._.js:8530:105)
    at commitLayoutEffectOnFiber (http://localhost:3000/_next/static/chunks/node_modules_next_dist_compiled_react-dom_058-ah~._.js:7850:17)
    at recursivelyTraverseLayoutEffects (http://localhost:3000/_next/static/chunks/node_modules_next_dist_compiled_react-dom_058-ah~._.js:8530:105)
    at commitLayoutEffectOnFiber (http://localhost:3000/_next/static/chunks/node_modules_next_dist_compiled_react-dom_058-ah~._.js:7850:17)
    at recursivelyTraverseLayoutEffects (http://localhost:3000/_next/static/chunks/node_modules_next_dist_compiled_react-dom_058-ah~._.js:8530:105)
    at commitLayoutEffectOnFiber (http://localhost:3000/_next/static/chunks/node_modules_next_dist_compiled_react-dom_058-ah~._.js:7854:17)
    at recursivelyTraverseLayoutEffects (http://localhost:3000/_next/static/chunks/node_modules_next_dist_compiled_react-dom_058-ah~._.js:8530:105)
    at commitLayoutEffectOnFiber (http://localhost:3000/_next/static/chunks/node_modules_next_dist_compiled_react-dom_058-ah~._.js:7850:17)
    at recursivelyTraverseLayoutEffects (http://localhost:3000/_next/static/chunks/node_modules_next_dist_compiled_react-dom_058-ah~._.js:8530:105)
[ 1436873ms] [LOG] [Fast Refresh] rebuilding @ http://localhost:3000/_next/static/chunks/node_modules_next_dist_115brz8._.js:2477
[ 1436916ms] [LOG] [Fast Refresh] done in 144ms @ http://localhost:3000/_next/static/chunks/node_modules_next_dist_115brz8._.js:2477
[ 1477735ms] [LOG] [Fast Refresh] rebuilding @ http://localhost:3000/_next/static/chunks/node_modules_next_dist_115brz8._.js:2477
[ 1477783ms] [LOG] [Fast Refresh] done in 150ms @ http://localhost:3000/_next/static/chunks/node_modules_next_dist_115brz8._.js:2477
[ 1534168ms] [LOG] [Fast Refresh] rebuilding @ http://localhost:3000/_next/static/chunks/node_modules_next_dist_115brz8._.js:2477
[ 1534205ms] [LOG] [Fast Refresh] done in 140ms @ http://localhost:3000/_next/static/chunks/node_modules_next_dist_115brz8._.js:2477
[ 1652637ms] [LOG] [Fast Refresh] rebuilding @ http://localhost:3000/_next/static/chunks/node_modules_next_dist_115brz8._.js:2477
[ 1652700ms] [LOG] [Fast Refresh] done in 165ms @ http://localhost:3000/_next/static/chunks/node_modules_next_dist_115brz8._.js:2477
[ 1673026ms] [LOG] [Fast Refresh] rebuilding @ http://localhost:3000/_next/static/chunks/node_modules_next_dist_115brz8._.js:2477
[ 1673201ms] [LOG] [Fast Refresh] done in 155ms @ http://localhost:3000/_next/static/chunks/node_modules_next_dist_115brz8._.js:2477
[ 1673329ms] [ERROR] THREE.WebGLRenderer: Error creating WebGL context. @ http://localhost:3000/_next/static/chunks/node_modules_next_dist_115brz8._.js:3318
[ 1673334ms] Error: Error creating WebGL context.
    at new WebGLRenderer (http://localhost:3000/_next/static/chunks/node_modules_three_build_three_module_024z3_h.js:10957:31)
    at Object.configure (http://localhost:3000/_next/static/chunks/node_modules_%40react-three_fiber_dist_0gfhqo9._.js:14854:26)
    at run (http://localhost:3000/_next/static/chunks/node_modules_%40react-three_fiber_dist_0gfhqo9._.js:15499:40)
    at CanvasImpl.useIsomorphicLayoutEffect (http://localhost:3000/_next/static/chunks/node_modules_%40react-three_fiber_dist_0gfhqo9._.js:15552:17)
    at Object.react_stack_bottom_frame (http://localhost:3000/_next/static/chunks/node_modules_next_dist_compiled_react-dom_058-ah~._.js:15087:22)
    at runWithFiberInDEV (http://localhost:3000/_next/static/chunks/node_modules_next_dist_compiled_react-dom_058-ah~._.js:965:74)
    at commitHookEffectListMount (http://localhost:3000/_next/static/chunks/node_modules_next_dist_compiled_react-dom_058-ah~._.js:7255:167)
    at commitHookLayoutEffects (http://localhost:3000/_next/static/chunks/node_modules_next_dist_compiled_react-dom_058-ah~._.js:7243:60)
    at commitLayoutEffectOnFiber (http://localhost:3000/_next/static/chunks/node_modules_next_dist_compiled_react-dom_058-ah~._.js:7851:30)
    at recursivelyTraverseLayoutEffects (http://localhost:3000/_next/static/chunks/node_modules_next_dist_compiled_react-dom_058-ah~._.js:8530:105)
    at commitLayoutEffectOnFiber (http://localhost:3000/_next/static/chunks/node_modules_next_dist_compiled_react-dom_058-ah~._.js:7948:17)
    at recursivelyTraverseLayoutEffects (http://localhost:3000/_next/static/chunks/node_modules_next_dist_compiled_react-dom_058-ah~._.js:8530:105)
    at commitLayoutEffectOnFiber (http://localhost:3000/_next/static/chunks/node_modules_next_dist_compiled_react-dom_058-ah~._.js:7854:17)
    at recursivelyTraverseLayoutEffects (http://localhost:3000/_next/static/chunks/node_modules_next_dist_compiled_react-dom_058-ah~._.js:8530:105)
    at commitLayoutEffectOnFiber (http://localhost:3000/_next/static/chunks/node_modules_next_dist_compiled_react-dom_058-ah~._.js:7850:17)
    at recursivelyTraverseLayoutEffects (http://localhost:3000/_next/static/chunks/node_modules_next_dist_compiled_react-dom_058-ah~._.js:8530:105)
    at commitLayoutEffectOnFiber (http://localhost:3000/_next/static/chunks/node_modules_next_dist_compiled_react-dom_058-ah~._.js:7890:17)
    at recursivelyTraverseLayoutEffects (http://localhost:3000/_next/static/chunks/node_modules_next_dist_compiled_react-dom_058-ah~._.js:8530:105)
    at commitLayoutEffectOnFiber (http://localhost:3000/_next/static/chunks/node_modules_next_dist_compiled_react-dom_058-ah~._.js:7850:17)
    at recursivelyTraverseLayoutEffects (http://localhost:3000/_next/static/chunks/node_modules_next_dist_compiled_react-dom_058-ah~._.js:8530:105)
    at commitLayoutEffectOnFiber (http://localhost:3000/_next/static/chunks/node_modules_next_dist_compiled_react-dom_058-ah~._.js:7890:17)
    at recursivelyTraverseLayoutEffects (http://localhost:3000/_next/static/chunks/node_modules_next_dist_compiled_react-dom_058-ah~._.js:8530:105)
    at commitLayoutEffectOnFiber (http://localhost:3000/_next/static/chunks/node_modules_next_dist_compiled_react-dom_058-ah~._.js:7890:17)
    at recursivelyTraverseLayoutEffects (http://localhost:3000/_next/static/chunks/node_modules_next_dist_compiled_react-dom_058-ah~._.js:8530:105)
    at commitLayoutEffectOnFiber (http://localhost:3000/_next/static/chunks/node_modules_next_dist_compiled_react-dom_058-ah~._.js:7948:17)
    at recursivelyTraverseLayoutEffects (http://localhost:3000/_next/static/chunks/node_modules_next_dist_compiled_react-dom_058-ah~._.js:8530:105)
    at commitLayoutEffectOnFiber (http://localhost:3000/_next/static/chunks/node_modules_next_dist_compiled_react-dom_058-ah~._.js:7850:17)
    at recursivelyTraverseLayoutEffects (http://localhost:3000/_next/static/chunks/node_modules_next_dist_compiled_react-dom_058-ah~._.js:8530:105)
    at commitLayoutEffectOnFiber (http://localhost:3000/_next/static/chunks/node_modules_next_dist_compiled_react-dom_058-ah~._.js:7948:17)
    at recursivelyTraverseLayoutEffects (http://localhost:3000/_next/static/chunks/node_modules_next_dist_compiled_react-dom_058-ah~._.js:8530:105)
    at commitLayoutEffectOnFiber (http://localhost:3000/_next/static/chunks/node_modules_next_dist_compiled_react-dom_058-ah~._.js:7948:17)
    at recursivelyTraverseLayoutEffects (http://localhost:3000/_next/static/chunks/node_modules_next_dist_compiled_react-dom_058-ah~._.js:8530:105)
    at commitLayoutEffectOnFiber (http://localhost:3000/_next/static/chunks/node_modules_next_dist_compiled_react-dom_058-ah~._.js:7850:17)
    at recursivelyTraverseLayoutEffects (http://localhost:3000/_next/static/chunks/node_modules_next_dist_compiled_react-dom_058-ah~._.js:8530:105)
    at commitLayoutEffectOnFiber (http://localhost:3000/_next/static/chunks/node_modules_next_dist_compiled_react-dom_058-ah~._.js:7854:17)
    at recursivelyTraverseLayoutEffects (http://localhost:3000/_next/static/chunks/node_modules_next_dist_compiled_react-dom_058-ah~._.js:8530:105)
    at commitLayoutEffectOnFiber (http://localhost:3000/_next/static/chunks/node_modules_next_dist_compiled_react-dom_058-ah~._.js:7850:17)
    at recursivelyTraverseLayoutEffects (http://localhost:3000/_next/static/chunks/node_modules_next_dist_compiled_react-dom_058-ah~._.js:8530:105)
    at commitLayoutEffectOnFiber (http://localhost:3000/_next/static/chunks/node_modules_next_dist_compiled_react-dom_058-ah~._.js:7854:17)
    at recursivelyTraverseLayoutEffects (http://localhost:3000/_next/static/chunks/node_modules_next_dist_compiled_react-dom_058-ah~._.js:8530:105)
    at commitLayoutEffectOnFiber (http://localhost:3000/_next/static/chunks/node_modules_next_dist_compiled_react-dom_058-ah~._.js:7850:17)
    at recursivelyTraverseLayoutEffects (http://localhost:3000/_next/static/chunks/node_modules_next_dist_compiled_react-dom_058-ah~._.js:8530:105)
    at commitLayoutEffectOnFiber (http://localhost:3000/_next/static/chunks/node_modules_next_dist_compiled_react-dom_058-ah~._.js:7850:17)
    at recursivelyTraverseLayoutEffects (http://localhost:3000/_next/static/chunks/node_modules_next_dist_compiled_react-dom_058-ah~._.js:8530:105)
    at commitLayoutEffectOnFiber (http://localhost:3000/_next/static/chunks/node_modules_next_dist_compiled_react-dom_058-ah~._.js:7850:17)
    at recursivelyTraverseLayoutEffects (http://localhost:3000/_next/static/chunks/node_modules_next_dist_compiled_react-dom_058-ah~._.js:8530:105)
    at commitLayoutEffectOnFiber (http://localhost:3000/_next/static/chunks/node_modules_next_dist_compiled_react-dom_058-ah~._.js:7854:17)
    at recursivelyTraverseLayoutEffects (http://localhost:3000/_next/static/chunks/node_modules_next_dist_compiled_react-dom_058-ah~._.js:8530:105)
    at commitLayoutEffectOnFiber (http://localhost:3000/_next/static/chunks/node_modules_next_dist_compiled_react-dom_058-ah~._.js:7850:17)
    at recursivelyTraverseLayoutEffects (http://localhost:3000/_next/static/chunks/node_modules_next_dist_compiled_react-dom_058-ah~._.js:8530:105)
[ 1681632ms] [LOG] [Fast Refresh] rebuilding @ http://localhost:3000/_next/static/chunks/node_modules_next_dist_115brz8._.js:2477
[ 1681804ms] [LOG] [Fast Refresh] done in 145ms @ http://localhost:3000/_next/static/chunks/node_modules_next_dist_115brz8._.js:2477
[ 1681900ms] [ERROR] THREE.WebGLRenderer: Error creating WebGL context. @ http://localhost:3000/_next/static/chunks/node_modules_next_dist_115brz8._.js:3318
[ 1681904ms] Error: Error creating WebGL context.
    at new WebGLRenderer (http://localhost:3000/_next/static/chunks/node_modules_three_build_three_module_024z3_h.js:10957:31)
    at Object.configure (http://localhost:3000/_next/static/chunks/node_modules_%40react-three_fiber_dist_0gfhqo9._.js:14854:26)
    at run (http://localhost:3000/_next/static/chunks/node_modules_%40react-three_fiber_dist_0gfhqo9._.js:15499:40)
    at CanvasImpl.useIsomorphicLayoutEffect (http://localhost:3000/_next/static/chunks/node_modules_%40react-three_fiber_dist_0gfhqo9._.js:15552:17)
    at Object.react_stack_bottom_frame (http://localhost:3000/_next/static/chunks/node_modules_next_dist_compiled_react-dom_058-ah~._.js:15087:22)
    at runWithFiberInDEV (http://localhost:3000/_next/static/chunks/node_modules_next_dist_compiled_react-dom_058-ah~._.js:965:74)
    at commitHookEffectListMount (http://localhost:3000/_next/static/chunks/node_modules_next_dist_compiled_react-dom_058-ah~._.js:7255:167)
    at commitHookLayoutEffects (http://localhost:3000/_next/static/chunks/node_modules_next_dist_compiled_react-dom_058-ah~._.js:7243:60)
    at commitLayoutEffectOnFiber (http://localhost:3000/_next/static/chunks/node_modules_next_dist_compiled_react-dom_058-ah~._.js:7851:30)
    at recursivelyTraverseLayoutEffects (http://localhost:3000/_next/static/chunks/node_modules_next_dist_compiled_react-dom_058-ah~._.js:8530:105)
    at commitLayoutEffectOnFiber (http://localhost:3000/_next/static/chunks/node_modules_next_dist_compiled_react-dom_058-ah~._.js:7948:17)
    at recursivelyTraverseLayoutEffects (http://localhost:3000/_next/static/chunks/node_modules_next_dist_compiled_react-dom_058-ah~._.js:8530:105)
    at commitLayoutEffectOnFiber (http://localhost:3000/_next/static/chunks/node_modules_next_dist_compiled_react-dom_058-ah~._.js:7854:17)
    at recursivelyTraverseLayoutEffects (http://localhost:3000/_next/static/chunks/node_modules_next_dist_compiled_react-dom_058-ah~._.js:8530:105)
    at commitLayoutEffectOnFiber (http://localhost:3000/_next/static/chunks/node_modules_next_dist_compiled_react-dom_058-ah~._.js:7850:17)
    at recursivelyTraverseLayoutEffects (http://localhost:3000/_next/static/chunks/node_modules_next_dist_compiled_react-dom_058-ah~._.js:8530:105)
    at commitLayoutEffectOnFiber (http://localhost:3000/_next/static/chunks/node_modules_next_dist_compiled_react-dom_058-ah~._.js:7890:17)
    at recursivelyTraverseLayoutEffects (http://localhost:3000/_next/static/chunks/node_modules_next_dist_compiled_react-dom_058-ah~._.js:8530:105)
    at commitLayoutEffectOnFiber (http://localhost:3000/_next/static/chunks/node_modules_next_dist_compiled_react-dom_058-ah~._.js:7850:17)
    at recursivelyTraverseLayoutEffects (http://localhost:3000/_next/static/chunks/node_modules_next_dist_compiled_react-dom_058-ah~._.js:8530:105)
    at commitLayoutEffectOnFiber (http://localhost:3000/_next/static/chunks/node_modules_next_dist_compiled_react-dom_058-ah~._.js:7890:17)
    at recursivelyTraverseLayoutEffects (http://localhost:3000/_next/static/chunks/node_modules_next_dist_compiled_react-dom_058-ah~._.js:8530:105)
    at commitLayoutEffectOnFiber (http://localhost:3000/_next/static/chunks/node_modules_next_dist_compiled_react-dom_058-ah~._.js:7890:17)
    at recursivelyTraverseLayoutEffects (http://localhost:3000/_next/static/chunks/node_modules_next_dist_compiled_react-dom_058-ah~._.js:8530:105)
    at commitLayoutEffectOnFiber (http://localhost:3000/_next/static/chunks/node_modules_next_dist_compiled_react-dom_058-ah~._.js:7948:17)
    at recursivelyTraverseLayoutEffects (http://localhost:3000/_next/static/chunks/node_modules_next_dist_compiled_react-dom_058-ah~._.js:8530:105)
    at commitLayoutEffectOnFiber (http://localhost:3000/_next/static/chunks/node_modules_next_dist_compiled_react-dom_058-ah~._.js:7850:17)
    at recursivelyTraverseLayoutEffects (http://localhost:3000/_next/static/chunks/node_modules_next_dist_compiled_react-dom_058-ah~._.js:8530:105)
    at commitLayoutEffectOnFiber (http://localhost:3000/_next/static/chunks/node_modules_next_dist_compiled_react-dom_058-ah~._.js:7948:17)
    at recursivelyTraverseLayoutEffects (http://localhost:3000/_next/static/chunks/node_modules_next_dist_compiled_react-dom_058-ah~._.js:8530:105)
    at commitLayoutEffectOnFiber (http://localhost:3000/_next/static/chunks/node_modules_next_dist_compiled_react-dom_058-ah~._.js:7948:17)
    at recursivelyTraverseLayoutEffects (http://localhost:3000/_next/static/chunks/node_modules_next_dist_compiled_react-dom_058-ah~._.js:8530:105)
    at commitLayoutEffectOnFiber (http://localhost:3000/_next/static/chunks/node_modules_next_dist_compiled_react-dom_058-ah~._.js:7850:17)
    at recursivelyTraverseLayoutEffects (http://localhost:3000/_next/static/chunks/node_modules_next_dist_compiled_react-dom_058-ah~._.js:8530:105)
    at commitLayoutEffectOnFiber (http://localhost:3000/_next/static/chunks/node_modules_next_dist_compiled_react-dom_058-ah~._.js:7854:17)
    at recursivelyTraverseLayoutEffects (http://localhost:3000/_next/static/chunks/node_modules_next_dist_compiled_react-dom_058-ah~._.js:8530:105)
    at commitLayoutEffectOnFiber (http://localhost:3000/_next/static/chunks/node_modules_next_dist_compiled_react-dom_058-ah~._.js:7850:17)
    at recursivelyTraverseLayoutEffects (http://localhost:3000/_next/static/chunks/node_modules_next_dist_compiled_react-dom_058-ah~._.js:8530:105)
    at commitLayoutEffectOnFiber (http://localhost:3000/_next/static/chunks/node_modules_next_dist_compiled_react-dom_058-ah~._.js:7854:17)
    at recursivelyTraverseLayoutEffects (http://localhost:3000/_next/static/chunks/node_modules_next_dist_compiled_react-dom_058-ah~._.js:8530:105)
    at commitLayoutEffectOnFiber (http://localhost:3000/_next/static/chunks/node_modules_next_dist_compiled_react-dom_058-ah~._.js:7850:17)
    at recursivelyTraverseLayoutEffects (http://localhost:3000/_next/static/chunks/node_modules_next_dist_compiled_react-dom_058-ah~._.js:8530:105)
    at commitLayoutEffectOnFiber (http://localhost:3000/_next/static/chunks/node_modules_next_dist_compiled_react-dom_058-ah~._.js:7850:17)
    at recursivelyTraverseLayoutEffects (http://localhost:3000/_next/static/chunks/node_modules_next_dist_compiled_react-dom_058-ah~._.js:8530:105)
    at commitLayoutEffectOnFiber (http://localhost:3000/_next/static/chunks/node_modules_next_dist_compiled_react-dom_058-ah~._.js:7850:17)
    at recursivelyTraverseLayoutEffects (http://localhost:3000/_next/static/chunks/node_modules_next_dist_compiled_react-dom_058-ah~._.js:8530:105)
    at commitLayoutEffectOnFiber (http://localhost:3000/_next/static/chunks/node_modules_next_dist_compiled_react-dom_058-ah~._.js:7854:17)
    at recursivelyTraverseLayoutEffects (http://localhost:3000/_next/static/chunks/node_modules_next_dist_compiled_react-dom_058-ah~._.js:8530:105)
    at commitLayoutEffectOnFiber (http://localhost:3000/_next/static/chunks/node_modules_next_dist_compiled_react-dom_058-ah~._.js:7850:17)
    at recursivelyTraverseLayoutEffects (http://localhost:3000/_next/static/chunks/node_modules_next_dist_compiled_react-dom_058-ah~._.js:8530:105)
[ 1695860ms] [LOG] [Fast Refresh] rebuilding @ http://localhost:3000/_next/static/chunks/node_modules_next_dist_115brz8._.js:2477
[ 1696019ms] [LOG] [Fast Refresh] done in 139ms @ http://localhost:3000/_next/static/chunks/node_modules_next_dist_115brz8._.js:2477
[ 1696158ms] [ERROR] THREE.WebGLRenderer: Error creating WebGL context. @ http://localhost:3000/_next/static/chunks/node_modules_next_dist_115brz8._.js:3318
[ 1696166ms] Error: Error creating WebGL context.
    at new WebGLRenderer (http://localhost:3000/_next/static/chunks/node_modules_three_build_three_module_024z3_h.js:10957:31)
    at Object.configure (http://localhost:3000/_next/static/chunks/node_modules_%40react-three_fiber_dist_0gfhqo9._.js:14854:26)
    at run (http://localhost:3000/_next/static/chunks/node_modules_%40react-three_fiber_dist_0gfhqo9._.js:15499:40)
    at CanvasImpl.useIsomorphicLayoutEffect (http://localhost:3000/_next/static/chunks/node_modules_%40react-three_fiber_dist_0gfhqo9._.js:15552:17)
    at Object.react_stack_bottom_frame (http://localhost:3000/_next/static/chunks/node_modules_next_dist_compiled_react-dom_058-ah~._.js:15087:22)
    at runWithFiberInDEV (http://localhost:3000/_next/static/chunks/node_modules_next_dist_compiled_react-dom_058-ah~._.js:965:74)
    at commitHookEffectListMount (http://localhost:3000/_next/static/chunks/node_modules_next_dist_compiled_react-dom_058-ah~._.js:7255:167)
    at commitHookLayoutEffects (http://localhost:3000/_next/static/chunks/node_modules_next_dist_compiled_react-dom_058-ah~._.js:7243:60)
    at commitLayoutEffectOnFiber (http://localhost:3000/_next/static/chunks/node_modules_next_dist_compiled_react-dom_058-ah~._.js:7851:30)
    at recursivelyTraverseLayoutEffects (http://localhost:3000/_next/static/chunks/node_modules_next_dist_compiled_react-dom_058-ah~._.js:8530:105)
    at commitLayoutEffectOnFiber (http://localhost:3000/_next/static/chunks/node_modules_next_dist_compiled_react-dom_058-ah~._.js:7948:17)
    at recursivelyTraverseLayoutEffects (http://localhost:3000/_next/static/chunks/node_modules_next_dist_compiled_react-dom_058-ah~._.js:8530:105)
    at commitLayoutEffectOnFiber (http://localhost:3000/_next/static/chunks/node_modules_next_dist_compiled_react-dom_058-ah~._.js:7854:17)
    at recursivelyTraverseLayoutEffects (http://localhost:3000/_next/static/chunks/node_modules_next_dist_compiled_react-dom_058-ah~._.js:8530:105)
    at commitLayoutEffectOnFiber (http://localhost:3000/_next/static/chunks/node_modules_next_dist_compiled_react-dom_058-ah~._.js:7850:17)
    at recursivelyTraverseLayoutEffects (http://localhost:3000/_next/static/chunks/node_modules_next_dist_compiled_react-dom_058-ah~._.js:8530:105)
    at commitLayoutEffectOnFiber (http://localhost:3000/_next/static/chunks/node_modules_next_dist_compiled_react-dom_058-ah~._.js:7890:17)
    at recursivelyTraverseLayoutEffects (http://localhost:3000/_next/static/chunks/node_modules_next_dist_compiled_react-dom_058-ah~._.js:8530:105)
    at commitLayoutEffectOnFiber (http://localhost:3000/_next/static/chunks/node_modules_next_dist_compiled_react-dom_058-ah~._.js:7850:17)
    at recursivelyTraverseLayoutEffects (http://localhost:3000/_next/static/chunks/node_modules_next_dist_compiled_react-dom_058-ah~._.js:8530:105)
    at commitLayoutEffectOnFiber (http://localhost:3000/_next/static/chunks/node_modules_next_dist_compiled_react-dom_058-ah~._.js:7890:17)
    at recursivelyTraverseLayoutEffects (http://localhost:3000/_next/static/chunks/node_modules_next_dist_compiled_react-dom_058-ah~._.js:8530:105)
    at commitLayoutEffectOnFiber (http://localhost:3000/_next/static/chunks/node_modules_next_dist_compiled_react-dom_058-ah~._.js:7890:17)
    at recursivelyTraverseLayoutEffects (http://localhost:3000/_next/static/chunks/node_modules_next_dist_compiled_react-dom_058-ah~._.js:8530:105)
    at commitLayoutEffectOnFiber (http://localhost:3000/_next/static/chunks/node_modules_next_dist_compiled_react-dom_058-ah~._.js:7948:17)
    at recursivelyTraverseLayoutEffects (http://localhost:3000/_next/static/chunks/node_modules_next_dist_compiled_react-dom_058-ah~._.js:8530:105)
    at commitLayoutEffectOnFiber (http://localhost:3000/_next/static/chunks/node_modules_next_dist_compiled_react-dom_058-ah~._.js:7850:17)
    at recursivelyTraverseLayoutEffects (http://localhost:3000/_next/static/chunks/node_modules_next_dist_compiled_react-dom_058-ah~._.js:8530:105)
    at commitLayoutEffectOnFiber (http://localhost:3000/_next/static/chunks/node_modules_next_dist_compiled_react-dom_058-ah~._.js:7948:17)
    at recursivelyTraverseLayoutEffects (http://localhost:3000/_next/static/chunks/node_modules_next_dist_compiled_react-dom_058-ah~._.js:8530:105)
    at commitLayoutEffectOnFiber (http://localhost:3000/_next/static/chunks/node_modules_next_dist_compiled_react-dom_058-ah~._.js:7948:17)
    at recursivelyTraverseLayoutEffects (http://localhost:3000/_next/static/chunks/node_modules_next_dist_compiled_react-dom_058-ah~._.js:8530:105)
    at commitLayoutEffectOnFiber (http://localhost:3000/_next/static/chunks/node_modules_next_dist_compiled_react-dom_058-ah~._.js:7850:17)
    at recursivelyTraverseLayoutEffects (http://localhost:3000/_next/static/chunks/node_modules_next_dist_compiled_react-dom_058-ah~._.js:8530:105)
    at commitLayoutEffectOnFiber (http://localhost:3000/_next/static/chunks/node_modules_next_dist_compiled_react-dom_058-ah~._.js:7854:17)
    at recursivelyTraverseLayoutEffects (http://localhost:3000/_next/static/chunks/node_modules_next_dist_compiled_react-dom_058-ah~._.js:8530:105)
    at commitLayoutEffectOnFiber (http://localhost:3000/_next/static/chunks/node_modules_next_dist_compiled_react-dom_058-ah~._.js:7850:17)
    at recursivelyTraverseLayoutEffects (http://localhost:3000/_next/static/chunks/node_modules_next_dist_compiled_react-dom_058-ah~._.js:8530:105)
    at commitLayoutEffectOnFiber (http://localhost:3000/_next/static/chunks/node_modules_next_dist_compiled_react-dom_058-ah~._.js:7854:17)
    at recursivelyTraverseLayoutEffects (http://localhost:3000/_next/static/chunks/node_modules_next_dist_compiled_react-dom_058-ah~._.js:8530:105)
    at commitLayoutEffectOnFiber (http://localhost:3000/_next/static/chunks/node_modules_next_dist_compiled_react-dom_058-ah~._.js:7850:17)
    at recursivelyTraverseLayoutEffects (http://localhost:3000/_next/static/chunks/node_modules_next_dist_compiled_react-dom_058-ah~._.js:8530:105)
    at commitLayoutEffectOnFiber (http://localhost:3000/_next/static/chunks/node_modules_next_dist_compiled_react-dom_058-ah~._.js:7850:17)
    at recursivelyTraverseLayoutEffects (http://localhost:3000/_next/static/chunks/node_modules_next_dist_compiled_react-dom_058-ah~._.js:8530:105)
    at commitLayoutEffectOnFiber (http://localhost:3000/_next/static/chunks/node_modules_next_dist_compiled_react-dom_058-ah~._.js:7850:17)
    at recursivelyTraverseLayoutEffects (http://localhost:3000/_next/static/chunks/node_modules_next_dist_compiled_react-dom_058-ah~._.js:8530:105)
    at commitLayoutEffectOnFiber (http://localhost:3000/_next/static/chunks/node_modules_next_dist_compiled_react-dom_058-ah~._.js:7854:17)
    at recursivelyTraverseLayoutEffects (http://localhost:3000/_next/static/chunks/node_modules_next_dist_compiled_react-dom_058-ah~._.js:8530:105)
    at commitLayoutEffectOnFiber (http://localhost:3000/_next/static/chunks/node_modules_next_dist_compiled_react-dom_058-ah~._.js:7850:17)
    at recursivelyTraverseLayoutEffects (http://localhost:3000/_next/static/chunks/node_modules_next_dist_compiled_react-dom_058-ah~._.js:8530:105)
[ 1700671ms] [LOG] [Fast Refresh] rebuilding @ http://localhost:3000/_next/static/chunks/node_modules_next_dist_115brz8._.js:2477
[ 1700955ms] [LOG] [Fast Refresh] done in 224ms @ http://localhost:3000/_next/static/chunks/node_modules_next_dist_115brz8._.js:2477
[ 1701062ms] [LOG] [Fast Refresh] rebuilding @ http://localhost:3000/_next/static/chunks/node_modules_next_dist_115brz8._.js:2477
[ 1701076ms] [LOG] [Fast Refresh] done in 116ms @ http://localhost:3000/_next/static/chunks/node_modules_next_dist_115brz8._.js:2477
[ 1701166ms] [ERROR] THREE.WebGLRenderer: Error creating WebGL context. @ http://localhost:3000/_next/static/chunks/node_modules_next_dist_115brz8._.js:3318
[ 1701171ms] Error: Error creating WebGL context.
    at new WebGLRenderer (http://localhost:3000/_next/static/chunks/node_modules_three_build_three_module_024z3_h.js:10957:31)
    at Object.configure (http://localhost:3000/_next/static/chunks/node_modules_%40react-three_fiber_dist_0gfhqo9._.js:14854:26)
    at run (http://localhost:3000/_next/static/chunks/node_modules_%40react-three_fiber_dist_0gfhqo9._.js:15499:40)
    at CanvasImpl.useIsomorphicLayoutEffect (http://localhost:3000/_next/static/chunks/node_modules_%40react-three_fiber_dist_0gfhqo9._.js:15552:17)
    at Object.react_stack_bottom_frame (http://localhost:3000/_next/static/chunks/node_modules_next_dist_compiled_react-dom_058-ah~._.js:15087:22)
    at runWithFiberInDEV (http://localhost:3000/_next/static/chunks/node_modules_next_dist_compiled_react-dom_058-ah~._.js:965:74)
    at commitHookEffectListMount (http://localhost:3000/_next/static/chunks/node_modules_next_dist_compiled_react-dom_058-ah~._.js:7255:167)
    at commitHookLayoutEffects (http://localhost:3000/_next/static/chunks/node_modules_next_dist_compiled_react-dom_058-ah~._.js:7243:60)
    at commitLayoutEffectOnFiber (http://localhost:3000/_next/static/chunks/node_modules_next_dist_compiled_react-dom_058-ah~._.js:7851:30)
    at recursivelyTraverseLayoutEffects (http://localhost:3000/_next/static/chunks/node_modules_next_dist_compiled_react-dom_058-ah~._.js:8530:105)
    at commitLayoutEffectOnFiber (http://localhost:3000/_next/static/chunks/node_modules_next_dist_compiled_react-dom_058-ah~._.js:7948:17)
    at recursivelyTraverseLayoutEffects (http://localhost:3000/_next/static/chunks/node_modules_next_dist_compiled_react-dom_058-ah~._.js:8530:105)
    at commitLayoutEffectOnFiber (http://localhost:3000/_next/static/chunks/node_modules_next_dist_compiled_react-dom_058-ah~._.js:7854:17)
    at recursivelyTraverseLayoutEffects (http://localhost:3000/_next/static/chunks/node_modules_next_dist_compiled_react-dom_058-ah~._.js:8530:105)
    at commitLayoutEffectOnFiber (http://localhost:3000/_next/static/chunks/node_modules_next_dist_compiled_react-dom_058-ah~._.js:7850:17)
    at recursivelyTraverseLayoutEffects (http://localhost:3000/_next/static/chunks/node_modules_next_dist_compiled_react-dom_058-ah~._.js:8530:105)
    at commitLayoutEffectOnFiber (http://localhost:3000/_next/static/chunks/node_modules_next_dist_compiled_react-dom_058-ah~._.js:7890:17)
    at recursivelyTraverseLayoutEffects (http://localhost:3000/_next/static/chunks/node_modules_next_dist_compiled_react-dom_058-ah~._.js:8530:105)
    at commitLayoutEffectOnFiber (http://localhost:3000/_next/static/chunks/node_modules_next_dist_compiled_react-dom_058-ah~._.js:7850:17)
    at recursivelyTraverseLayoutEffects (http://localhost:3000/_next/static/chunks/node_modules_next_dist_compiled_react-dom_058-ah~._.js:8530:105)
    at commitLayoutEffectOnFiber (http://localhost:3000/_next/static/chunks/node_modules_next_dist_compiled_react-dom_058-ah~._.js:7890:17)
    at recursivelyTraverseLayoutEffects (http://localhost:3000/_next/static/chunks/node_modules_next_dist_compiled_react-dom_058-ah~._.js:8530:105)
    at commitLayoutEffectOnFiber (http://localhost:3000/_next/static/chunks/node_modules_next_dist_compiled_react-dom_058-ah~._.js:7890:17)
    at recursivelyTraverseLayoutEffects (http://localhost:3000/_next/static/chunks/node_modules_next_dist_compiled_react-dom_058-ah~._.js:8530:105)
    at commitLayoutEffectOnFiber (http://localhost:3000/_next/static/chunks/node_modules_next_dist_compiled_react-dom_058-ah~._.js:7948:17)
    at recursivelyTraverseLayoutEffects (http://localhost:3000/_next/static/chunks/node_modules_next_dist_compiled_react-dom_058-ah~._.js:8530:105)
    at commitLayoutEffectOnFiber (http://localhost:3000/_next/static/chunks/node_modules_next_dist_compiled_react-dom_058-ah~._.js:7850:17)
    at recursivelyTraverseLayoutEffects (http://localhost:3000/_next/static/chunks/node_modules_next_dist_compiled_react-dom_058-ah~._.js:8530:105)
    at commitLayoutEffectOnFiber (http://localhost:3000/_next/static/chunks/node_modules_next_dist_compiled_react-dom_058-ah~._.js:7948:17)
    at recursivelyTraverseLayoutEffects (http://localhost:3000/_next/static/chunks/node_modules_next_dist_compiled_react-dom_058-ah~._.js:8530:105)
    at commitLayoutEffectOnFiber (http://localhost:3000/_next/static/chunks/node_modules_next_dist_compiled_react-dom_058-ah~._.js:7948:17)
    at recursivelyTraverseLayoutEffects (http://localhost:3000/_next/static/chunks/node_modules_next_dist_compiled_react-dom_058-ah~._.js:8530:105)
    at commitLayoutEffectOnFiber (http://localhost:3000/_next/static/chunks/node_modules_next_dist_compiled_react-dom_058-ah~._.js:7850:17)
    at recursivelyTraverseLayoutEffects (http://localhost:3000/_next/static/chunks/node_modules_next_dist_compiled_react-dom_058-ah~._.js:8530:105)
    at commitLayoutEffectOnFiber (http://localhost:3000/_next/static/chunks/node_modules_next_dist_compiled_react-dom_058-ah~._.js:7854:17)
    at recursivelyTraverseLayoutEffects (http://localhost:3000/_next/static/chunks/node_modules_next_dist_compiled_react-dom_058-ah~._.js:8530:105)
    at commitLayoutEffectOnFiber (http://localhost:3000/_next/static/chunks/node_modules_next_dist_compiled_react-dom_058-ah~._.js:7850:17)
    at recursivelyTraverseLayoutEffects (http://localhost:3000/_next/static/chunks/node_modules_next_dist_compiled_react-dom_058-ah~._.js:8530:105)
    at commitLayoutEffectOnFiber (http://localhost:3000/_next/static/chunks/node_modules_next_dist_compiled_react-dom_058-ah~._.js:7854:17)
    at recursivelyTraverseLayoutEffects (http://localhost:3000/_next/static/chunks/node_modules_next_dist_compiled_react-dom_058-ah~._.js:8530:105)
    at commitLayoutEffectOnFiber (http://localhost:3000/_next/static/chunks/node_modules_next_dist_compiled_react-dom_058-ah~._.js:7850:17)
    at recursivelyTraverseLayoutEffects (http://localhost:3000/_next/static/chunks/node_modules_next_dist_compiled_react-dom_058-ah~._.js:8530:105)
    at commitLayoutEffectOnFiber (http://localhost:3000/_next/static/chunks/node_modules_next_dist_compiled_react-dom_058-ah~._.js:7850:17)
    at recursivelyTraverseLayoutEffects (http://localhost:3000/_next/static/chunks/node_modules_next_dist_compiled_react-dom_058-ah~._.js:8530:105)
    at commitLayoutEffectOnFiber (http://localhost:3000/_next/static/chunks/node_modules_next_dist_compiled_react-dom_058-ah~._.js:7850:17)
    at recursivelyTraverseLayoutEffects (http://localhost:3000/_next/static/chunks/node_modules_next_dist_compiled_react-dom_058-ah~._.js:8530:105)
    at commitLayoutEffectOnFiber (http://localhost:3000/_next/static/chunks/node_modules_next_dist_compiled_react-dom_058-ah~._.js:7854:17)
    at recursivelyTraverseLayoutEffects (http://localhost:3000/_next/static/chunks/node_modules_next_dist_compiled_react-dom_058-ah~._.js:8530:105)
    at commitLayoutEffectOnFiber (http://localhost:3000/_next/static/chunks/node_modules_next_dist_compiled_react-dom_058-ah~._.js:7850:17)
    at recursivelyTraverseLayoutEffects (http://localhost:3000/_next/static/chunks/node_modules_next_dist_compiled_react-dom_058-ah~._.js:8530:105)
[ 1706713ms] [LOG] [Fast Refresh] rebuilding @ http://localhost:3000/_next/static/chunks/node_modules_next_dist_115brz8._.js:2477
[ 1706896ms] [LOG] [Fast Refresh] done in 151ms @ http://localhost:3000/_next/static/chunks/node_modules_next_dist_115brz8._.js:2477
[ 1706996ms] [ERROR] THREE.WebGLRenderer: Error creating WebGL context. @ http://localhost:3000/_next/static/chunks/node_modules_next_dist_115brz8._.js:3318
[ 1707005ms] Error: Error creating WebGL context.
    at new WebGLRenderer (http://localhost:3000/_next/static/chunks/node_modules_three_build_three_module_024z3_h.js:10957:31)
    at Object.configure (http://localhost:3000/_next/static/chunks/node_modules_%40react-three_fiber_dist_0gfhqo9._.js:14854:26)
    at run (http://localhost:3000/_next/static/chunks/node_modules_%40react-three_fiber_dist_0gfhqo9._.js:15499:40)
    at CanvasImpl.useIsomorphicLayoutEffect (http://localhost:3000/_next/static/chunks/node_modules_%40react-three_fiber_dist_0gfhqo9._.js:15552:17)
    at Object.react_stack_bottom_frame (http://localhost:3000/_next/static/chunks/node_modules_next_dist_compiled_react-dom_058-ah~._.js:15087:22)
    at runWithFiberInDEV (http://localhost:3000/_next/static/chunks/node_modules_next_dist_compiled_react-dom_058-ah~._.js:965:74)
    at commitHookEffectListMount (http://localhost:3000/_next/static/chunks/node_modules_next_dist_compiled_react-dom_058-ah~._.js:7255:167)
    at commitHookLayoutEffects (http://localhost:3000/_next/static/chunks/node_modules_next_dist_compiled_react-dom_058-ah~._.js:7243:60)
    at commitLayoutEffectOnFiber (http://localhost:3000/_next/static/chunks/node_modules_next_dist_compiled_react-dom_058-ah~._.js:7851:30)
    at recursivelyTraverseLayoutEffects (http://localhost:3000/_next/static/chunks/node_modules_next_dist_compiled_react-dom_058-ah~._.js:8530:105)
    at commitLayoutEffectOnFiber (http://localhost:3000/_next/static/chunks/node_modules_next_dist_compiled_react-dom_058-ah~._.js:7948:17)
    at recursivelyTraverseLayoutEffects (http://localhost:3000/_next/static/chunks/node_modules_next_dist_compiled_react-dom_058-ah~._.js:8530:105)
    at commitLayoutEffectOnFiber (http://localhost:3000/_next/static/chunks/node_modules_next_dist_compiled_react-dom_058-ah~._.js:7854:17)
    at recursivelyTraverseLayoutEffects (http://localhost:3000/_next/static/chunks/node_modules_next_dist_compiled_react-dom_058-ah~._.js:8530:105)
    at commitLayoutEffectOnFiber (http://localhost:3000/_next/static/chunks/node_modules_next_dist_compiled_react-dom_058-ah~._.js:7850:17)
    at recursivelyTraverseLayoutEffects (http://localhost:3000/_next/static/chunks/node_modules_next_dist_compiled_react-dom_058-ah~._.js:8530:105)
    at commitLayoutEffectOnFiber (http://localhost:3000/_next/static/chunks/node_modules_next_dist_compiled_react-dom_058-ah~._.js:7890:17)
    at recursivelyTraverseLayoutEffects (http://localhost:3000/_next/static/chunks/node_modules_next_dist_compiled_react-dom_058-ah~._.js:8530:105)
    at commitLayoutEffectOnFiber (http://localhost:3000/_next/static/chunks/node_modules_next_dist_compiled_react-dom_058-ah~._.js:7850:17)
    at recursivelyTraverseLayoutEffects (http://localhost:3000/_next/static/chunks/node_modules_next_dist_compiled_react-dom_058-ah~._.js:8530:105)
    at commitLayoutEffectOnFiber (http://localhost:3000/_next/static/chunks/node_modules_next_dist_compiled_react-dom_058-ah~._.js:7890:17)
    at recursivelyTraverseLayoutEffects (http://localhost:3000/_next/static/chunks/node_modules_next_dist_compiled_react-dom_058-ah~._.js:8530:105)
    at commitLayoutEffectOnFiber (http://localhost:3000/_next/static/chunks/node_modules_next_dist_compiled_react-dom_058-ah~._.js:7890:17)
    at recursivelyTraverseLayoutEffects (http://localhost:3000/_next/static/chunks/node_modules_next_dist_compiled_react-dom_058-ah~._.js:8530:105)
    at commitLayoutEffectOnFiber (http://localhost:3000/_next/static/chunks/node_modules_next_dist_compiled_react-dom_058-ah~._.js:7948:17)
    at recursivelyTraverseLayoutEffects (http://localhost:3000/_next/static/chunks/node_modules_next_dist_compiled_react-dom_058-ah~._.js:8530:105)
    at commitLayoutEffectOnFiber (http://localhost:3000/_next/static/chunks/node_modules_next_dist_compiled_react-dom_058-ah~._.js:7850:17)
    at recursivelyTraverseLayoutEffects (http://localhost:3000/_next/static/chunks/node_modules_next_dist_compiled_react-dom_058-ah~._.js:8530:105)
    at commitLayoutEffectOnFiber (http://localhost:3000/_next/static/chunks/node_modules_next_dist_compiled_react-dom_058-ah~._.js:7948:17)
    at recursivelyTraverseLayoutEffects (http://localhost:3000/_next/static/chunks/node_modules_next_dist_compiled_react-dom_058-ah~._.js:8530:105)
    at commitLayoutEffectOnFiber (http://localhost:3000/_next/static/chunks/node_modules_next_dist_compiled_react-dom_058-ah~._.js:7948:17)
    at recursivelyTraverseLayoutEffects (http://localhost:3000/_next/static/chunks/node_modules_next_dist_compiled_react-dom_058-ah~._.js:8530:105)
    at commitLayoutEffectOnFiber (http://localhost:3000/_next/static/chunks/node_modules_next_dist_compiled_react-dom_058-ah~._.js:7850:17)
    at recursivelyTraverseLayoutEffects (http://localhost:3000/_next/static/chunks/node_modules_next_dist_compiled_react-dom_058-ah~._.js:8530:105)
    at commitLayoutEffectOnFiber (http://localhost:3000/_next/static/chunks/node_modules_next_dist_compiled_react-dom_058-ah~._.js:7854:17)
    at recursivelyTraverseLayoutEffects (http://localhost:3000/_next/static/chunks/node_modules_next_dist_compiled_react-dom_058-ah~._.js:8530:105)
    at commitLayoutEffectOnFiber (http://localhost:3000/_next/static/chunks/node_modules_next_dist_compiled_react-dom_058-ah~._.js:7850:17)
    at recursivelyTraverseLayoutEffects (http://localhost:3000/_next/static/chunks/node_modules_next_dist_compiled_react-dom_058-ah~._.js:8530:105)
    at commitLayoutEffectOnFiber (http://localhost:3000/_next/static/chunks/node_modules_next_dist_compiled_react-dom_058-ah~._.js:7854:17)
    at recursivelyTraverseLayoutEffects (http://localhost:3000/_next/static/chunks/node_modules_next_dist_compiled_react-dom_058-ah~._.js:8530:105)
    at commitLayoutEffectOnFiber (http://localhost:3000/_next/static/chunks/node_modules_next_dist_compiled_react-dom_058-ah~._.js:7850:17)
    at recursivelyTraverseLayoutEffects (http://localhost:3000/_next/static/chunks/node_modules_next_dist_compiled_react-dom_058-ah~._.js:8530:105)
    at commitLayoutEffectOnFiber (http://localhost:3000/_next/static/chunks/node_modules_next_dist_compiled_react-dom_058-ah~._.js:7850:17)
    at recursivelyTraverseLayoutEffects (http://localhost:3000/_next/static/chunks/node_modules_next_dist_compiled_react-dom_058-ah~._.js:8530:105)
    at commitLayoutEffectOnFiber (http://localhost:3000/_next/static/chunks/node_modules_next_dist_compiled_react-dom_058-ah~._.js:7850:17)
    at recursivelyTraverseLayoutEffects (http://localhost:3000/_next/static/chunks/node_modules_next_dist_compiled_react-dom_058-ah~._.js:8530:105)
    at commitLayoutEffectOnFiber (http://localhost:3000/_next/static/chunks/node_modules_next_dist_compiled_react-dom_058-ah~._.js:7854:17)
    at recursivelyTraverseLayoutEffects (http://localhost:3000/_next/static/chunks/node_modules_next_dist_compiled_react-dom_058-ah~._.js:8530:105)
    at commitLayoutEffectOnFiber (http://localhost:3000/_next/static/chunks/node_modules_next_dist_compiled_react-dom_058-ah~._.js:7850:17)
    at recursivelyTraverseLayoutEffects (http://localhost:3000/_next/static/chunks/node_modules_next_dist_compiled_react-dom_058-ah~._.js:8530:105)
[ 1736938ms] [LOG] [Fast Refresh] rebuilding @ http://localhost:3000/_next/static/chunks/node_modules_next_dist_115brz8._.js:2477
[ 1737286ms] [LOG] [Fast Refresh] done in 448ms @ http://localhost:3000/_next/static/chunks/node_modules_next_dist_115brz8._.js:2477
[ 1825649ms] [LOG] [Fast Refresh] rebuilding @ http://localhost:3000/_next/static/chunks/node_modules_next_dist_115brz8._.js:2477
[ 1825703ms] [LOG] [Fast Refresh] done in 155ms @ http://localhost:3000/_next/static/chunks/node_modules_next_dist_115brz8._.js:2477
[ 1886522ms] [LOG] [Fast Refresh] rebuilding @ http://localhost:3000/_next/static/chunks/node_modules_next_dist_115brz8._.js:2477
[ 1886568ms] [LOG] [Fast Refresh] done in 147ms @ http://localhost:3000/_next/static/chunks/node_modules_next_dist_115brz8._.js:2477
[ 1946342ms] [LOG] [Fast Refresh] rebuilding @ http://localhost:3000/_next/static/chunks/node_modules_next_dist_115brz8._.js:2477
[ 1946375ms] [LOG] [Fast Refresh] done in 136ms @ http://localhost:3000/_next/static/chunks/node_modules_next_dist_115brz8._.js:2477
[ 2397361ms] [LOG] [Fast Refresh] rebuilding @ http://localhost:3000/_next/static/chunks/node_modules_next_dist_115brz8._.js:2477
[ 2397529ms] [LOG] [Fast Refresh] done in 140ms @ http://localhost:3000/_next/static/chunks/node_modules_next_dist_115brz8._.js:2477
[ 2397626ms] [ERROR] THREE.WebGLRenderer: Error creating WebGL context. @ http://localhost:3000/_next/static/chunks/node_modules_next_dist_115brz8._.js:3318
[ 2397633ms] Error: Error creating WebGL context.
    at new WebGLRenderer (http://localhost:3000/_next/static/chunks/node_modules_three_build_three_module_024z3_h.js:10957:31)
    at Object.configure (http://localhost:3000/_next/static/chunks/node_modules_%40react-three_fiber_dist_0gfhqo9._.js:14854:26)
    at run (http://localhost:3000/_next/static/chunks/node_modules_%40react-three_fiber_dist_0gfhqo9._.js:15499:40)
    at CanvasImpl.useIsomorphicLayoutEffect (http://localhost:3000/_next/static/chunks/node_modules_%40react-three_fiber_dist_0gfhqo9._.js:15552:17)
    at Object.react_stack_bottom_frame (http://localhost:3000/_next/static/chunks/node_modules_next_dist_compiled_react-dom_058-ah~._.js:15087:22)
    at runWithFiberInDEV (http://localhost:3000/_next/static/chunks/node_modules_next_dist_compiled_react-dom_058-ah~._.js:965:74)
    at commitHookEffectListMount (http://localhost:3000/_next/static/chunks/node_modules_next_dist_compiled_react-dom_058-ah~._.js:7255:167)
    at commitHookLayoutEffects (http://localhost:3000/_next/static/chunks/node_modules_next_dist_compiled_react-dom_058-ah~._.js:7243:60)
    at commitLayoutEffectOnFiber (http://localhost:3000/_next/static/chunks/node_modules_next_dist_compiled_react-dom_058-ah~._.js:7851:30)
    at recursivelyTraverseLayoutEffects (http://localhost:3000/_next/static/chunks/node_modules_next_dist_compiled_react-dom_058-ah~._.js:8530:105)
    at commitLayoutEffectOnFiber (http://localhost:3000/_next/static/chunks/node_modules_next_dist_compiled_react-dom_058-ah~._.js:7948:17)
    at recursivelyTraverseLayoutEffects (http://localhost:3000/_next/static/chunks/node_modules_next_dist_compiled_react-dom_058-ah~._.js:8530:105)
    at commitLayoutEffectOnFiber (http://localhost:3000/_next/static/chunks/node_modules_next_dist_compiled_react-dom_058-ah~._.js:7854:17)
    at recursivelyTraverseLayoutEffects (http://localhost:3000/_next/static/chunks/node_modules_next_dist_compiled_react-dom_058-ah~._.js:8530:105)
    at commitLayoutEffectOnFiber (http://localhost:3000/_next/static/chunks/node_modules_next_dist_compiled_react-dom_058-ah~._.js:7850:17)
    at recursivelyTraverseLayoutEffects (http://localhost:3000/_next/static/chunks/node_modules_next_dist_compiled_react-dom_058-ah~._.js:8530:105)
    at commitLayoutEffectOnFiber (http://localhost:3000/_next/static/chunks/node_modules_next_dist_compiled_react-dom_058-ah~._.js:7890:17)
    at recursivelyTraverseLayoutEffects (http://localhost:3000/_next/static/chunks/node_modules_next_dist_compiled_react-dom_058-ah~._.js:8530:105)
    at commitLayoutEffectOnFiber (http://localhost:3000/_next/static/chunks/node_modules_next_dist_compiled_react-dom_058-ah~._.js:7850:17)
    at recursivelyTraverseLayoutEffects (http://localhost:3000/_next/static/chunks/node_modules_next_dist_compiled_react-dom_058-ah~._.js:8530:105)
    at commitLayoutEffectOnFiber (http://localhost:3000/_next/static/chunks/node_modules_next_dist_compiled_react-dom_058-ah~._.js:7890:17)
    at recursivelyTraverseLayoutEffects (http://localhost:3000/_next/static/chunks/node_modules_next_dist_compiled_react-dom_058-ah~._.js:8530:105)
    at commitLayoutEffectOnFiber (http://localhost:3000/_next/static/chunks/node_modules_next_dist_compiled_react-dom_058-ah~._.js:7890:17)
    at recursivelyTraverseLayoutEffects (http://localhost:3000/_next/static/chunks/node_modules_next_dist_compiled_react-dom_058-ah~._.js:8530:105)
    at commitLayoutEffectOnFiber (http://localhost:3000/_next/static/chunks/node_modules_next_dist_compiled_react-dom_058-ah~._.js:7948:17)
    at recursivelyTraverseLayoutEffects (http://localhost:3000/_next/static/chunks/node_modules_next_dist_compiled_react-dom_058-ah~._.js:8530:105)
    at commitLayoutEffectOnFiber (http://localhost:3000/_next/static/chunks/node_modules_next_dist_compiled_react-dom_058-ah~._.js:7850:17)
    at recursivelyTraverseLayoutEffects (http://localhost:3000/_next/static/chunks/node_modules_next_dist_compiled_react-dom_058-ah~._.js:8530:105)
    at commitLayoutEffectOnFiber (http://localhost:3000/_next/static/chunks/node_modules_next_dist_compiled_react-dom_058-ah~._.js:7948:17)
    at recursivelyTraverseLayoutEffects (http://localhost:3000/_next/static/chunks/node_modules_next_dist_compiled_react-dom_058-ah~._.js:8530:105)
    at commitLayoutEffectOnFiber (http://localhost:3000/_next/static/chunks/node_modules_next_dist_compiled_react-dom_058-ah~._.js:7948:17)
    at recursivelyTraverseLayoutEffects (http://localhost:3000/_next/static/chunks/node_modules_next_dist_compiled_react-dom_058-ah~._.js:8530:105)
    at commitLayoutEffectOnFiber (http://localhost:3000/_next/static/chunks/node_modules_next_dist_compiled_react-dom_058-ah~._.js:7850:17)
    at recursivelyTraverseLayoutEffects (http://localhost:3000/_next/static/chunks/node_modules_next_dist_compiled_react-dom_058-ah~._.js:8530:105)
    at commitLayoutEffectOnFiber (http://localhost:3000/_next/static/chunks/node_modules_next_dist_compiled_react-dom_058-ah~._.js:7854:17)
    at recursivelyTraverseLayoutEffects (http://localhost:3000/_next/static/chunks/node_modules_next_dist_compiled_react-dom_058-ah~._.js:8530:105)
    at commitLayoutEffectOnFiber (http://localhost:3000/_next/static/chunks/node_modules_next_dist_compiled_react-dom_058-ah~._.js:7850:17)
    at recursivelyTraverseLayoutEffects (http://localhost:3000/_next/static/chunks/node_modules_next_dist_compiled_react-dom_058-ah~._.js:8530:105)
    at commitLayoutEffectOnFiber (http://localhost:3000/_next/static/chunks/node_modules_next_dist_compiled_react-dom_058-ah~._.js:7854:17)
    at recursivelyTraverseLayoutEffects (http://localhost:3000/_next/static/chunks/node_modules_next_dist_compiled_react-dom_058-ah~._.js:8530:105)
    at commitLayoutEffectOnFiber (http://localhost:3000/_next/static/chunks/node_modules_next_dist_compiled_react-dom_058-ah~._.js:7850:17)
    at recursivelyTraverseLayoutEffects (http://localhost:3000/_next/static/chunks/node_modules_next_dist_compiled_react-dom_058-ah~._.js:8530:105)
    at commitLayoutEffectOnFiber (http://localhost:3000/_next/static/chunks/node_modules_next_dist_compiled_react-dom_058-ah~._.js:7850:17)
    at recursivelyTraverseLayoutEffects (http://localhost:3000/_next/static/chunks/node_modules_next_dist_compiled_react-dom_058-ah~._.js:8530:105)
    at commitLayoutEffectOnFiber (http://localhost:3000/_next/static/chunks/node_modules_next_dist_compiled_react-dom_058-ah~._.js:7850:17)
    at recursivelyTraverseLayoutEffects (http://localhost:3000/_next/static/chunks/node_modules_next_dist_compiled_react-dom_058-ah~._.js:8530:105)
    at commitLayoutEffectOnFiber (http://localhost:3000/_next/static/chunks/node_modules_next_dist_compiled_react-dom_058-ah~._.js:7854:17)
    at recursivelyTraverseLayoutEffects (http://localhost:3000/_next/static/chunks/node_modules_next_dist_compiled_react-dom_058-ah~._.js:8530:105)
    at commitLayoutEffectOnFiber (http://localhost:3000/_next/static/chunks/node_modules_next_dist_compiled_react-dom_058-ah~._.js:7850:17)
    at recursivelyTraverseLayoutEffects (http://localhost:3000/_next/static/chunks/node_modules_next_dist_compiled_react-dom_058-ah~._.js:8530:105)
[ 2403068ms] [LOG] [Fast Refresh] rebuilding @ http://localhost:3000/_next/static/chunks/node_modules_next_dist_115brz8._.js:2477
[ 2403218ms] [LOG] [Fast Refresh] done in 165ms @ http://localhost:3000/_next/static/chunks/node_modules_next_dist_115brz8._.js:2477
[ 2403327ms] [LOG] [Fast Refresh] rebuilding @ http://localhost:3000/_next/static/chunks/node_modules_next_dist_115brz8._.js:2477
[ 2403738ms] [LOG] [Fast Refresh] done in 517ms @ http://localhost:3000/_next/static/chunks/node_modules_next_dist_115brz8._.js:2477
[ 2403839ms] [LOG] [Fast Refresh] rebuilding @ http://localhost:3000/_next/static/chunks/node_modules_next_dist_115brz8._.js:2477
[ 2403925ms] [LOG] [Fast Refresh] done in 187ms @ http://localhost:3000/_next/static/chunks/node_modules_next_dist_115brz8._.js:2477
[ 2404005ms] [ERROR] THREE.WebGLRenderer: Error creating WebGL context. @ http://localhost:3000/_next/static/chunks/node_modules_next_dist_115brz8._.js:3318
[ 2404010ms] Error: Error creating WebGL context.
    at new WebGLRenderer (http://localhost:3000/_next/static/chunks/node_modules_three_build_three_module_024z3_h.js:10957:31)
    at Object.configure (http://localhost:3000/_next/static/chunks/node_modules_%40react-three_fiber_dist_0gfhqo9._.js:14854:26)
    at run (http://localhost:3000/_next/static/chunks/node_modules_%40react-three_fiber_dist_0gfhqo9._.js:15499:40)
    at CanvasImpl.useIsomorphicLayoutEffect (http://localhost:3000/_next/static/chunks/node_modules_%40react-three_fiber_dist_0gfhqo9._.js:15552:17)
    at Object.react_stack_bottom_frame (http://localhost:3000/_next/static/chunks/node_modules_next_dist_compiled_react-dom_058-ah~._.js:15087:22)
    at runWithFiberInDEV (http://localhost:3000/_next/static/chunks/node_modules_next_dist_compiled_react-dom_058-ah~._.js:965:74)
    at commitHookEffectListMount (http://localhost:3000/_next/static/chunks/node_modules_next_dist_compiled_react-dom_058-ah~._.js:7255:167)
    at commitHookLayoutEffects (http://localhost:3000/_next/static/chunks/node_modules_next_dist_compiled_react-dom_058-ah~._.js:7243:60)
    at commitLayoutEffectOnFiber (http://localhost:3000/_next/static/chunks/node_modules_next_dist_compiled_react-dom_058-ah~._.js:7851:30)
    at recursivelyTraverseLayoutEffects (http://localhost:3000/_next/static/chunks/node_modules_next_dist_compiled_react-dom_058-ah~._.js:8530:105)
    at commitLayoutEffectOnFiber (http://localhost:3000/_next/static/chunks/node_modules_next_dist_compiled_react-dom_058-ah~._.js:7948:17)
    at recursivelyTraverseLayoutEffects (http://localhost:3000/_next/static/chunks/node_modules_next_dist_compiled_react-dom_058-ah~._.js:8530:105)
    at commitLayoutEffectOnFiber (http://localhost:3000/_next/static/chunks/node_modules_next_dist_compiled_react-dom_058-ah~._.js:7854:17)
    at recursivelyTraverseLayoutEffects (http://localhost:3000/_next/static/chunks/node_modules_next_dist_compiled_react-dom_058-ah~._.js:8530:105)
    at commitLayoutEffectOnFiber (http://localhost:3000/_next/static/chunks/node_modules_next_dist_compiled_react-dom_058-ah~._.js:7850:17)
    at recursivelyTraverseLayoutEffects (http://localhost:3000/_next/static/chunks/node_modules_next_dist_compiled_react-dom_058-ah~._.js:8530:105)
    at commitLayoutEffectOnFiber (http://localhost:3000/_next/static/chunks/node_modules_next_dist_compiled_react-dom_058-ah~._.js:7890:17)
    at recursivelyTraverseLayoutEffects (http://localhost:3000/_next/static/chunks/node_modules_next_dist_compiled_react-dom_058-ah~._.js:8530:105)
    at commitLayoutEffectOnFiber (http://localhost:3000/_next/static/chunks/node_modules_next_dist_compiled_react-dom_058-ah~._.js:7850:17)
    at recursivelyTraverseLayoutEffects (http://localhost:3000/_next/static/chunks/node_modules_next_dist_compiled_react-dom_058-ah~._.js:8530:105)
    at commitLayoutEffectOnFiber (http://localhost:3000/_next/static/chunks/node_modules_next_dist_compiled_react-dom_058-ah~._.js:7890:17)
    at recursivelyTraverseLayoutEffects (http://localhost:3000/_next/static/chunks/node_modules_next_dist_compiled_react-dom_058-ah~._.js:8530:105)
    at commitLayoutEffectOnFiber (http://localhost:3000/_next/static/chunks/node_modules_next_dist_compiled_react-dom_058-ah~._.js:7890:17)
    at recursivelyTraverseLayoutEffects (http://localhost:3000/_next/static/chunks/node_modules_next_dist_compiled_react-dom_058-ah~._.js:8530:105)
    at commitLayoutEffectOnFiber (http://localhost:3000/_next/static/chunks/node_modules_next_dist_compiled_react-dom_058-ah~._.js:7948:17)
    at recursivelyTraverseLayoutEffects (http://localhost:3000/_next/static/chunks/node_modules_next_dist_compiled_react-dom_058-ah~._.js:8530:105)
    at commitLayoutEffectOnFiber (http://localhost:3000/_next/static/chunks/node_modules_next_dist_compiled_react-dom_058-ah~._.js:7850:17)
    at recursivelyTraverseLayoutEffects (http://localhost:3000/_next/static/chunks/node_modules_next_dist_compiled_react-dom_058-ah~._.js:8530:105)
    at commitLayoutEffectOnFiber (http://localhost:3000/_next/static/chunks/node_modules_next_dist_compiled_react-dom_058-ah~._.js:7948:17)
    at recursivelyTraverseLayoutEffects (http://localhost:3000/_next/static/chunks/node_modules_next_dist_compiled_react-dom_058-ah~._.js:8530:105)
    at commitLayoutEffectOnFiber (http://localhost:3000/_next/static/chunks/node_modules_next_dist_compiled_react-dom_058-ah~._.js:7948:17)
    at recursivelyTraverseLayoutEffects (http://localhost:3000/_next/static/chunks/node_modules_next_dist_compiled_react-dom_058-ah~._.js:8530:105)
    at commitLayoutEffectOnFiber (http://localhost:3000/_next/static/chunks/node_modules_next_dist_compiled_react-dom_058-ah~._.js:7850:17)
    at recursivelyTraverseLayoutEffects (http://localhost:3000/_next/static/chunks/node_modules_next_dist_compiled_react-dom_058-ah~._.js:8530:105)
    at commitLayoutEffectOnFiber (http://localhost:3000/_next/static/chunks/node_modules_next_dist_compiled_react-dom_058-ah~._.js:7854:17)
    at recursivelyTraverseLayoutEffects (http://localhost:3000/_next/static/chunks/node_modules_next_dist_compiled_react-dom_058-ah~._.js:8530:105)
    at commitLayoutEffectOnFiber (http://localhost:3000/_next/static/chunks/node_modules_next_dist_compiled_react-dom_058-ah~._.js:7850:17)
    at recursivelyTraverseLayoutEffects (http://localhost:3000/_next/static/chunks/node_modules_next_dist_compiled_react-dom_058-ah~._.js:8530:105)
    at commitLayoutEffectOnFiber (http://localhost:3000/_next/static/chunks/node_modules_next_dist_compiled_react-dom_058-ah~._.js:7854:17)
    at recursivelyTraverseLayoutEffects (http://localhost:3000/_next/static/chunks/node_modules_next_dist_compiled_react-dom_058-ah~._.js:8530:105)
    at commitLayoutEffectOnFiber (http://localhost:3000/_next/static/chunks/node_modules_next_dist_compiled_react-dom_058-ah~._.js:7850:17)
    at recursivelyTraverseLayoutEffects (http://localhost:3000/_next/static/chunks/node_modules_next_dist_compiled_react-dom_058-ah~._.js:8530:105)
    at commitLayoutEffectOnFiber (http://localhost:3000/_next/static/chunks/node_modules_next_dist_compiled_react-dom_058-ah~._.js:7850:17)
    at recursivelyTraverseLayoutEffects (http://localhost:3000/_next/static/chunks/node_modules_next_dist_compiled_react-dom_058-ah~._.js:8530:105)
    at commitLayoutEffectOnFiber (http://localhost:3000/_next/static/chunks/node_modules_next_dist_compiled_react-dom_058-ah~._.js:7850:17)
    at recursivelyTraverseLayoutEffects (http://localhost:3000/_next/static/chunks/node_modules_next_dist_compiled_react-dom_058-ah~._.js:8530:105)
    at commitLayoutEffectOnFiber (http://localhost:3000/_next/static/chunks/node_modules_next_dist_compiled_react-dom_058-ah~._.js:7854:17)
    at recursivelyTraverseLayoutEffects (http://localhost:3000/_next/static/chunks/node_modules_next_dist_compiled_react-dom_058-ah~._.js:8530:105)
    at commitLayoutEffectOnFiber (http://localhost:3000/_next/static/chunks/node_modules_next_dist_compiled_react-dom_058-ah~._.js:7850:17)
    at recursivelyTraverseLayoutEffects (http://localhost:3000/_next/static/chunks/node_modules_next_dist_compiled_react-dom_058-ah~._.js:8530:105)
[ 2410908ms] [LOG] [Fast Refresh] rebuilding @ http://localhost:3000/_next/static/chunks/node_modules_next_dist_115brz8._.js:2477
[ 2411064ms] [LOG] [Fast Refresh] done in 151ms @ http://localhost:3000/_next/static/chunks/node_modules_next_dist_115brz8._.js:2477
[ 2411173ms] [LOG] [Fast Refresh] rebuilding @ http://localhost:3000/_next/static/chunks/node_modules_next_dist_115brz8._.js:2477
[ 2411551ms] [LOG] [Fast Refresh] done in 482ms @ http://localhost:3000/_next/static/chunks/node_modules_next_dist_115brz8._.js:2477
[ 2411735ms] [ERROR] THREE.WebGLRenderer: Error creating WebGL context. @ http://localhost:3000/_next/static/chunks/node_modules_next_dist_115brz8._.js:3318
[ 2411738ms] Error: Error creating WebGL context.
    at new WebGLRenderer (http://localhost:3000/_next/static/chunks/node_modules_three_build_three_module_024z3_h.js:10957:31)
    at Object.configure (http://localhost:3000/_next/static/chunks/node_modules_%40react-three_fiber_dist_0gfhqo9._.js:14854:26)
    at run (http://localhost:3000/_next/static/chunks/node_modules_%40react-three_fiber_dist_0gfhqo9._.js:15499:40)
    at CanvasImpl.useIsomorphicLayoutEffect (http://localhost:3000/_next/static/chunks/node_modules_%40react-three_fiber_dist_0gfhqo9._.js:15552:17)
    at Object.react_stack_bottom_frame (http://localhost:3000/_next/static/chunks/node_modules_next_dist_compiled_react-dom_058-ah~._.js:15087:22)
    at runWithFiberInDEV (http://localhost:3000/_next/static/chunks/node_modules_next_dist_compiled_react-dom_058-ah~._.js:965:74)
    at commitHookEffectListMount (http://localhost:3000/_next/static/chunks/node_modules_next_dist_compiled_react-dom_058-ah~._.js:7255:167)
    at commitHookLayoutEffects (http://localhost:3000/_next/static/chunks/node_modules_next_dist_compiled_react-dom_058-ah~._.js:7243:60)
    at commitLayoutEffectOnFiber (http://localhost:3000/_next/static/chunks/node_modules_next_dist_compiled_react-dom_058-ah~._.js:7851:30)
    at recursivelyTraverseLayoutEffects (http://localhost:3000/_next/static/chunks/node_modules_next_dist_compiled_react-dom_058-ah~._.js:8530:105)
    at commitLayoutEffectOnFiber (http://localhost:3000/_next/static/chunks/node_modules_next_dist_compiled_react-dom_058-ah~._.js:7948:17)
    at recursivelyTraverseLayoutEffects (http://localhost:3000/_next/static/chunks/node_modules_next_dist_compiled_react-dom_058-ah~._.js:8530:105)
    at commitLayoutEffectOnFiber (http://localhost:3000/_next/static/chunks/node_modules_next_dist_compiled_react-dom_058-ah~._.js:7854:17)
    at recursivelyTraverseLayoutEffects (http://localhost:3000/_next/static/chunks/node_modules_next_dist_compiled_react-dom_058-ah~._.js:8530:105)
    at commitLayoutEffectOnFiber (http://localhost:3000/_next/static/chunks/node_modules_next_dist_compiled_react-dom_058-ah~._.js:7850:17)
    at recursivelyTraverseLayoutEffects (http://localhost:3000/_next/static/chunks/node_modules_next_dist_compiled_react-dom_058-ah~._.js:8530:105)
    at commitLayoutEffectOnFiber (http://localhost:3000/_next/static/chunks/node_modules_next_dist_compiled_react-dom_058-ah~._.js:7890:17)
    at recursivelyTraverseLayoutEffects (http://localhost:3000/_next/static/chunks/node_modules_next_dist_compiled_react-dom_058-ah~._.js:8530:105)
    at commitLayoutEffectOnFiber (http://localhost:3000/_next/static/chunks/node_modules_next_dist_compiled_react-dom_058-ah~._.js:7850:17)
    at recursivelyTraverseLayoutEffects (http://localhost:3000/_next/static/chunks/node_modules_next_dist_compiled_react-dom_058-ah~._.js:8530:105)
    at commitLayoutEffectOnFiber (http://localhost:3000/_next/static/chunks/node_modules_next_dist_compiled_react-dom_058-ah~._.js:7890:17)
    at recursivelyTraverseLayoutEffects (http://localhost:3000/_next/static/chunks/node_modules_next_dist_compiled_react-dom_058-ah~._.js:8530:105)
    at commitLayoutEffectOnFiber (http://localhost:3000/_next/static/chunks/node_modules_next_dist_compiled_react-dom_058-ah~._.js:7890:17)
    at recursivelyTraverseLayoutEffects (http://localhost:3000/_next/static/chunks/node_modules_next_dist_compiled_react-dom_058-ah~._.js:8530:105)
    at commitLayoutEffectOnFiber (http://localhost:3000/_next/static/chunks/node_modules_next_dist_compiled_react-dom_058-ah~._.js:7948:17)
    at recursivelyTraverseLayoutEffects (http://localhost:3000/_next/static/chunks/node_modules_next_dist_compiled_react-dom_058-ah~._.js:8530:105)
    at commitLayoutEffectOnFiber (http://localhost:3000/_next/static/chunks/node_modules_next_dist_compiled_react-dom_058-ah~._.js:7850:17)
    at recursivelyTraverseLayoutEffects (http://localhost:3000/_next/static/chunks/node_modules_next_dist_compiled_react-dom_058-ah~._.js:8530:105)
    at commitLayoutEffectOnFiber (http://localhost:3000/_next/static/chunks/node_modules_next_dist_compiled_react-dom_058-ah~._.js:7948:17)
    at recursivelyTraverseLayoutEffects (http://localhost:3000/_next/static/chunks/node_modules_next_dist_compiled_react-dom_058-ah~._.js:8530:105)
    at commitLayoutEffectOnFiber (http://localhost:3000/_next/static/chunks/node_modules_next_dist_compiled_react-dom_058-ah~._.js:7948:17)
    at recursivelyTraverseLayoutEffects (http://localhost:3000/_next/static/chunks/node_modules_next_dist_compiled_react-dom_058-ah~._.js:8530:105)
    at commitLayoutEffectOnFiber (http://localhost:3000/_next/static/chunks/node_modules_next_dist_compiled_react-dom_058-ah~._.js:7850:17)
    at recursivelyTraverseLayoutEffects (http://localhost:3000/_next/static/chunks/node_modules_next_dist_compiled_react-dom_058-ah~._.js:8530:105)
    at commitLayoutEffectOnFiber (http://localhost:3000/_next/static/chunks/node_modules_next_dist_compiled_react-dom_058-ah~._.js:7854:17)
    at recursivelyTraverseLayoutEffects (http://localhost:3000/_next/static/chunks/node_modules_next_dist_compiled_react-dom_058-ah~._.js:8530:105)
    at commitLayoutEffectOnFiber (http://localhost:3000/_next/static/chunks/node_modules_next_dist_compiled_react-dom_058-ah~._.js:7850:17)
    at recursivelyTraverseLayoutEffects (http://localhost:3000/_next/static/chunks/node_modules_next_dist_compiled_react-dom_058-ah~._.js:8530:105)
    at commitLayoutEffectOnFiber (http://localhost:3000/_next/static/chunks/node_modules_next_dist_compiled_react-dom_058-ah~._.js:7854:17)
    at recursivelyTraverseLayoutEffects (http://localhost:3000/_next/static/chunks/node_modules_next_dist_compiled_react-dom_058-ah~._.js:8530:105)
    at commitLayoutEffectOnFiber (http://localhost:3000/_next/static/chunks/node_modules_next_dist_compiled_react-dom_058-ah~._.js:7850:17)
    at recursivelyTraverseLayoutEffects (http://localhost:3000/_next/static/chunks/node_modules_next_dist_compiled_react-dom_058-ah~._.js:8530:105)
    at commitLayoutEffectOnFiber (http://localhost:3000/_next/static/chunks/node_modules_next_dist_compiled_react-dom_058-ah~._.js:7850:17)
    at recursivelyTraverseLayoutEffects (http://localhost:3000/_next/static/chunks/node_modules_next_dist_compiled_react-dom_058-ah~._.js:8530:105)
    at commitLayoutEffectOnFiber (http://localhost:3000/_next/static/chunks/node_modules_next_dist_compiled_react-dom_058-ah~._.js:7850:17)
    at recursivelyTraverseLayoutEffects (http://localhost:3000/_next/static/chunks/node_modules_next_dist_compiled_react-dom_058-ah~._.js:8530:105)
    at commitLayoutEffectOnFiber (http://localhost:3000/_next/static/chunks/node_modules_next_dist_compiled_react-dom_058-ah~._.js:7854:17)
    at recursivelyTraverseLayoutEffects (http://localhost:3000/_next/static/chunks/node_modules_next_dist_compiled_react-dom_058-ah~._.js:8530:105)
    at commitLayoutEffectOnFiber (http://localhost:3000/_next/static/chunks/node_modules_next_dist_compiled_react-dom_058-ah~._.js:7850:17)
    at recursivelyTraverseLayoutEffects (http://localhost:3000/_next/static/chunks/node_modules_next_dist_compiled_react-dom_058-ah~._.js:8530:105)
[ 2414872ms] [LOG] [Fast Refresh] rebuilding @ http://localhost:3000/_next/static/chunks/node_modules_next_dist_115brz8._.js:2477
[ 2414878ms] [LOG] [Fast Refresh] done in 106ms @ http://localhost:3000/_next/static/chunks/node_modules_next_dist_115brz8._.js:2477
[ 2442063ms] [LOG] [Fast Refresh] rebuilding @ http://localhost:3000/_next/static/chunks/node_modules_next_dist_115brz8._.js:2477
[ 2442065ms] [LOG] [Fast Refresh] done in 104ms @ http://localhost:3000/_next/static/chunks/node_modules_next_dist_115brz8._.js:2477
