[  222560ms] [LOG] [Fast Refresh] rebuilding @ http://localhost:3000/_next/static/chunks/node_modules_next_dist_115brz8._.js:2477
[  222747ms] [LOG] [Fast Refresh] done in 288ms @ http://localhost:3000/_next/static/chunks/node_modules_next_dist_115brz8._.js:2477
[  703934ms] [LOG] [Fast Refresh] rebuilding @ http://localhost:3000/_next/static/chunks/node_modules_next_dist_115brz8._.js:2477
[  707385ms] [LOG] [Fast Refresh] done in 3559ms @ http://localhost:3000/_next/static/chunks/node_modules_next_dist_115brz8._.js:2477
[  707626ms] [LOG] [Fast Refresh] rebuilding @ http://localhost:3000/_next/static/chunks/node_modules_next_dist_115brz8._.js:2477
[  707716ms] [LOG] [Fast Refresh] done in 191ms @ http://localhost:3000/_next/static/chunks/node_modules_next_dist_115brz8._.js:2477
[  707924ms] [LOG] [Fast Refresh] rebuilding @ http://localhost:3000/_next/static/chunks/node_modules_next_dist_115brz8._.js:2477
[  710469ms] [LOG] [Fast Refresh] done in 2654ms @ http://localhost:3000/_next/static/chunks/node_modules_next_dist_115brz8._.js:2477
[  710700ms] [LOG] [Fast Refresh] rebuilding @ http://localhost:3000/_next/static/chunks/node_modules_next_dist_115brz8._.js:2477
[  710723ms] [LOG] [Fast Refresh] done in 131ms @ http://localhost:3000/_next/static/chunks/node_modules_next_dist_115brz8._.js:2477
[ 1003693ms] [LOG] [Fast Refresh] rebuilding @ http://localhost:3000/_next/static/chunks/node_modules_next_dist_115brz8._.js:2477
[ 1005129ms] [LOG] [Fast Refresh] done in 1538ms @ http://localhost:3000/_next/static/chunks/node_modules_next_dist_115brz8._.js:2477
[ 1011983ms] [LOG] [Fast Refresh] rebuilding @ http://localhost:3000/_next/static/chunks/node_modules_next_dist_115brz8._.js:2477
[ 1012946ms] [LOG] [Fast Refresh] done in 1017ms @ http://localhost:3000/_next/static/chunks/node_modules_next_dist_115brz8._.js:2477
[ 1015687ms] [LOG] [Fast Refresh] rebuilding @ http://localhost:3000/_next/static/chunks/node_modules_next_dist_115brz8._.js:2477
[ 1016596ms] [LOG] [Fast Refresh] done in 954ms @ http://localhost:3000/_next/static/chunks/node_modules_next_dist_115brz8._.js:2477
[ 1027096ms] [LOG] [Fast Refresh] rebuilding @ http://localhost:3000/_next/static/chunks/node_modules_next_dist_115brz8._.js:2477
[ 1028082ms] [LOG] [Fast Refresh] done in 1036ms @ http://localhost:3000/_next/static/chunks/node_modules_next_dist_115brz8._.js:2477
[ 1045084ms] [LOG] [Fast Refresh] rebuilding @ http://localhost:3000/_next/static/chunks/node_modules_next_dist_115brz8._.js:2477
[ 1046235ms] [LOG] [Fast Refresh] done in 1198ms @ http://localhost:3000/_next/static/chunks/node_modules_next_dist_115brz8._.js:2477
[ 1087843ms] [LOG] [Fast Refresh] rebuilding @ http://localhost:3000/_next/static/chunks/node_modules_next_dist_115brz8._.js:2477
[ 1089017ms] [LOG] [Fast Refresh] done in 1123ms @ http://localhost:3000/_next/static/chunks/node_modules_next_dist_115brz8._.js:2477
[ 1089121ms] [LOG] [Fast Refresh] rebuilding @ http://localhost:3000/_next/static/chunks/node_modules_next_dist_115brz8._.js:2477
[ 1089243ms] [LOG] [Fast Refresh] done in 221ms @ http://localhost:3000/_next/static/chunks/node_modules_next_dist_115brz8._.js:2477
[ 1089365ms] [LOG] [Fast Refresh] rebuilding @ http://localhost:3000/_next/static/chunks/node_modules_next_dist_115brz8._.js:2477
[ 1090202ms] [LOG] [Fast Refresh] done in 954ms @ http://localhost:3000/_next/static/chunks/node_modules_next_dist_115brz8._.js:2477
[ 1090629ms] [INFO] %cDownload the React DevTools for a better development experience: https://react.dev/link/react-devtools font-weight:bold @ http://localhost:3000/_next/static/chunks/node_modules_next_dist_115brz8._.js:2477
[ 1090715ms] [LOG] [HMR] connected @ http://localhost:3000/_next/static/chunks/node_modules_next_dist_115brz8._.js:2477
[ 1091493ms] [LOG] [Fast Refresh] rebuilding @ http://localhost:3000/_next/static/chunks/node_modules_next_dist_115brz8._.js:2477
[ 1091904ms] [LOG] [Fast Refresh] done in 519ms @ http://localhost:3000/_next/static/chunks/node_modules_next_dist_115brz8._.js:2477
[ 1092171ms] [WARNING] THREE.Clock: This module has been deprecated. Please use THREE.Timer instead. @ http://localhost:3000/_next/static/chunks/node_modules_next_dist_115brz8._.js:2477
[ 1092277ms] [WARNING] THREE.Clock: This module has been deprecated. Please use THREE.Timer instead. @ http://localhost:3000/_next/static/chunks/node_modules_next_dist_115brz8._.js:2477
[ 1093379ms] [LOG] [Fast Refresh] rebuilding @ http://localhost:3000/_next/static/chunks/node_modules_next_dist_115brz8._.js:2477
[ 1094374ms] [LOG] [Fast Refresh] done in 1103ms @ http://localhost:3000/_next/static/chunks/node_modules_next_dist_115brz8._.js:2477
[ 1095114ms] [LOG] [Fast Refresh] rebuilding @ http://localhost:3000/_next/static/chunks/node_modules_next_dist_115brz8._.js:2477
[ 1095972ms] [LOG] [Fast Refresh] done in 958ms @ http://localhost:3000/_next/static/chunks/node_modules_next_dist_115brz8._.js:2477
[ 1117280ms] [LOG] [Fast Refresh] rebuilding @ http://localhost:3000/_next/static/chunks/node_modules_next_dist_115brz8._.js:2477
[ 1117626ms] [LOG] [Fast Refresh] done in 411ms @ http://localhost:3000/_next/static/chunks/node_modules_next_dist_115brz8._.js:2477
[ 1117753ms] [LOG] [Fast Refresh] rebuilding @ http://localhost:3000/_next/static/chunks/node_modules_next_dist_115brz8._.js:2477
[ 1117996ms] [LOG] [Fast Refresh] done in 347ms @ http://localhost:3000/_next/static/chunks/node_modules_next_dist_115brz8._.js:2477
[ 1126019ms] [LOG] [Fast Refresh] rebuilding @ http://localhost:3000/_next/static/chunks/node_modules_next_dist_115brz8._.js:2477
[ 1126402ms] [ERROR] ./app/_components/ServicesDropdown.tsx:259:6
Expression expected
  257 |           SHELL_DURATION * 0.5
  258 |         );
> 259 |     }, panelRef);
      |      ^
  260 |
  261 |     return () => context.revert();
  262 |   }, [open, prefersReducedMotion, tracePaths]);

Parsing ecmascript source code failed

Import traces:
  Client Component Browser:
    ./app/_components/ServicesDropdown.tsx [Client Component Browser]
    ./app/_components/NavLinks.tsx [Client Component Browser]
    ./app/_components/Navbar.tsx [Client Component Browser]
    ./app/_components/Navbar.tsx [Server Component]
    ./app/layout.tsx [Server Component]

  Client Component SSR:
    ./app/_components/ServicesDropdown.tsx [Client Component SSR]
    ./app/_components/NavLinks.tsx [Client Component SSR]
    ./app/_components/Navbar.tsx [Client Component SSR]
    ./app/_components/Navbar.tsx [Server Component]
    ./app/layout.tsx [Server Component] @ http://localhost:3000/_next/static/chunks/node_modules_next_dist_115brz8._.js:3318
[ 1126524ms] [ERROR] ./app/_components/ServicesDropdown.tsx:259:6
Expression expected
  257 |           SHELL_DURATION * 0.5
  258 |         );
> 259 |     }, panelRef);
      |      ^
  260 |
  261 |     return () => context.revert();
  262 |   }, [open, prefersReducedMotion, tracePaths]);

Parsing ecmascript source code failed

Import traces:
  Client Component Browser:
    ./app/_components/ServicesDropdown.tsx [Client Component Browser]
    ./app/_components/NavLinks.tsx [Client Component Browser]
    ./app/_components/Navbar.tsx [Client Component Browser]
    ./app/_components/Navbar.tsx [Server Component]
    ./app/layout.tsx [Server Component]

  Client Component SSR:
    ./app/_components/ServicesDropdown.tsx [Client Component SSR]
    ./app/_components/NavLinks.tsx [Client Component SSR]
    ./app/_components/Navbar.tsx [Client Component SSR]
    ./app/_components/Navbar.tsx [Server Component]
    ./app/layout.tsx [Server Component] @ http://localhost:3000/_next/static/chunks/node_modules_next_dist_115brz8._.js:3318
[ 1126530ms] [ERROR] ./app/_components/ServicesDropdown.tsx:259:6
Expression expected
  257 |           SHELL_DURATION * 0.5
  258 |         );
> 259 |     }, panelRef);
      |      ^
  260 |
  261 |     return () => context.revert();
  262 |   }, [open, prefersReducedMotion, tracePaths]);

Parsing ecmascript source code failed

Import traces:
  Client Component Browser:
    ./app/_components/ServicesDropdown.tsx [Client Component Browser]
    ./app/_components/NavLinks.tsx [Client Component Browser]
    ./app/_components/Navbar.tsx [Client Component Browser]
    ./app/_components/Navbar.tsx [Server Component]
    ./app/layout.tsx [Server Component]

  Client Component SSR:
    ./app/_components/ServicesDropdown.tsx [Client Component SSR]
    ./app/_components/NavLinks.tsx [Client Component SSR]
    ./app/_components/Navbar.tsx [Client Component SSR]
    ./app/_components/Navbar.tsx [Server Component]
    ./app/layout.tsx [Server Component] @ http://localhost:3000/_next/static/chunks/node_modules_next_dist_115brz8._.js:3318
[ 1126556ms] [ERROR] Failed to load resource: the server responded with a status of 500 (Internal Server Error) @ http://localhost:3000/?_rsc=q3mOO9BClNZHexY7:0
[ 1126639ms] [ERROR] ./app/_components/ServicesDropdown.tsx:259:6
Expression expected
  257 |           SHELL_DURATION * 0.5
  258 |         );
> 259 |     }, panelRef);
      |      ^
  260 |
  261 |     return () => context.revert();
  262 |   }, [open, prefersReducedMotion, tracePaths]);

Parsing ecmascript source code failed

Import traces:
  Client Component Browser:
    ./app/_components/ServicesDropdown.tsx [Client Component Browser]
    ./app/_components/NavLinks.tsx [Client Component Browser]
    ./app/_components/Navbar.tsx [Client Component Browser]
    ./app/_components/Navbar.tsx [Server Component]
    ./app/layout.tsx [Server Component]

  Client Component SSR:
    ./app/_components/ServicesDropdown.tsx [Client Component SSR]
    ./app/_components/NavLinks.tsx [Client Component SSR]
    ./app/_components/Navbar.tsx [Client Component SSR]
    ./app/_components/Navbar.tsx [Server Component]
    ./app/layout.tsx [Server Component] @ http://localhost:3000/_next/static/chunks/node_modules_next_dist_115brz8._.js:3318
[ 1126719ms] [ERROR] ./app/_components/ServicesDropdown.tsx:259:6
Expression expected
  257 |           SHELL_DURATION * 0.5
  258 |         );
> 259 |     }, panelRef);
      |      ^
  260 |
  261 |     return () => context.revert();
  262 |   }, [open, prefersReducedMotion, tracePaths]);

Parsing ecmascript source code failed

Import traces:
  Client Component Browser:
    ./app/_components/ServicesDropdown.tsx [Client Component Browser]
    ./app/_components/NavLinks.tsx [Client Component Browser]
    ./app/_components/Navbar.tsx [Client Component Browser]
    ./app/_components/Navbar.tsx [Server Component]
    ./app/layout.tsx [Server Component]

  Client Component SSR:
    ./app/_components/ServicesDropdown.tsx [Client Component SSR]
    ./app/_components/NavLinks.tsx [Client Component SSR]
    ./app/_components/Navbar.tsx [Client Component SSR]
    ./app/_components/Navbar.tsx [Server Component]
    ./app/layout.tsx [Server Component] @ http://localhost:3000/_next/static/chunks/node_modules_next_dist_115brz8._.js:3318
[ 1127136ms] [ERROR] Failed to load resource: the server responded with a status of 500 (Internal Server Error) @ http://localhost:3000/:0
[ 1127445ms] [INFO] %cDownload the React DevTools for a better development experience: https://react.dev/link/react-devtools font-weight:bold @ http://localhost:3000/_next/static/chunks/node_modules_react-dom_0bruynb._.js:15305
[ 1127499ms] Error: ./app/_components/ServicesDropdown.tsx:259:6
Expression expected
  257 |           SHELL_DURATION * 0.5
  258 |         );
> 259 |     }, panelRef);
      |      ^
  260 |
  261 |     return () => context.revert();
  262 |   }, [open, prefersReducedMotion, tracePaths]);

Parsing ecmascript source code failed

Import traces:
  Client Component Browser:
    ./app/_components/ServicesDropdown.tsx [Client Component Browser]
    ./app/_components/NavLinks.tsx [Client Component Browser]
    ./app/_components/Navbar.tsx [Client Component Browser]
    ./app/_components/Navbar.tsx [Server Component]
    ./app/layout.tsx [Server Component]

  Client Component SSR:
    ./app/_components/ServicesDropdown.tsx [Client Component SSR]
    ./app/_components/NavLinks.tsx [Client Component SSR]
    ./app/_components/Navbar.tsx [Client Component SSR]
    ./app/_components/Navbar.tsx [Server Component]
    ./app/layout.tsx [Server Component]


    at <unknown> (Error: ./app/_components/ServicesDropdown.tsx:259:6)
    at Object.getCompilationErrors (file://C:\Users\admin\Desktop\Web Dev Projects\enigma-digital\node_modules\next\dist\server\dev\hot-reloader-turbopack.js:1186:59)
    at DevBundlerService.getCompilationError (file://C:\Users\admin\Desktop\Web Dev Projects\enigma-digital\node_modules\next\dist\server\lib\dev-bundler-service.js:44:55)
    at DevServer.getCompilationError (file://C:\Users\admin\Desktop\Web Dev Projects\enigma-digital\node_modules\next\dist\server\dev\next-dev-server.js:720:42)
    at DevServer.findPageComponents (file://C:\Users\admin\Desktop\Web Dev Projects\enigma-digital\node_modules\next\dist\server\dev\next-dev-server.js:690:43)
    at async DevServer.renderErrorToResponseImpl (file://C:\Users\admin\Desktop\Web Dev Projects\enigma-digital\node_modules\next\dist\server\base-server.js:1753:26)
[ 1127496ms] [LOG] [HMR] connected @ http://localhost:3000/_next/static/chunks/node_modules_next_dist_0u_w_5s._.js:1226
[ 1127501ms] [ERROR] ./app/_components/ServicesDropdown.tsx:259:6
Expression expected
  257 |           SHELL_DURATION * 0.5
  258 |         );
> 259 |     }, panelRef);
      |      ^
  260 |
  261 |     return () => context.revert();
  262 |   }, [open, prefersReducedMotion, tracePaths]);

Parsing ecmascript source code failed

Import traces:
  Client Component Browser:
    ./app/_components/ServicesDropdown.tsx [Client Component Browser]
    ./app/_components/NavLinks.tsx [Client Component Browser]
    ./app/_components/Navbar.tsx [Client Component Browser]
    ./app/_components/Navbar.tsx [Server Component]
    ./app/layout.tsx [Server Component]

  Client Component SSR:
    ./app/_components/ServicesDropdown.tsx [Client Component SSR]
    ./app/_components/NavLinks.tsx [Client Component SSR]
    ./app/_components/Navbar.tsx [Client Component SSR]
    ./app/_components/Navbar.tsx [Server Component]
    ./app/layout.tsx [Server Component] @ http://localhost:3000/_next/static/chunks/node_modules_next_dist_0u_w_5s._.js:1945
[ 1127502ms] [ERROR] ./app/_components/ServicesDropdown.tsx:259:6
Expression expected
  257 |           SHELL_DURATION * 0.5
  258 |         );
> 259 |     }, panelRef);
      |      ^
  260 |
  261 |     return () => context.revert();
  262 |   }, [open, prefersReducedMotion, tracePaths]);

Parsing ecmascript source code failed

Import traces:
  Client Component Browser:
    ./app/_components/ServicesDropdown.tsx [Client Component Browser]
    ./app/_components/NavLinks.tsx [Client Component Browser]
    ./app/_components/Navbar.tsx [Client Component Browser]
    ./app/_components/Navbar.tsx [Server Component]
    ./app/layout.tsx [Server Component]

  Client Component SSR:
    ./app/_components/ServicesDropdown.tsx [Client Component SSR]
    ./app/_components/NavLinks.tsx [Client Component SSR]
    ./app/_components/Navbar.tsx [Client Component SSR]
    ./app/_components/Navbar.tsx [Server Component]
    ./app/layout.tsx [Server Component] @ http://localhost:3000/_next/static/chunks/node_modules_next_dist_0u_w_5s._.js:1945
[ 1127502ms] [ERROR] ./app/_components/ServicesDropdown.tsx:259:6
Expression expected
  257 |           SHELL_DURATION * 0.5
  258 |         );
> 259 |     }, panelRef);
      |      ^
  260 |
  261 |     return () => context.revert();
  262 |   }, [open, prefersReducedMotion, tracePaths]);

Parsing ecmascript source code failed

Import traces:
  Client Component Browser:
    ./app/_components/ServicesDropdown.tsx [Client Component Browser]
    ./app/_components/NavLinks.tsx [Client Component Browser]
    ./app/_components/Navbar.tsx [Client Component Browser]
    ./app/_components/Navbar.tsx [Server Component]
    ./app/layout.tsx [Server Component]

  Client Component SSR:
    ./app/_components/ServicesDropdown.tsx [Client Component SSR]
    ./app/_components/NavLinks.tsx [Client Component SSR]
    ./app/_components/Navbar.tsx [Client Component SSR]
    ./app/_components/Navbar.tsx [Server Component]
    ./app/layout.tsx [Server Component] @ http://localhost:3000/_next/static/chunks/node_modules_next_dist_0u_w_5s._.js:1945
[ 1127508ms] [ERROR] ./app/_components/ServicesDropdown.tsx:259:6
Expression expected
  257 |           SHELL_DURATION * 0.5
  258 |         );
> 259 |     }, panelRef);
      |      ^
  260 |
  261 |     return () => context.revert();
  262 |   }, [open, prefersReducedMotion, tracePaths]);

Parsing ecmascript source code failed

Import traces:
  Client Component Browser:
    ./app/_components/ServicesDropdown.tsx [Client Component Browser]
    ./app/_components/NavLinks.tsx [Client Component Browser]
    ./app/_components/Navbar.tsx [Client Component Browser]
    ./app/_components/Navbar.tsx [Server Component]
    ./app/layout.tsx [Server Component]

  Client Component SSR:
    ./app/_components/ServicesDropdown.tsx [Client Component SSR]
    ./app/_components/NavLinks.tsx [Client Component SSR]
    ./app/_components/Navbar.tsx [Client Component SSR]
    ./app/_components/Navbar.tsx [Server Component]
    ./app/layout.tsx [Server Component] @ http://localhost:3000/_next/static/chunks/node_modules_next_dist_0u_w_5s._.js:1945
[ 1127509ms] [ERROR] ./app/_components/ServicesDropdown.tsx:259:6
Expression expected
  257 |           SHELL_DURATION * 0.5
  258 |         );
> 259 |     }, panelRef);
      |      ^
  260 |
  261 |     return () => context.revert();
  262 |   }, [open, prefersReducedMotion, tracePaths]);

Parsing ecmascript source code failed

Import traces:
  Client Component Browser:
    ./app/_components/ServicesDropdown.tsx [Client Component Browser]
    ./app/_components/NavLinks.tsx [Client Component Browser]
    ./app/_components/Navbar.tsx [Client Component Browser]
    ./app/_components/Navbar.tsx [Server Component]
    ./app/layout.tsx [Server Component]

  Client Component SSR:
    ./app/_components/ServicesDropdown.tsx [Client Component SSR]
    ./app/_components/NavLinks.tsx [Client Component SSR]
    ./app/_components/Navbar.tsx [Client Component SSR]
    ./app/_components/Navbar.tsx [Server Component]
    ./app/layout.tsx [Server Component] @ http://localhost:3000/_next/static/chunks/node_modules_next_dist_0u_w_5s._.js:1945
[ 1127639ms] [ERROR] ./app/_components/ServicesDropdown.tsx:259:6
Expression expected
  257 |           SHELL_DURATION * 0.5
  258 |         );
> 259 |     }, panelRef);
      |      ^
  260 |
  261 |     return () => context.revert();
  262 |   }, [open, prefersReducedMotion, tracePaths]);

Parsing ecmascript source code failed

Import traces:
  Client Component Browser:
    ./app/_components/ServicesDropdown.tsx [Client Component Browser]
    ./app/_components/NavLinks.tsx [Client Component Browser]
    ./app/_components/Navbar.tsx [Client Component Browser]
    ./app/_components/Navbar.tsx [Server Component]
    ./app/layout.tsx [Server Component]

  Client Component SSR:
    ./app/_components/ServicesDropdown.tsx [Client Component SSR]
    ./app/_components/NavLinks.tsx [Client Component SSR]
    ./app/_components/Navbar.tsx [Client Component SSR]
    ./app/_components/Navbar.tsx [Server Component]
    ./app/layout.tsx [Server Component] @ http://localhost:3000/_next/static/chunks/node_modules_next_dist_0u_w_5s._.js:1945
[ 1127659ms] [ERROR] ./app/_components/ServicesDropdown.tsx:259:6
Expression expected
  257 |           SHELL_DURATION * 0.5
  258 |         );
> 259 |     }, panelRef);
      |      ^
  260 |
  261 |     return () => context.revert();
  262 |   }, [open, prefersReducedMotion, tracePaths]);

Parsing ecmascript source code failed

Import traces:
  Client Component Browser:
    ./app/_components/ServicesDropdown.tsx [Client Component Browser]
    ./app/_components/NavLinks.tsx [Client Component Browser]
    ./app/_components/Navbar.tsx [Client Component Browser]
    ./app/_components/Navbar.tsx [Server Component]
    ./app/layout.tsx [Server Component]

  Client Component SSR:
    ./app/_components/ServicesDropdown.tsx [Client Component SSR]
    ./app/_components/NavLinks.tsx [Client Component SSR]
    ./app/_components/Navbar.tsx [Client Component SSR]
    ./app/_components/Navbar.tsx [Server Component]
    ./app/layout.tsx [Server Component] @ http://localhost:3000/_next/static/chunks/node_modules_next_dist_0u_w_5s._.js:1945
[ 1127731ms] [ERROR] ./app/_components/ServicesDropdown.tsx:259:6
Expression expected
  257 |           SHELL_DURATION * 0.5
  258 |         );
> 259 |     }, panelRef);
      |      ^
  260 |
  261 |     return () => context.revert();
  262 |   }, [open, prefersReducedMotion, tracePaths]);

Parsing ecmascript source code failed

Import traces:
  Client Component Browser:
    ./app/_components/ServicesDropdown.tsx [Client Component Browser]
    ./app/_components/NavLinks.tsx [Client Component Browser]
    ./app/_components/Navbar.tsx [Client Component Browser]
    ./app/_components/Navbar.tsx [Server Component]
    ./app/layout.tsx [Server Component]

  Client Component SSR:
    ./app/_components/ServicesDropdown.tsx [Client Component SSR]
    ./app/_components/NavLinks.tsx [Client Component SSR]
    ./app/_components/Navbar.tsx [Client Component SSR]
    ./app/_components/Navbar.tsx [Server Component]
    ./app/layout.tsx [Server Component] @ http://localhost:3000/_next/static/chunks/node_modules_next_dist_0u_w_5s._.js:1945
[ 1127806ms] [ERROR] ./app/_components/ServicesDropdown.tsx:259:6
Expression expected
  257 |           SHELL_DURATION * 0.5
  258 |         );
> 259 |     }, panelRef);
      |      ^
  260 |
  261 |     return () => context.revert();
  262 |   }, [open, prefersReducedMotion, tracePaths]);

Parsing ecmascript source code failed

Import traces:
  Client Component Browser:
    ./app/_components/ServicesDropdown.tsx [Client Component Browser]
    ./app/_components/NavLinks.tsx [Client Component Browser]
    ./app/_components/Navbar.tsx [Client Component Browser]
    ./app/_components/Navbar.tsx [Server Component]
    ./app/layout.tsx [Server Component]

  Client Component SSR:
    ./app/_components/ServicesDropdown.tsx [Client Component SSR]
    ./app/_components/NavLinks.tsx [Client Component SSR]
    ./app/_components/Navbar.tsx [Client Component SSR]
    ./app/_components/Navbar.tsx [Server Component]
    ./app/layout.tsx [Server Component] @ http://localhost:3000/_next/static/chunks/node_modules_next_dist_0u_w_5s._.js:1945
[ 1127878ms] [ERROR] ./app/_components/ServicesDropdown.tsx:259:6
Expression expected
  257 |           SHELL_DURATION * 0.5
  258 |         );
> 259 |     }, panelRef);
      |      ^
  260 |
  261 |     return () => context.revert();
  262 |   }, [open, prefersReducedMotion, tracePaths]);

Parsing ecmascript source code failed

Import traces:
  Client Component Browser:
    ./app/_components/ServicesDropdown.tsx [Client Component Browser]
    ./app/_components/NavLinks.tsx [Client Component Browser]
    ./app/_components/Navbar.tsx [Client Component Browser]
    ./app/_components/Navbar.tsx [Server Component]
    ./app/layout.tsx [Server Component]

  Client Component SSR:
    ./app/_components/ServicesDropdown.tsx [Client Component SSR]
    ./app/_components/NavLinks.tsx [Client Component SSR]
    ./app/_components/Navbar.tsx [Client Component SSR]
    ./app/_components/Navbar.tsx [Server Component]
    ./app/layout.tsx [Server Component] @ http://localhost:3000/_next/static/chunks/node_modules_next_dist_0u_w_5s._.js:1945
[ 1127954ms] [ERROR] ./app/_components/ServicesDropdown.tsx:259:6
Expression expected
  257 |           SHELL_DURATION * 0.5
  258 |         );
> 259 |     }, panelRef);
      |      ^
  260 |
  261 |     return () => context.revert();
  262 |   }, [open, prefersReducedMotion, tracePaths]);

Parsing ecmascript source code failed

Import traces:
  Client Component Browser:
    ./app/_components/ServicesDropdown.tsx [Client Component Browser]
    ./app/_components/NavLinks.tsx [Client Component Browser]
    ./app/_components/Navbar.tsx [Client Component Browser]
    ./app/_components/Navbar.tsx [Server Component]
    ./app/layout.tsx [Server Component]

  Client Component SSR:
    ./app/_components/ServicesDropdown.tsx [Client Component SSR]
    ./app/_components/NavLinks.tsx [Client Component SSR]
    ./app/_components/Navbar.tsx [Client Component SSR]
    ./app/_components/Navbar.tsx [Server Component]
    ./app/layout.tsx [Server Component] @ http://localhost:3000/_next/static/chunks/node_modules_next_dist_0u_w_5s._.js:1945
[ 1128034ms] [ERROR] ./app/_components/ServicesDropdown.tsx:259:6
Expression expected
  257 |           SHELL_DURATION * 0.5
  258 |         );
> 259 |     }, panelRef);
      |      ^
  260 |
  261 |     return () => context.revert();
  262 |   }, [open, prefersReducedMotion, tracePaths]);

Parsing ecmascript source code failed

Import traces:
  Client Component Browser:
    ./app/_components/ServicesDropdown.tsx [Client Component Browser]
    ./app/_components/NavLinks.tsx [Client Component Browser]
    ./app/_components/Navbar.tsx [Client Component Browser]
    ./app/_components/Navbar.tsx [Server Component]
    ./app/layout.tsx [Server Component]

  Client Component SSR:
    ./app/_components/ServicesDropdown.tsx [Client Component SSR]
    ./app/_components/NavLinks.tsx [Client Component SSR]
    ./app/_components/Navbar.tsx [Client Component SSR]
    ./app/_components/Navbar.tsx [Server Component]
    ./app/layout.tsx [Server Component] @ http://localhost:3000/_next/static/chunks/node_modules_next_dist_0u_w_5s._.js:1945
[ 1128110ms] [ERROR] ./app/_components/ServicesDropdown.tsx:259:6
Expression expected
  257 |           SHELL_DURATION * 0.5
  258 |         );
> 259 |     }, panelRef);
      |      ^
  260 |
  261 |     return () => context.revert();
  262 |   }, [open, prefersReducedMotion, tracePaths]);

Parsing ecmascript source code failed

Import traces:
  Client Component Browser:
    ./app/_components/ServicesDropdown.tsx [Client Component Browser]
    ./app/_components/NavLinks.tsx [Client Component Browser]
    ./app/_components/Navbar.tsx [Client Component Browser]
    ./app/_components/Navbar.tsx [Server Component]
    ./app/layout.tsx [Server Component]

  Client Component SSR:
    ./app/_components/ServicesDropdown.tsx [Client Component SSR]
    ./app/_components/NavLinks.tsx [Client Component SSR]
    ./app/_components/Navbar.tsx [Client Component SSR]
    ./app/_components/Navbar.tsx [Server Component]
    ./app/layout.tsx [Server Component] @ http://localhost:3000/_next/static/chunks/node_modules_next_dist_0u_w_5s._.js:1945
[ 1128176ms] [ERROR] ./app/_components/ServicesDropdown.tsx:259:6
Expression expected
  257 |           SHELL_DURATION * 0.5
  258 |         );
> 259 |     }, panelRef);
      |      ^
  260 |
  261 |     return () => context.revert();
  262 |   }, [open, prefersReducedMotion, tracePaths]);

Parsing ecmascript source code failed

Import traces:
  Client Component Browser:
    ./app/_components/ServicesDropdown.tsx [Client Component Browser]
    ./app/_components/NavLinks.tsx [Client Component Browser]
    ./app/_components/Navbar.tsx [Client Component Browser]
    ./app/_components/Navbar.tsx [Server Component]
    ./app/layout.tsx [Server Component]

  Client Component SSR:
    ./app/_components/ServicesDropdown.tsx [Client Component SSR]
    ./app/_components/NavLinks.tsx [Client Component SSR]
    ./app/_components/Navbar.tsx [Client Component SSR]
    ./app/_components/Navbar.tsx [Server Component]
    ./app/layout.tsx [Server Component] @ http://localhost:3000/_next/static/chunks/node_modules_next_dist_0u_w_5s._.js:1945
[ 1128259ms] [ERROR] ./app/_components/ServicesDropdown.tsx:259:6
Expression expected
  257 |           SHELL_DURATION * 0.5
  258 |         );
> 259 |     }, panelRef);
      |      ^
  260 |
  261 |     return () => context.revert();
  262 |   }, [open, prefersReducedMotion, tracePaths]);

Parsing ecmascript source code failed

Import traces:
  Client Component Browser:
    ./app/_components/ServicesDropdown.tsx [Client Component Browser]
    ./app/_components/NavLinks.tsx [Client Component Browser]
    ./app/_components/Navbar.tsx [Client Component Browser]
    ./app/_components/Navbar.tsx [Server Component]
    ./app/layout.tsx [Server Component]

  Client Component SSR:
    ./app/_components/ServicesDropdown.tsx [Client Component SSR]
    ./app/_components/NavLinks.tsx [Client Component SSR]
    ./app/_components/Navbar.tsx [Client Component SSR]
    ./app/_components/Navbar.tsx [Server Component]
    ./app/layout.tsx [Server Component] @ http://localhost:3000/_next/static/chunks/node_modules_next_dist_0u_w_5s._.js:1945
[ 1128325ms] [ERROR] ./app/_components/ServicesDropdown.tsx:259:6
Expression expected
  257 |           SHELL_DURATION * 0.5
  258 |         );
> 259 |     }, panelRef);
      |      ^
  260 |
  261 |     return () => context.revert();
  262 |   }, [open, prefersReducedMotion, tracePaths]);

Parsing ecmascript source code failed

Import traces:
  Client Component Browser:
    ./app/_components/ServicesDropdown.tsx [Client Component Browser]
    ./app/_components/NavLinks.tsx [Client Component Browser]
    ./app/_components/Navbar.tsx [Client Component Browser]
    ./app/_components/Navbar.tsx [Server Component]
    ./app/layout.tsx [Server Component]

  Client Component SSR:
    ./app/_components/ServicesDropdown.tsx [Client Component SSR]
    ./app/_components/NavLinks.tsx [Client Component SSR]
    ./app/_components/Navbar.tsx [Client Component SSR]
    ./app/_components/Navbar.tsx [Server Component]
    ./app/layout.tsx [Server Component] @ http://localhost:3000/_next/static/chunks/node_modules_next_dist_0u_w_5s._.js:1945
[ 1128402ms] [ERROR] ./app/_components/ServicesDropdown.tsx:259:6
Expression expected
  257 |           SHELL_DURATION * 0.5
  258 |         );
> 259 |     }, panelRef);
      |      ^
  260 |
  261 |     return () => context.revert();
  262 |   }, [open, prefersReducedMotion, tracePaths]);

Parsing ecmascript source code failed

Import traces:
  Client Component Browser:
    ./app/_components/ServicesDropdown.tsx [Client Component Browser]
    ./app/_components/NavLinks.tsx [Client Component Browser]
    ./app/_components/Navbar.tsx [Client Component Browser]
    ./app/_components/Navbar.tsx [Server Component]
    ./app/layout.tsx [Server Component]

  Client Component SSR:
    ./app/_components/ServicesDropdown.tsx [Client Component SSR]
    ./app/_components/NavLinks.tsx [Client Component SSR]
    ./app/_components/Navbar.tsx [Client Component SSR]
    ./app/_components/Navbar.tsx [Server Component]
    ./app/layout.tsx [Server Component] @ http://localhost:3000/_next/static/chunks/node_modules_next_dist_0u_w_5s._.js:1945
[ 1128475ms] [ERROR] ./app/_components/ServicesDropdown.tsx:259:6
Expression expected
  257 |           SHELL_DURATION * 0.5
  258 |         );
> 259 |     }, panelRef);
      |      ^
  260 |
  261 |     return () => context.revert();
  262 |   }, [open, prefersReducedMotion, tracePaths]);

Parsing ecmascript source code failed

Import traces:
  Client Component Browser:
    ./app/_components/ServicesDropdown.tsx [Client Component Browser]
    ./app/_components/NavLinks.tsx [Client Component Browser]
    ./app/_components/Navbar.tsx [Client Component Browser]
    ./app/_components/Navbar.tsx [Server Component]
    ./app/layout.tsx [Server Component]

  Client Component SSR:
    ./app/_components/ServicesDropdown.tsx [Client Component SSR]
    ./app/_components/NavLinks.tsx [Client Component SSR]
    ./app/_components/Navbar.tsx [Client Component SSR]
    ./app/_components/Navbar.tsx [Server Component]
    ./app/layout.tsx [Server Component] @ http://localhost:3000/_next/static/chunks/node_modules_next_dist_0u_w_5s._.js:1945
[ 1128557ms] [ERROR] ./app/_components/ServicesDropdown.tsx:259:6
Expression expected
  257 |           SHELL_DURATION * 0.5
  258 |         );
> 259 |     }, panelRef);
      |      ^
  260 |
  261 |     return () => context.revert();
  262 |   }, [open, prefersReducedMotion, tracePaths]);

Parsing ecmascript source code failed

Import traces:
  Client Component Browser:
    ./app/_components/ServicesDropdown.tsx [Client Component Browser]
    ./app/_components/NavLinks.tsx [Client Component Browser]
    ./app/_components/Navbar.tsx [Client Component Browser]
    ./app/_components/Navbar.tsx [Server Component]
    ./app/layout.tsx [Server Component]

  Client Component SSR:
    ./app/_components/ServicesDropdown.tsx [Client Component SSR]
    ./app/_components/NavLinks.tsx [Client Component SSR]
    ./app/_components/Navbar.tsx [Client Component SSR]
    ./app/_components/Navbar.tsx [Server Component]
    ./app/layout.tsx [Server Component] @ http://localhost:3000/_next/static/chunks/node_modules_next_dist_0u_w_5s._.js:1945
[ 1128640ms] [ERROR] ./app/_components/ServicesDropdown.tsx:259:6
Expression expected
  257 |           SHELL_DURATION * 0.5
  258 |         );
> 259 |     }, panelRef);
      |      ^
  260 |
  261 |     return () => context.revert();
  262 |   }, [open, prefersReducedMotion, tracePaths]);

Parsing ecmascript source code failed

Import traces:
  Client Component Browser:
    ./app/_components/ServicesDropdown.tsx [Client Component Browser]
    ./app/_components/NavLinks.tsx [Client Component Browser]
    ./app/_components/Navbar.tsx [Client Component Browser]
    ./app/_components/Navbar.tsx [Server Component]
    ./app/layout.tsx [Server Component]

  Client Component SSR:
    ./app/_components/ServicesDropdown.tsx [Client Component SSR]
    ./app/_components/NavLinks.tsx [Client Component SSR]
    ./app/_components/Navbar.tsx [Client Component SSR]
    ./app/_components/Navbar.tsx [Server Component]
    ./app/layout.tsx [Server Component] @ http://localhost:3000/_next/static/chunks/node_modules_next_dist_0u_w_5s._.js:1945
[ 1128705ms] [ERROR] ./app/_components/ServicesDropdown.tsx:259:6
Expression expected
  257 |           SHELL_DURATION * 0.5
  258 |         );
> 259 |     }, panelRef);
      |      ^
  260 |
  261 |     return () => context.revert();
  262 |   }, [open, prefersReducedMotion, tracePaths]);

Parsing ecmascript source code failed

Import traces:
  Client Component Browser:
    ./app/_components/ServicesDropdown.tsx [Client Component Browser]
    ./app/_components/NavLinks.tsx [Client Component Browser]
    ./app/_components/Navbar.tsx [Client Component Browser]
    ./app/_components/Navbar.tsx [Server Component]
    ./app/layout.tsx [Server Component]

  Client Component SSR:
    ./app/_components/ServicesDropdown.tsx [Client Component SSR]
    ./app/_components/NavLinks.tsx [Client Component SSR]
    ./app/_components/Navbar.tsx [Client Component SSR]
    ./app/_components/Navbar.tsx [Server Component]
    ./app/layout.tsx [Server Component] @ http://localhost:3000/_next/static/chunks/node_modules_next_dist_0u_w_5s._.js:1945
[ 1128772ms] [ERROR] ./app/_components/ServicesDropdown.tsx:259:6
Expression expected
  257 |           SHELL_DURATION * 0.5
  258 |         );
> 259 |     }, panelRef);
      |      ^
  260 |
  261 |     return () => context.revert();
  262 |   }, [open, prefersReducedMotion, tracePaths]);

Parsing ecmascript source code failed

Import traces:
  Client Component Browser:
    ./app/_components/ServicesDropdown.tsx [Client Component Browser]
    ./app/_components/NavLinks.tsx [Client Component Browser]
    ./app/_components/Navbar.tsx [Client Component Browser]
    ./app/_components/Navbar.tsx [Server Component]
    ./app/layout.tsx [Server Component]

  Client Component SSR:
    ./app/_components/ServicesDropdown.tsx [Client Component SSR]
    ./app/_components/NavLinks.tsx [Client Component SSR]
    ./app/_components/Navbar.tsx [Client Component SSR]
    ./app/_components/Navbar.tsx [Server Component]
    ./app/layout.tsx [Server Component] @ http://localhost:3000/_next/static/chunks/node_modules_next_dist_0u_w_5s._.js:1945
[ 1128853ms] [ERROR] ./app/_components/ServicesDropdown.tsx:259:6
Expression expected
  257 |           SHELL_DURATION * 0.5
  258 |         );
> 259 |     }, panelRef);
      |      ^
  260 |
  261 |     return () => context.revert();
  262 |   }, [open, prefersReducedMotion, tracePaths]);

Parsing ecmascript source code failed

Import traces:
  Client Component Browser:
    ./app/_components/ServicesDropdown.tsx [Client Component Browser]
    ./app/_components/NavLinks.tsx [Client Component Browser]
    ./app/_components/Navbar.tsx [Client Component Browser]
    ./app/_components/Navbar.tsx [Server Component]
    ./app/layout.tsx [Server Component]

  Client Component SSR:
    ./app/_components/ServicesDropdown.tsx [Client Component SSR]
    ./app/_components/NavLinks.tsx [Client Component SSR]
    ./app/_components/Navbar.tsx [Client Component SSR]
    ./app/_components/Navbar.tsx [Server Component]
    ./app/layout.tsx [Server Component] @ http://localhost:3000/_next/static/chunks/node_modules_next_dist_0u_w_5s._.js:1945
[ 1128915ms] [ERROR] ./app/_components/ServicesDropdown.tsx:259:6
Expression expected
  257 |           SHELL_DURATION * 0.5
  258 |         );
> 259 |     }, panelRef);
      |      ^
  260 |
  261 |     return () => context.revert();
  262 |   }, [open, prefersReducedMotion, tracePaths]);

Parsing ecmascript source code failed

Import traces:
  Client Component Browser:
    ./app/_components/ServicesDropdown.tsx [Client Component Browser]
    ./app/_components/NavLinks.tsx [Client Component Browser]
    ./app/_components/Navbar.tsx [Client Component Browser]
    ./app/_components/Navbar.tsx [Server Component]
    ./app/layout.tsx [Server Component]

  Client Component SSR:
    ./app/_components/ServicesDropdown.tsx [Client Component SSR]
    ./app/_components/NavLinks.tsx [Client Component SSR]
    ./app/_components/Navbar.tsx [Client Component SSR]
    ./app/_components/Navbar.tsx [Server Component]
    ./app/layout.tsx [Server Component] @ http://localhost:3000/_next/static/chunks/node_modules_next_dist_0u_w_5s._.js:1945
[ 1128981ms] [ERROR] ./app/_components/ServicesDropdown.tsx:259:6
Expression expected
  257 |           SHELL_DURATION * 0.5
  258 |         );
> 259 |     }, panelRef);
      |      ^
  260 |
  261 |     return () => context.revert();
  262 |   }, [open, prefersReducedMotion, tracePaths]);

Parsing ecmascript source code failed

Import traces:
  Client Component Browser:
    ./app/_components/ServicesDropdown.tsx [Client Component Browser]
    ./app/_components/NavLinks.tsx [Client Component Browser]
    ./app/_components/Navbar.tsx [Client Component Browser]
    ./app/_components/Navbar.tsx [Server Component]
    ./app/layout.tsx [Server Component]

  Client Component SSR:
    ./app/_components/ServicesDropdown.tsx [Client Component SSR]
    ./app/_components/NavLinks.tsx [Client Component SSR]
    ./app/_components/Navbar.tsx [Client Component SSR]
    ./app/_components/Navbar.tsx [Server Component]
    ./app/layout.tsx [Server Component] @ http://localhost:3000/_next/static/chunks/node_modules_next_dist_0u_w_5s._.js:1945
[ 1129055ms] [ERROR] ./app/_components/ServicesDropdown.tsx:259:6
Expression expected
  257 |           SHELL_DURATION * 0.5
  258 |         );
> 259 |     }, panelRef);
      |      ^
  260 |
  261 |     return () => context.revert();
  262 |   }, [open, prefersReducedMotion, tracePaths]);

Parsing ecmascript source code failed

Import traces:
  Client Component Browser:
    ./app/_components/ServicesDropdown.tsx [Client Component Browser]
    ./app/_components/NavLinks.tsx [Client Component Browser]
    ./app/_components/Navbar.tsx [Client Component Browser]
    ./app/_components/Navbar.tsx [Server Component]
    ./app/layout.tsx [Server Component]

  Client Component SSR:
    ./app/_components/ServicesDropdown.tsx [Client Component SSR]
    ./app/_components/NavLinks.tsx [Client Component SSR]
    ./app/_components/Navbar.tsx [Client Component SSR]
    ./app/_components/Navbar.tsx [Server Component]
    ./app/layout.tsx [Server Component] @ http://localhost:3000/_next/static/chunks/node_modules_next_dist_0u_w_5s._.js:1945
[ 1129137ms] [ERROR] ./app/_components/ServicesDropdown.tsx:259:6
Expression expected
  257 |           SHELL_DURATION * 0.5
  258 |         );
> 259 |     }, panelRef);
      |      ^
  260 |
  261 |     return () => context.revert();
  262 |   }, [open, prefersReducedMotion, tracePaths]);

Parsing ecmascript source code failed

Import traces:
  Client Component Browser:
    ./app/_components/ServicesDropdown.tsx [Client Component Browser]
    ./app/_components/NavLinks.tsx [Client Component Browser]
    ./app/_components/Navbar.tsx [Client Component Browser]
    ./app/_components/Navbar.tsx [Server Component]
    ./app/layout.tsx [Server Component]

  Client Component SSR:
    ./app/_components/ServicesDropdown.tsx [Client Component SSR]
    ./app/_components/NavLinks.tsx [Client Component SSR]
    ./app/_components/Navbar.tsx [Client Component SSR]
    ./app/_components/Navbar.tsx [Server Component]
    ./app/layout.tsx [Server Component] @ http://localhost:3000/_next/static/chunks/node_modules_next_dist_0u_w_5s._.js:1945
[ 1129195ms] [ERROR] ./app/_components/ServicesDropdown.tsx:259:6
Expression expected
  257 |           SHELL_DURATION * 0.5
  258 |         );
> 259 |     }, panelRef);
      |      ^
  260 |
  261 |     return () => context.revert();
  262 |   }, [open, prefersReducedMotion, tracePaths]);

Parsing ecmascript source code failed

Import traces:
  Client Component Browser:
    ./app/_components/ServicesDropdown.tsx [Client Component Browser]
    ./app/_components/NavLinks.tsx [Client Component Browser]
    ./app/_components/Navbar.tsx [Client Component Browser]
    ./app/_components/Navbar.tsx [Server Component]
    ./app/layout.tsx [Server Component]

  Client Component SSR:
    ./app/_components/ServicesDropdown.tsx [Client Component SSR]
    ./app/_components/NavLinks.tsx [Client Component SSR]
    ./app/_components/Navbar.tsx [Client Component SSR]
    ./app/_components/Navbar.tsx [Server Component]
    ./app/layout.tsx [Server Component] @ http://localhost:3000/_next/static/chunks/node_modules_next_dist_0u_w_5s._.js:1945
[ 1129264ms] [ERROR] ./app/_components/ServicesDropdown.tsx:259:6
Expression expected
  257 |           SHELL_DURATION * 0.5
  258 |         );
> 259 |     }, panelRef);
      |      ^
  260 |
  261 |     return () => context.revert();
  262 |   }, [open, prefersReducedMotion, tracePaths]);

Parsing ecmascript source code failed

Import traces:
  Client Component Browser:
    ./app/_components/ServicesDropdown.tsx [Client Component Browser]
    ./app/_components/NavLinks.tsx [Client Component Browser]
    ./app/_components/Navbar.tsx [Client Component Browser]
    ./app/_components/Navbar.tsx [Server Component]
    ./app/layout.tsx [Server Component]

  Client Component SSR:
    ./app/_components/ServicesDropdown.tsx [Client Component SSR]
    ./app/_components/NavLinks.tsx [Client Component SSR]
    ./app/_components/Navbar.tsx [Client Component SSR]
    ./app/_components/Navbar.tsx [Server Component]
    ./app/layout.tsx [Server Component] @ http://localhost:3000/_next/static/chunks/node_modules_next_dist_0u_w_5s._.js:1945
[ 1129322ms] [ERROR] ./app/_components/ServicesDropdown.tsx:259:6
Expression expected
  257 |           SHELL_DURATION * 0.5
  258 |         );
> 259 |     }, panelRef);
      |      ^
  260 |
  261 |     return () => context.revert();
  262 |   }, [open, prefersReducedMotion, tracePaths]);

Parsing ecmascript source code failed

Import traces:
  Client Component Browser:
    ./app/_components/ServicesDropdown.tsx [Client Component Browser]
    ./app/_components/NavLinks.tsx [Client Component Browser]
    ./app/_components/Navbar.tsx [Client Component Browser]
    ./app/_components/Navbar.tsx [Server Component]
    ./app/layout.tsx [Server Component]

  Client Component SSR:
    ./app/_components/ServicesDropdown.tsx [Client Component SSR]
    ./app/_components/NavLinks.tsx [Client Component SSR]
    ./app/_components/Navbar.tsx [Client Component SSR]
    ./app/_components/Navbar.tsx [Server Component]
    ./app/layout.tsx [Server Component] @ http://localhost:3000/_next/static/chunks/node_modules_next_dist_0u_w_5s._.js:1945
[ 1129411ms] [ERROR] ./app/_components/ServicesDropdown.tsx:259:6
Expression expected
  257 |           SHELL_DURATION * 0.5
  258 |         );
> 259 |     }, panelRef);
      |      ^
  260 |
  261 |     return () => context.revert();
  262 |   }, [open, prefersReducedMotion, tracePaths]);

Parsing ecmascript source code failed

Import traces:
  Client Component Browser:
    ./app/_components/ServicesDropdown.tsx [Client Component Browser]
    ./app/_components/NavLinks.tsx [Client Component Browser]
    ./app/_components/Navbar.tsx [Client Component Browser]
    ./app/_components/Navbar.tsx [Server Component]
    ./app/layout.tsx [Server Component]

  Client Component SSR:
    ./app/_components/ServicesDropdown.tsx [Client Component SSR]
    ./app/_components/NavLinks.tsx [Client Component SSR]
    ./app/_components/Navbar.tsx [Client Component SSR]
    ./app/_components/Navbar.tsx [Server Component]
    ./app/layout.tsx [Server Component] @ http://localhost:3000/_next/static/chunks/node_modules_next_dist_0u_w_5s._.js:1945
[ 1129477ms] [ERROR] ./app/_components/ServicesDropdown.tsx:259:6
Expression expected
  257 |           SHELL_DURATION * 0.5
  258 |         );
> 259 |     }, panelRef);
      |      ^
  260 |
  261 |     return () => context.revert();
  262 |   }, [open, prefersReducedMotion, tracePaths]);

Parsing ecmascript source code failed

Import traces:
  Client Component Browser:
    ./app/_components/ServicesDropdown.tsx [Client Component Browser]
    ./app/_components/NavLinks.tsx [Client Component Browser]
    ./app/_components/Navbar.tsx [Client Component Browser]
    ./app/_components/Navbar.tsx [Server Component]
    ./app/layout.tsx [Server Component]

  Client Component SSR:
    ./app/_components/ServicesDropdown.tsx [Client Component SSR]
    ./app/_components/NavLinks.tsx [Client Component SSR]
    ./app/_components/Navbar.tsx [Client Component SSR]
    ./app/_components/Navbar.tsx [Server Component]
    ./app/layout.tsx [Server Component] @ http://localhost:3000/_next/static/chunks/node_modules_next_dist_0u_w_5s._.js:1945
[ 1129551ms] [ERROR] ./app/_components/ServicesDropdown.tsx:259:6
Expression expected
  257 |           SHELL_DURATION * 0.5
  258 |         );
> 259 |     }, panelRef);
      |      ^
  260 |
  261 |     return () => context.revert();
  262 |   }, [open, prefersReducedMotion, tracePaths]);

Parsing ecmascript source code failed

Import traces:
  Client Component Browser:
    ./app/_components/ServicesDropdown.tsx [Client Component Browser]
    ./app/_components/NavLinks.tsx [Client Component Browser]
    ./app/_components/Navbar.tsx [Client Component Browser]
    ./app/_components/Navbar.tsx [Server Component]
    ./app/layout.tsx [Server Component]

  Client Component SSR:
    ./app/_components/ServicesDropdown.tsx [Client Component SSR]
    ./app/_components/NavLinks.tsx [Client Component SSR]
    ./app/_components/Navbar.tsx [Client Component SSR]
    ./app/_components/Navbar.tsx [Server Component]
    ./app/layout.tsx [Server Component] @ http://localhost:3000/_next/static/chunks/node_modules_next_dist_0u_w_5s._.js:1945
[ 1129623ms] [ERROR] ./app/_components/ServicesDropdown.tsx:259:6
Expression expected
  257 |           SHELL_DURATION * 0.5
  258 |         );
> 259 |     }, panelRef);
      |      ^
  260 |
  261 |     return () => context.revert();
  262 |   }, [open, prefersReducedMotion, tracePaths]);

Parsing ecmascript source code failed

Import traces:
  Client Component Browser:
    ./app/_components/ServicesDropdown.tsx [Client Component Browser]
    ./app/_components/NavLinks.tsx [Client Component Browser]
    ./app/_components/Navbar.tsx [Client Component Browser]
    ./app/_components/Navbar.tsx [Server Component]
    ./app/layout.tsx [Server Component]

  Client Component SSR:
    ./app/_components/ServicesDropdown.tsx [Client Component SSR]
    ./app/_components/NavLinks.tsx [Client Component SSR]
    ./app/_components/Navbar.tsx [Client Component SSR]
    ./app/_components/Navbar.tsx [Server Component]
    ./app/layout.tsx [Server Component] @ http://localhost:3000/_next/static/chunks/node_modules_next_dist_0u_w_5s._.js:1945
[ 1129689ms] [ERROR] ./app/_components/ServicesDropdown.tsx:259:6
Expression expected
  257 |           SHELL_DURATION * 0.5
  258 |         );
> 259 |     }, panelRef);
      |      ^
  260 |
  261 |     return () => context.revert();
  262 |   }, [open, prefersReducedMotion, tracePaths]);

Parsing ecmascript source code failed

Import traces:
  Client Component Browser:
    ./app/_components/ServicesDropdown.tsx [Client Component Browser]
    ./app/_components/NavLinks.tsx [Client Component Browser]
    ./app/_components/Navbar.tsx [Client Component Browser]
    ./app/_components/Navbar.tsx [Server Component]
    ./app/layout.tsx [Server Component]

  Client Component SSR:
    ./app/_components/ServicesDropdown.tsx [Client Component SSR]
    ./app/_components/NavLinks.tsx [Client Component SSR]
    ./app/_components/Navbar.tsx [Client Component SSR]
    ./app/_components/Navbar.tsx [Server Component]
    ./app/layout.tsx [Server Component] @ http://localhost:3000/_next/static/chunks/node_modules_next_dist_0u_w_5s._.js:1945
[ 1129758ms] [ERROR] ./app/_components/ServicesDropdown.tsx:259:6
Expression expected
  257 |           SHELL_DURATION * 0.5
  258 |         );
> 259 |     }, panelRef);
      |      ^
  260 |
  261 |     return () => context.revert();
  262 |   }, [open, prefersReducedMotion, tracePaths]);

Parsing ecmascript source code failed

Import traces:
  Client Component Browser:
    ./app/_components/ServicesDropdown.tsx [Client Component Browser]
    ./app/_components/NavLinks.tsx [Client Component Browser]
    ./app/_components/Navbar.tsx [Client Component Browser]
    ./app/_components/Navbar.tsx [Server Component]
    ./app/layout.tsx [Server Component]

  Client Component SSR:
    ./app/_components/ServicesDropdown.tsx [Client Component SSR]
    ./app/_components/NavLinks.tsx [Client Component SSR]
    ./app/_components/Navbar.tsx [Client Component SSR]
    ./app/_components/Navbar.tsx [Server Component]
    ./app/layout.tsx [Server Component] @ http://localhost:3000/_next/static/chunks/node_modules_next_dist_0u_w_5s._.js:1945
[ 1129834ms] [ERROR] ./app/_components/ServicesDropdown.tsx:259:6
Expression expected
  257 |           SHELL_DURATION * 0.5
  258 |         );
> 259 |     }, panelRef);
      |      ^
  260 |
  261 |     return () => context.revert();
  262 |   }, [open, prefersReducedMotion, tracePaths]);

Parsing ecmascript source code failed

Import traces:
  Client Component Browser:
    ./app/_components/ServicesDropdown.tsx [Client Component Browser]
    ./app/_components/NavLinks.tsx [Client Component Browser]
    ./app/_components/Navbar.tsx [Client Component Browser]
    ./app/_components/Navbar.tsx [Server Component]
    ./app/layout.tsx [Server Component]

  Client Component SSR:
    ./app/_components/ServicesDropdown.tsx [Client Component SSR]
    ./app/_components/NavLinks.tsx [Client Component SSR]
    ./app/_components/Navbar.tsx [Client Component SSR]
    ./app/_components/Navbar.tsx [Server Component]
    ./app/layout.tsx [Server Component] @ http://localhost:3000/_next/static/chunks/node_modules_next_dist_0u_w_5s._.js:1945
[ 1129908ms] [ERROR] ./app/_components/ServicesDropdown.tsx:259:6
Expression expected
  257 |           SHELL_DURATION * 0.5
  258 |         );
> 259 |     }, panelRef);
      |      ^
  260 |
  261 |     return () => context.revert();
  262 |   }, [open, prefersReducedMotion, tracePaths]);

Parsing ecmascript source code failed

Import traces:
  Client Component Browser:
    ./app/_components/ServicesDropdown.tsx [Client Component Browser]
    ./app/_components/NavLinks.tsx [Client Component Browser]
    ./app/_components/Navbar.tsx [Client Component Browser]
    ./app/_components/Navbar.tsx [Server Component]
    ./app/layout.tsx [Server Component]

  Client Component SSR:
    ./app/_components/ServicesDropdown.tsx [Client Component SSR]
    ./app/_components/NavLinks.tsx [Client Component SSR]
    ./app/_components/Navbar.tsx [Client Component SSR]
    ./app/_components/Navbar.tsx [Server Component]
    ./app/layout.tsx [Server Component] @ http://localhost:3000/_next/static/chunks/node_modules_next_dist_0u_w_5s._.js:1945
[ 1129983ms] [ERROR] ./app/_components/ServicesDropdown.tsx:259:6
Expression expected
  257 |           SHELL_DURATION * 0.5
  258 |         );
> 259 |     }, panelRef);
      |      ^
  260 |
  261 |     return () => context.revert();
  262 |   }, [open, prefersReducedMotion, tracePaths]);

Parsing ecmascript source code failed

Import traces:
  Client Component Browser:
    ./app/_components/ServicesDropdown.tsx [Client Component Browser]
    ./app/_components/NavLinks.tsx [Client Component Browser]
    ./app/_components/Navbar.tsx [Client Component Browser]
    ./app/_components/Navbar.tsx [Server Component]
    ./app/layout.tsx [Server Component]

  Client Component SSR:
    ./app/_components/ServicesDropdown.tsx [Client Component SSR]
    ./app/_components/NavLinks.tsx [Client Component SSR]
    ./app/_components/Navbar.tsx [Client Component SSR]
    ./app/_components/Navbar.tsx [Server Component]
    ./app/layout.tsx [Server Component] @ http://localhost:3000/_next/static/chunks/node_modules_next_dist_0u_w_5s._.js:1945
[ 1130048ms] [ERROR] ./app/_components/ServicesDropdown.tsx:259:6
Expression expected
  257 |           SHELL_DURATION * 0.5
  258 |         );
> 259 |     }, panelRef);
      |      ^
  260 |
  261 |     return () => context.revert();
  262 |   }, [open, prefersReducedMotion, tracePaths]);

Parsing ecmascript source code failed

Import traces:
  Client Component Browser:
    ./app/_components/ServicesDropdown.tsx [Client Component Browser]
    ./app/_components/NavLinks.tsx [Client Component Browser]
    ./app/_components/Navbar.tsx [Client Component Browser]
    ./app/_components/Navbar.tsx [Server Component]
    ./app/layout.tsx [Server Component]

  Client Component SSR:
    ./app/_components/ServicesDropdown.tsx [Client Component SSR]
    ./app/_components/NavLinks.tsx [Client Component SSR]
    ./app/_components/Navbar.tsx [Client Component SSR]
    ./app/_components/Navbar.tsx [Server Component]
    ./app/layout.tsx [Server Component] @ http://localhost:3000/_next/static/chunks/node_modules_next_dist_0u_w_5s._.js:1945
[ 1130106ms] [ERROR] ./app/_components/ServicesDropdown.tsx:259:6
Expression expected
  257 |           SHELL_DURATION * 0.5
  258 |         );
> 259 |     }, panelRef);
      |      ^
  260 |
  261 |     return () => context.revert();
  262 |   }, [open, prefersReducedMotion, tracePaths]);

Parsing ecmascript source code failed

Import traces:
  Client Component Browser:
    ./app/_components/ServicesDropdown.tsx [Client Component Browser]
    ./app/_components/NavLinks.tsx [Client Component Browser]
    ./app/_components/Navbar.tsx [Client Component Browser]
    ./app/_components/Navbar.tsx [Server Component]
    ./app/layout.tsx [Server Component]

  Client Component SSR:
    ./app/_components/ServicesDropdown.tsx [Client Component SSR]
    ./app/_components/NavLinks.tsx [Client Component SSR]
    ./app/_components/Navbar.tsx [Client Component SSR]
    ./app/_components/Navbar.tsx [Server Component]
    ./app/layout.tsx [Server Component] @ http://localhost:3000/_next/static/chunks/node_modules_next_dist_0u_w_5s._.js:1945
[ 1130175ms] [ERROR] ./app/_components/ServicesDropdown.tsx:259:6
Expression expected
  257 |           SHELL_DURATION * 0.5
  258 |         );
> 259 |     }, panelRef);
      |      ^
  260 |
  261 |     return () => context.revert();
  262 |   }, [open, prefersReducedMotion, tracePaths]);

Parsing ecmascript source code failed

Import traces:
  Client Component Browser:
    ./app/_components/ServicesDropdown.tsx [Client Component Browser]
    ./app/_components/NavLinks.tsx [Client Component Browser]
    ./app/_components/Navbar.tsx [Client Component Browser]
    ./app/_components/Navbar.tsx [Server Component]
    ./app/layout.tsx [Server Component]

  Client Component SSR:
    ./app/_components/ServicesDropdown.tsx [Client Component SSR]
    ./app/_components/NavLinks.tsx [Client Component SSR]
    ./app/_components/Navbar.tsx [Client Component SSR]
    ./app/_components/Navbar.tsx [Server Component]
    ./app/layout.tsx [Server Component] @ http://localhost:3000/_next/static/chunks/node_modules_next_dist_0u_w_5s._.js:1945
[ 1130233ms] [ERROR] ./app/_components/ServicesDropdown.tsx:259:6
Expression expected
  257 |           SHELL_DURATION * 0.5
  258 |         );
> 259 |     }, panelRef);
      |      ^
  260 |
  261 |     return () => context.revert();
  262 |   }, [open, prefersReducedMotion, tracePaths]);

Parsing ecmascript source code failed

Import traces:
  Client Component Browser:
    ./app/_components/ServicesDropdown.tsx [Client Component Browser]
    ./app/_components/NavLinks.tsx [Client Component Browser]
    ./app/_components/Navbar.tsx [Client Component Browser]
    ./app/_components/Navbar.tsx [Server Component]
    ./app/layout.tsx [Server Component]

  Client Component SSR:
    ./app/_components/ServicesDropdown.tsx [Client Component SSR]
    ./app/_components/NavLinks.tsx [Client Component SSR]
    ./app/_components/Navbar.tsx [Client Component SSR]
    ./app/_components/Navbar.tsx [Server Component]
    ./app/layout.tsx [Server Component] @ http://localhost:3000/_next/static/chunks/node_modules_next_dist_0u_w_5s._.js:1945
[ 1130291ms] [ERROR] ./app/_components/ServicesDropdown.tsx:259:6
Expression expected
  257 |           SHELL_DURATION * 0.5
  258 |         );
> 259 |     }, panelRef);
      |      ^
  260 |
  261 |     return () => context.revert();
  262 |   }, [open, prefersReducedMotion, tracePaths]);

Parsing ecmascript source code failed

Import traces:
  Client Component Browser:
    ./app/_components/ServicesDropdown.tsx [Client Component Browser]
    ./app/_components/NavLinks.tsx [Client Component Browser]
    ./app/_components/Navbar.tsx [Client Component Browser]
    ./app/_components/Navbar.tsx [Server Component]
    ./app/layout.tsx [Server Component]

  Client Component SSR:
    ./app/_components/ServicesDropdown.tsx [Client Component SSR]
    ./app/_components/NavLinks.tsx [Client Component SSR]
    ./app/_components/Navbar.tsx [Client Component SSR]
    ./app/_components/Navbar.tsx [Server Component]
    ./app/layout.tsx [Server Component] @ http://localhost:3000/_next/static/chunks/node_modules_next_dist_0u_w_5s._.js:1945
[ 1130374ms] [ERROR] ./app/_components/ServicesDropdown.tsx:259:6
Expression expected
  257 |           SHELL_DURATION * 0.5
  258 |         );
> 259 |     }, panelRef);
      |      ^
  260 |
  261 |     return () => context.revert();
  262 |   }, [open, prefersReducedMotion, tracePaths]);

Parsing ecmascript source code failed

Import traces:
  Client Component Browser:
    ./app/_components/ServicesDropdown.tsx [Client Component Browser]
    ./app/_components/NavLinks.tsx [Client Component Browser]
    ./app/_components/Navbar.tsx [Client Component Browser]
    ./app/_components/Navbar.tsx [Server Component]
    ./app/layout.tsx [Server Component]

  Client Component SSR:
    ./app/_components/ServicesDropdown.tsx [Client Component SSR]
    ./app/_components/NavLinks.tsx [Client Component SSR]
    ./app/_components/Navbar.tsx [Client Component SSR]
    ./app/_components/Navbar.tsx [Server Component]
    ./app/layout.tsx [Server Component] @ http://localhost:3000/_next/static/chunks/node_modules_next_dist_0u_w_5s._.js:1945
[ 1130440ms] [ERROR] ./app/_components/ServicesDropdown.tsx:259:6
Expression expected
  257 |           SHELL_DURATION * 0.5
  258 |         );
> 259 |     }, panelRef);
      |      ^
  260 |
  261 |     return () => context.revert();
  262 |   }, [open, prefersReducedMotion, tracePaths]);

Parsing ecmascript source code failed

Import traces:
  Client Component Browser:
    ./app/_components/ServicesDropdown.tsx [Client Component Browser]
    ./app/_components/NavLinks.tsx [Client Component Browser]
    ./app/_components/Navbar.tsx [Client Component Browser]
    ./app/_components/Navbar.tsx [Server Component]
    ./app/layout.tsx [Server Component]

  Client Component SSR:
    ./app/_components/ServicesDropdown.tsx [Client Component SSR]
    ./app/_components/NavLinks.tsx [Client Component SSR]
    ./app/_components/Navbar.tsx [Client Component SSR]
    ./app/_components/Navbar.tsx [Server Component]
    ./app/layout.tsx [Server Component] @ http://localhost:3000/_next/static/chunks/node_modules_next_dist_0u_w_5s._.js:1945
[ 1130512ms] [ERROR] ./app/_components/ServicesDropdown.tsx:259:6
Expression expected
  257 |           SHELL_DURATION * 0.5
  258 |         );
> 259 |     }, panelRef);
      |      ^
  260 |
  261 |     return () => context.revert();
  262 |   }, [open, prefersReducedMotion, tracePaths]);

Parsing ecmascript source code failed

Import traces:
  Client Component Browser:
    ./app/_components/ServicesDropdown.tsx [Client Component Browser]
    ./app/_components/NavLinks.tsx [Client Component Browser]
    ./app/_components/Navbar.tsx [Client Component Browser]
    ./app/_components/Navbar.tsx [Server Component]
    ./app/layout.tsx [Server Component]

  Client Component SSR:
    ./app/_components/ServicesDropdown.tsx [Client Component SSR]
    ./app/_components/NavLinks.tsx [Client Component SSR]
    ./app/_components/Navbar.tsx [Client Component SSR]
    ./app/_components/Navbar.tsx [Server Component]
    ./app/layout.tsx [Server Component] @ http://localhost:3000/_next/static/chunks/node_modules_next_dist_0u_w_5s._.js:1945
[ 1130594ms] [ERROR] ./app/_components/ServicesDropdown.tsx:259:6
Expression expected
  257 |           SHELL_DURATION * 0.5
  258 |         );
> 259 |     }, panelRef);
      |      ^
  260 |
  261 |     return () => context.revert();
  262 |   }, [open, prefersReducedMotion, tracePaths]);

Parsing ecmascript source code failed

Import traces:
  Client Component Browser:
    ./app/_components/ServicesDropdown.tsx [Client Component Browser]
    ./app/_components/NavLinks.tsx [Client Component Browser]
    ./app/_components/Navbar.tsx [Client Component Browser]
    ./app/_components/Navbar.tsx [Server Component]
    ./app/layout.tsx [Server Component]

  Client Component SSR:
    ./app/_components/ServicesDropdown.tsx [Client Component SSR]
    ./app/_components/NavLinks.tsx [Client Component SSR]
    ./app/_components/Navbar.tsx [Client Component SSR]
    ./app/_components/Navbar.tsx [Server Component]
    ./app/layout.tsx [Server Component] @ http://localhost:3000/_next/static/chunks/node_modules_next_dist_0u_w_5s._.js:1945
[ 1130669ms] [ERROR] ./app/_components/ServicesDropdown.tsx:259:6
Expression expected
  257 |           SHELL_DURATION * 0.5
  258 |         );
> 259 |     }, panelRef);
      |      ^
  260 |
  261 |     return () => context.revert();
  262 |   }, [open, prefersReducedMotion, tracePaths]);

Parsing ecmascript source code failed

Import traces:
  Client Component Browser:
    ./app/_components/ServicesDropdown.tsx [Client Component Browser]
    ./app/_components/NavLinks.tsx [Client Component Browser]
    ./app/_components/Navbar.tsx [Client Component Browser]
    ./app/_components/Navbar.tsx [Server Component]
    ./app/layout.tsx [Server Component]

  Client Component SSR:
    ./app/_components/ServicesDropdown.tsx [Client Component SSR]
    ./app/_components/NavLinks.tsx [Client Component SSR]
    ./app/_components/Navbar.tsx [Client Component SSR]
    ./app/_components/Navbar.tsx [Server Component]
    ./app/layout.tsx [Server Component] @ http://localhost:3000/_next/static/chunks/node_modules_next_dist_0u_w_5s._.js:1945
[ 1130743ms] [ERROR] ./app/_components/ServicesDropdown.tsx:259:6
Expression expected
  257 |           SHELL_DURATION * 0.5
  258 |         );
> 259 |     }, panelRef);
      |      ^
  260 |
  261 |     return () => context.revert();
  262 |   }, [open, prefersReducedMotion, tracePaths]);

Parsing ecmascript source code failed

Import traces:
  Client Component Browser:
    ./app/_components/ServicesDropdown.tsx [Client Component Browser]
    ./app/_components/NavLinks.tsx [Client Component Browser]
    ./app/_components/Navbar.tsx [Client Component Browser]
    ./app/_components/Navbar.tsx [Server Component]
    ./app/layout.tsx [Server Component]

  Client Component SSR:
    ./app/_components/ServicesDropdown.tsx [Client Component SSR]
    ./app/_components/NavLinks.tsx [Client Component SSR]
    ./app/_components/Navbar.tsx [Client Component SSR]
    ./app/_components/Navbar.tsx [Server Component]
    ./app/layout.tsx [Server Component] @ http://localhost:3000/_next/static/chunks/node_modules_next_dist_0u_w_5s._.js:1945
[ 1130817ms] [ERROR] ./app/_components/ServicesDropdown.tsx:259:6
Expression expected
  257 |           SHELL_DURATION * 0.5
  258 |         );
> 259 |     }, panelRef);
      |      ^
  260 |
  261 |     return () => context.revert();
  262 |   }, [open, prefersReducedMotion, tracePaths]);

Parsing ecmascript source code failed

Import traces:
  Client Component Browser:
    ./app/_components/ServicesDropdown.tsx [Client Component Browser]
    ./app/_components/NavLinks.tsx [Client Component Browser]
    ./app/_components/Navbar.tsx [Client Component Browser]
    ./app/_components/Navbar.tsx [Server Component]
    ./app/layout.tsx [Server Component]

  Client Component SSR:
    ./app/_components/ServicesDropdown.tsx [Client Component SSR]
    ./app/_components/NavLinks.tsx [Client Component SSR]
    ./app/_components/Navbar.tsx [Client Component SSR]
    ./app/_components/Navbar.tsx [Server Component]
    ./app/layout.tsx [Server Component] @ http://localhost:3000/_next/static/chunks/node_modules_next_dist_0u_w_5s._.js:1945
[ 1130884ms] [ERROR] ./app/_components/ServicesDropdown.tsx:259:6
Expression expected
  257 |           SHELL_DURATION * 0.5
  258 |         );
> 259 |     }, panelRef);
      |      ^
  260 |
  261 |     return () => context.revert();
  262 |   }, [open, prefersReducedMotion, tracePaths]);

Parsing ecmascript source code failed

Import traces:
  Client Component Browser:
    ./app/_components/ServicesDropdown.tsx [Client Component Browser]
    ./app/_components/NavLinks.tsx [Client Component Browser]
    ./app/_components/Navbar.tsx [Client Component Browser]
    ./app/_components/Navbar.tsx [Server Component]
    ./app/layout.tsx [Server Component]

  Client Component SSR:
    ./app/_components/ServicesDropdown.tsx [Client Component SSR]
    ./app/_components/NavLinks.tsx [Client Component SSR]
    ./app/_components/Navbar.tsx [Client Component SSR]
    ./app/_components/Navbar.tsx [Server Component]
    ./app/layout.tsx [Server Component] @ http://localhost:3000/_next/static/chunks/node_modules_next_dist_0u_w_5s._.js:1945
[ 1130959ms] [ERROR] ./app/_components/ServicesDropdown.tsx:259:6
Expression expected
  257 |           SHELL_DURATION * 0.5
  258 |         );
> 259 |     }, panelRef);
      |      ^
  260 |
  261 |     return () => context.revert();
  262 |   }, [open, prefersReducedMotion, tracePaths]);

Parsing ecmascript source code failed

Import traces:
  Client Component Browser:
    ./app/_components/ServicesDropdown.tsx [Client Component Browser]
    ./app/_components/NavLinks.tsx [Client Component Browser]
    ./app/_components/Navbar.tsx [Client Component Browser]
    ./app/_components/Navbar.tsx [Server Component]
    ./app/layout.tsx [Server Component]

  Client Component SSR:
    ./app/_components/ServicesDropdown.tsx [Client Component SSR]
    ./app/_components/NavLinks.tsx [Client Component SSR]
    ./app/_components/Navbar.tsx [Client Component SSR]
    ./app/_components/Navbar.tsx [Server Component]
    ./app/layout.tsx [Server Component] @ http://localhost:3000/_next/static/chunks/node_modules_next_dist_0u_w_5s._.js:1945
[ 1131027ms] [ERROR] ./app/_components/ServicesDropdown.tsx:259:6
Expression expected
  257 |           SHELL_DURATION * 0.5
  258 |         );
> 259 |     }, panelRef);
      |      ^
  260 |
  261 |     return () => context.revert();
  262 |   }, [open, prefersReducedMotion, tracePaths]);

Parsing ecmascript source code failed

Import traces:
  Client Component Browser:
    ./app/_components/ServicesDropdown.tsx [Client Component Browser]
    ./app/_components/NavLinks.tsx [Client Component Browser]
    ./app/_components/Navbar.tsx [Client Component Browser]
    ./app/_components/Navbar.tsx [Server Component]
    ./app/layout.tsx [Server Component]

  Client Component SSR:
    ./app/_components/ServicesDropdown.tsx [Client Component SSR]
    ./app/_components/NavLinks.tsx [Client Component SSR]
    ./app/_components/Navbar.tsx [Client Component SSR]
    ./app/_components/Navbar.tsx [Server Component]
    ./app/layout.tsx [Server Component] @ http://localhost:3000/_next/static/chunks/node_modules_next_dist_0u_w_5s._.js:1945
[ 1131094ms] [ERROR] ./app/_components/ServicesDropdown.tsx:259:6
Expression expected
  257 |           SHELL_DURATION * 0.5
  258 |         );
> 259 |     }, panelRef);
      |      ^
  260 |
  261 |     return () => context.revert();
  262 |   }, [open, prefersReducedMotion, tracePaths]);

Parsing ecmascript source code failed

Import traces:
  Client Component Browser:
    ./app/_components/ServicesDropdown.tsx [Client Component Browser]
    ./app/_components/NavLinks.tsx [Client Component Browser]
    ./app/_components/Navbar.tsx [Client Component Browser]
    ./app/_components/Navbar.tsx [Server Component]
    ./app/layout.tsx [Server Component]

  Client Component SSR:
    ./app/_components/ServicesDropdown.tsx [Client Component SSR]
    ./app/_components/NavLinks.tsx [Client Component SSR]
    ./app/_components/Navbar.tsx [Client Component SSR]
    ./app/_components/Navbar.tsx [Server Component]
    ./app/layout.tsx [Server Component] @ http://localhost:3000/_next/static/chunks/node_modules_next_dist_0u_w_5s._.js:1945
[ 1131173ms] [ERROR] ./app/_components/ServicesDropdown.tsx:259:6
Expression expected
  257 |           SHELL_DURATION * 0.5
  258 |         );
> 259 |     }, panelRef);
      |      ^
  260 |
  261 |     return () => context.revert();
  262 |   }, [open, prefersReducedMotion, tracePaths]);

Parsing ecmascript source code failed

Import traces:
  Client Component Browser:
    ./app/_components/ServicesDropdown.tsx [Client Component Browser]
    ./app/_components/NavLinks.tsx [Client Component Browser]
    ./app/_components/Navbar.tsx [Client Component Browser]
    ./app/_components/Navbar.tsx [Server Component]
    ./app/layout.tsx [Server Component]

  Client Component SSR:
    ./app/_components/ServicesDropdown.tsx [Client Component SSR]
    ./app/_components/NavLinks.tsx [Client Component SSR]
    ./app/_components/Navbar.tsx [Client Component SSR]
    ./app/_components/Navbar.tsx [Server Component]
    ./app/layout.tsx [Server Component] @ http://localhost:3000/_next/static/chunks/node_modules_next_dist_0u_w_5s._.js:1945
[ 1131242ms] [ERROR] ./app/_components/ServicesDropdown.tsx:259:6
Expression expected
  257 |           SHELL_DURATION * 0.5
  258 |         );
> 259 |     }, panelRef);
      |      ^
  260 |
  261 |     return () => context.revert();
  262 |   }, [open, prefersReducedMotion, tracePaths]);

Parsing ecmascript source code failed

Import traces:
  Client Component Browser:
    ./app/_components/ServicesDropdown.tsx [Client Component Browser]
    ./app/_components/NavLinks.tsx [Client Component Browser]
    ./app/_components/Navbar.tsx [Client Component Browser]
    ./app/_components/Navbar.tsx [Server Component]
    ./app/layout.tsx [Server Component]

  Client Component SSR:
    ./app/_components/ServicesDropdown.tsx [Client Component SSR]
    ./app/_components/NavLinks.tsx [Client Component SSR]
    ./app/_components/Navbar.tsx [Client Component SSR]
    ./app/_components/Navbar.tsx [Server Component]
    ./app/layout.tsx [Server Component] @ http://localhost:3000/_next/static/chunks/node_modules_next_dist_0u_w_5s._.js:1945
[ 1131300ms] [ERROR] ./app/_components/ServicesDropdown.tsx:259:6
Expression expected
  257 |           SHELL_DURATION * 0.5
  258 |         );
> 259 |     }, panelRef);
      |      ^
  260 |
  261 |     return () => context.revert();
  262 |   }, [open, prefersReducedMotion, tracePaths]);

Parsing ecmascript source code failed

Import traces:
  Client Component Browser:
    ./app/_components/ServicesDropdown.tsx [Client Component Browser]
    ./app/_components/NavLinks.tsx [Client Component Browser]
    ./app/_components/Navbar.tsx [Client Component Browser]
    ./app/_components/Navbar.tsx [Server Component]
    ./app/layout.tsx [Server Component]

  Client Component SSR:
    ./app/_components/ServicesDropdown.tsx [Client Component SSR]
    ./app/_components/NavLinks.tsx [Client Component SSR]
    ./app/_components/Navbar.tsx [Client Component SSR]
    ./app/_components/Navbar.tsx [Server Component]
    ./app/layout.tsx [Server Component] @ http://localhost:3000/_next/static/chunks/node_modules_next_dist_0u_w_5s._.js:1945
[ 1131382ms] [ERROR] ./app/_components/ServicesDropdown.tsx:259:6
Expression expected
  257 |           SHELL_DURATION * 0.5
  258 |         );
> 259 |     }, panelRef);
      |      ^
  260 |
  261 |     return () => context.revert();
  262 |   }, [open, prefersReducedMotion, tracePaths]);

Parsing ecmascript source code failed

Import traces:
  Client Component Browser:
    ./app/_components/ServicesDropdown.tsx [Client Component Browser]
    ./app/_components/NavLinks.tsx [Client Component Browser]
    ./app/_components/Navbar.tsx [Client Component Browser]
    ./app/_components/Navbar.tsx [Server Component]
    ./app/layout.tsx [Server Component]

  Client Component SSR:
    ./app/_components/ServicesDropdown.tsx [Client Component SSR]
    ./app/_components/NavLinks.tsx [Client Component SSR]
    ./app/_components/Navbar.tsx [Client Component SSR]
    ./app/_components/Navbar.tsx [Server Component]
    ./app/layout.tsx [Server Component] @ http://localhost:3000/_next/static/chunks/node_modules_next_dist_0u_w_5s._.js:1945
[ 1131451ms] [ERROR] ./app/_components/ServicesDropdown.tsx:259:6
Expression expected
  257 |           SHELL_DURATION * 0.5
  258 |         );
> 259 |     }, panelRef);
      |      ^
  260 |
  261 |     return () => context.revert();
  262 |   }, [open, prefersReducedMotion, tracePaths]);

Parsing ecmascript source code failed

Import traces:
  Client Component Browser:
    ./app/_components/ServicesDropdown.tsx [Client Component Browser]
    ./app/_components/NavLinks.tsx [Client Component Browser]
    ./app/_components/Navbar.tsx [Client Component Browser]
    ./app/_components/Navbar.tsx [Server Component]
    ./app/layout.tsx [Server Component]

  Client Component SSR:
    ./app/_components/ServicesDropdown.tsx [Client Component SSR]
    ./app/_components/NavLinks.tsx [Client Component SSR]
    ./app/_components/Navbar.tsx [Client Component SSR]
    ./app/_components/Navbar.tsx [Server Component]
    ./app/layout.tsx [Server Component] @ http://localhost:3000/_next/static/chunks/node_modules_next_dist_0u_w_5s._.js:1945
[ 1131517ms] [ERROR] ./app/_components/ServicesDropdown.tsx:259:6
Expression expected
  257 |           SHELL_DURATION * 0.5
  258 |         );
> 259 |     }, panelRef);
      |      ^
  260 |
  261 |     return () => context.revert();
  262 |   }, [open, prefersReducedMotion, tracePaths]);

Parsing ecmascript source code failed

Import traces:
  Client Component Browser:
    ./app/_components/ServicesDropdown.tsx [Client Component Browser]
    ./app/_components/NavLinks.tsx [Client Component Browser]
    ./app/_components/Navbar.tsx [Client Component Browser]
    ./app/_components/Navbar.tsx [Server Component]
    ./app/layout.tsx [Server Component]

  Client Component SSR:
    ./app/_components/ServicesDropdown.tsx [Client Component SSR]
    ./app/_components/NavLinks.tsx [Client Component SSR]
    ./app/_components/Navbar.tsx [Client Component SSR]
    ./app/_components/Navbar.tsx [Server Component]
    ./app/layout.tsx [Server Component] @ http://localhost:3000/_next/static/chunks/node_modules_next_dist_0u_w_5s._.js:1945
[ 1131576ms] [ERROR] ./app/_components/ServicesDropdown.tsx:259:6
Expression expected
  257 |           SHELL_DURATION * 0.5
  258 |         );
> 259 |     }, panelRef);
      |      ^
  260 |
  261 |     return () => context.revert();
  262 |   }, [open, prefersReducedMotion, tracePaths]);

Parsing ecmascript source code failed

Import traces:
  Client Component Browser:
    ./app/_components/ServicesDropdown.tsx [Client Component Browser]
    ./app/_components/NavLinks.tsx [Client Component Browser]
    ./app/_components/Navbar.tsx [Client Component Browser]
    ./app/_components/Navbar.tsx [Server Component]
    ./app/layout.tsx [Server Component]

  Client Component SSR:
    ./app/_components/ServicesDropdown.tsx [Client Component SSR]
    ./app/_components/NavLinks.tsx [Client Component SSR]
    ./app/_components/Navbar.tsx [Client Component SSR]
    ./app/_components/Navbar.tsx [Server Component]
    ./app/layout.tsx [Server Component] @ http://localhost:3000/_next/static/chunks/node_modules_next_dist_0u_w_5s._.js:1945
[ 1131649ms] [ERROR] ./app/_components/ServicesDropdown.tsx:259:6
Expression expected
  257 |           SHELL_DURATION * 0.5
  258 |         );
> 259 |     }, panelRef);
      |      ^
  260 |
  261 |     return () => context.revert();
  262 |   }, [open, prefersReducedMotion, tracePaths]);

Parsing ecmascript source code failed

Import traces:
  Client Component Browser:
    ./app/_components/ServicesDropdown.tsx [Client Component Browser]
    ./app/_components/NavLinks.tsx [Client Component Browser]
    ./app/_components/Navbar.tsx [Client Component Browser]
    ./app/_components/Navbar.tsx [Server Component]
    ./app/layout.tsx [Server Component]

  Client Component SSR:
    ./app/_components/ServicesDropdown.tsx [Client Component SSR]
    ./app/_components/NavLinks.tsx [Client Component SSR]
    ./app/_components/Navbar.tsx [Client Component SSR]
    ./app/_components/Navbar.tsx [Server Component]
    ./app/layout.tsx [Server Component] @ http://localhost:3000/_next/static/chunks/node_modules_next_dist_0u_w_5s._.js:1945
[ 1131724ms] [ERROR] ./app/_components/ServicesDropdown.tsx:259:6
Expression expected
  257 |           SHELL_DURATION * 0.5
  258 |         );
> 259 |     }, panelRef);
      |      ^
  260 |
  261 |     return () => context.revert();
  262 |   }, [open, prefersReducedMotion, tracePaths]);

Parsing ecmascript source code failed

Import traces:
  Client Component Browser:
    ./app/_components/ServicesDropdown.tsx [Client Component Browser]
    ./app/_components/NavLinks.tsx [Client Component Browser]
    ./app/_components/Navbar.tsx [Client Component Browser]
    ./app/_components/Navbar.tsx [Server Component]
    ./app/layout.tsx [Server Component]

  Client Component SSR:
    ./app/_components/ServicesDropdown.tsx [Client Component SSR]
    ./app/_components/NavLinks.tsx [Client Component SSR]
    ./app/_components/Navbar.tsx [Client Component SSR]
    ./app/_components/Navbar.tsx [Server Component]
    ./app/layout.tsx [Server Component] @ http://localhost:3000/_next/static/chunks/node_modules_next_dist_0u_w_5s._.js:1945
[ 1131793ms] [ERROR] ./app/_components/ServicesDropdown.tsx:259:6
Expression expected
  257 |           SHELL_DURATION * 0.5
  258 |         );
> 259 |     }, panelRef);
      |      ^
  260 |
  261 |     return () => context.revert();
  262 |   }, [open, prefersReducedMotion, tracePaths]);

Parsing ecmascript source code failed

Import traces:
  Client Component Browser:
    ./app/_components/ServicesDropdown.tsx [Client Component Browser]
    ./app/_components/NavLinks.tsx [Client Component Browser]
    ./app/_components/Navbar.tsx [Client Component Browser]
    ./app/_components/Navbar.tsx [Server Component]
    ./app/layout.tsx [Server Component]

  Client Component SSR:
    ./app/_components/ServicesDropdown.tsx [Client Component SSR]
    ./app/_components/NavLinks.tsx [Client Component SSR]
    ./app/_components/Navbar.tsx [Client Component SSR]
    ./app/_components/Navbar.tsx [Server Component]
    ./app/layout.tsx [Server Component] @ http://localhost:3000/_next/static/chunks/node_modules_next_dist_0u_w_5s._.js:1945
[ 1131875ms] [ERROR] ./app/_components/ServicesDropdown.tsx:259:6
Expression expected
  257 |           SHELL_DURATION * 0.5
  258 |         );
> 259 |     }, panelRef);
      |      ^
  260 |
  261 |     return () => context.revert();
  262 |   }, [open, prefersReducedMotion, tracePaths]);

Parsing ecmascript source code failed

Import traces:
  Client Component Browser:
    ./app/_components/ServicesDropdown.tsx [Client Component Browser]
    ./app/_components/NavLinks.tsx [Client Component Browser]
    ./app/_components/Navbar.tsx [Client Component Browser]
    ./app/_components/Navbar.tsx [Server Component]
    ./app/layout.tsx [Server Component]

  Client Component SSR:
    ./app/_components/ServicesDropdown.tsx [Client Component SSR]
    ./app/_components/NavLinks.tsx [Client Component SSR]
    ./app/_components/Navbar.tsx [Client Component SSR]
    ./app/_components/Navbar.tsx [Server Component]
    ./app/layout.tsx [Server Component] @ http://localhost:3000/_next/static/chunks/node_modules_next_dist_0u_w_5s._.js:1945
[ 1131934ms] [ERROR] ./app/_components/ServicesDropdown.tsx:259:6
Expression expected
  257 |           SHELL_DURATION * 0.5
  258 |         );
> 259 |     }, panelRef);
      |      ^
  260 |
  261 |     return () => context.revert();
  262 |   }, [open, prefersReducedMotion, tracePaths]);

Parsing ecmascript source code failed

Import traces:
  Client Component Browser:
    ./app/_components/ServicesDropdown.tsx [Client Component Browser]
    ./app/_components/NavLinks.tsx [Client Component Browser]
    ./app/_components/Navbar.tsx [Client Component Browser]
    ./app/_components/Navbar.tsx [Server Component]
    ./app/layout.tsx [Server Component]

  Client Component SSR:
    ./app/_components/ServicesDropdown.tsx [Client Component SSR]
    ./app/_components/NavLinks.tsx [Client Component SSR]
    ./app/_components/Navbar.tsx [Client Component SSR]
    ./app/_components/Navbar.tsx [Server Component]
    ./app/layout.tsx [Server Component] @ http://localhost:3000/_next/static/chunks/node_modules_next_dist_0u_w_5s._.js:1945
[ 1132009ms] [ERROR] ./app/_components/ServicesDropdown.tsx:259:6
Expression expected
  257 |           SHELL_DURATION * 0.5
  258 |         );
> 259 |     }, panelRef);
      |      ^
  260 |
  261 |     return () => context.revert();
  262 |   }, [open, prefersReducedMotion, tracePaths]);

Parsing ecmascript source code failed

Import traces:
  Client Component Browser:
    ./app/_components/ServicesDropdown.tsx [Client Component Browser]
    ./app/_components/NavLinks.tsx [Client Component Browser]
    ./app/_components/Navbar.tsx [Client Component Browser]
    ./app/_components/Navbar.tsx [Server Component]
    ./app/layout.tsx [Server Component]

  Client Component SSR:
    ./app/_components/ServicesDropdown.tsx [Client Component SSR]
    ./app/_components/NavLinks.tsx [Client Component SSR]
    ./app/_components/Navbar.tsx [Client Component SSR]
    ./app/_components/Navbar.tsx [Server Component]
    ./app/layout.tsx [Server Component] @ http://localhost:3000/_next/static/chunks/node_modules_next_dist_0u_w_5s._.js:1945
[ 1132075ms] [ERROR] ./app/_components/ServicesDropdown.tsx:259:6
Expression expected
  257 |           SHELL_DURATION * 0.5
  258 |         );
> 259 |     }, panelRef);
      |      ^
  260 |
  261 |     return () => context.revert();
  262 |   }, [open, prefersReducedMotion, tracePaths]);

Parsing ecmascript source code failed

Import traces:
  Client Component Browser:
    ./app/_components/ServicesDropdown.tsx [Client Component Browser]
    ./app/_components/NavLinks.tsx [Client Component Browser]
    ./app/_components/Navbar.tsx [Client Component Browser]
    ./app/_components/Navbar.tsx [Server Component]
    ./app/layout.tsx [Server Component]

  Client Component SSR:
    ./app/_components/ServicesDropdown.tsx [Client Component SSR]
    ./app/_components/NavLinks.tsx [Client Component SSR]
    ./app/_components/Navbar.tsx [Client Component SSR]
    ./app/_components/Navbar.tsx [Server Component]
    ./app/layout.tsx [Server Component] @ http://localhost:3000/_next/static/chunks/node_modules_next_dist_0u_w_5s._.js:1945
[ 1132159ms] [ERROR] ./app/_components/ServicesDropdown.tsx:259:6
Expression expected
  257 |           SHELL_DURATION * 0.5
  258 |         );
> 259 |     }, panelRef);
      |      ^
  260 |
  261 |     return () => context.revert();
  262 |   }, [open, prefersReducedMotion, tracePaths]);

Parsing ecmascript source code failed

Import traces:
  Client Component Browser:
    ./app/_components/ServicesDropdown.tsx [Client Component Browser]
    ./app/_components/NavLinks.tsx [Client Component Browser]
    ./app/_components/Navbar.tsx [Client Component Browser]
    ./app/_components/Navbar.tsx [Server Component]
    ./app/layout.tsx [Server Component]

  Client Component SSR:
    ./app/_components/ServicesDropdown.tsx [Client Component SSR]
    ./app/_components/NavLinks.tsx [Client Component SSR]
    ./app/_components/Navbar.tsx [Client Component SSR]
    ./app/_components/Navbar.tsx [Server Component]
    ./app/layout.tsx [Server Component] @ http://localhost:3000/_next/static/chunks/node_modules_next_dist_0u_w_5s._.js:1945
[ 1132226ms] [ERROR] ./app/_components/ServicesDropdown.tsx:259:6
Expression expected
  257 |           SHELL_DURATION * 0.5
  258 |         );
> 259 |     }, panelRef);
      |      ^
  260 |
  261 |     return () => context.revert();
  262 |   }, [open, prefersReducedMotion, tracePaths]);

Parsing ecmascript source code failed

Import traces:
  Client Component Browser:
    ./app/_components/ServicesDropdown.tsx [Client Component Browser]
    ./app/_components/NavLinks.tsx [Client Component Browser]
    ./app/_components/Navbar.tsx [Client Component Browser]
    ./app/_components/Navbar.tsx [Server Component]
    ./app/layout.tsx [Server Component]

  Client Component SSR:
    ./app/_components/ServicesDropdown.tsx [Client Component SSR]
    ./app/_components/NavLinks.tsx [Client Component SSR]
    ./app/_components/Navbar.tsx [Client Component SSR]
    ./app/_components/Navbar.tsx [Server Component]
    ./app/layout.tsx [Server Component] @ http://localhost:3000/_next/static/chunks/node_modules_next_dist_0u_w_5s._.js:1945
[ 1132315ms] [ERROR] ./app/_components/ServicesDropdown.tsx:259:6
Expression expected
  257 |           SHELL_DURATION * 0.5
  258 |         );
> 259 |     }, panelRef);
      |      ^
  260 |
  261 |     return () => context.revert();
  262 |   }, [open, prefersReducedMotion, tracePaths]);

Parsing ecmascript source code failed

Import traces:
  Client Component Browser:
    ./app/_components/ServicesDropdown.tsx [Client Component Browser]
    ./app/_components/NavLinks.tsx [Client Component Browser]
    ./app/_components/Navbar.tsx [Client Component Browser]
    ./app/_components/Navbar.tsx [Server Component]
    ./app/layout.tsx [Server Component]

  Client Component SSR:
    ./app/_components/ServicesDropdown.tsx [Client Component SSR]
    ./app/_components/NavLinks.tsx [Client Component SSR]
    ./app/_components/Navbar.tsx [Client Component SSR]
    ./app/_components/Navbar.tsx [Server Component]
    ./app/layout.tsx [Server Component] @ http://localhost:3000/_next/static/chunks/node_modules_next_dist_0u_w_5s._.js:1945
[ 1132382ms] [ERROR] ./app/_components/ServicesDropdown.tsx:259:6
Expression expected
  257 |           SHELL_DURATION * 0.5
  258 |         );
> 259 |     }, panelRef);
      |      ^
  260 |
  261 |     return () => context.revert();
  262 |   }, [open, prefersReducedMotion, tracePaths]);

Parsing ecmascript source code failed

Import traces:
  Client Component Browser:
    ./app/_components/ServicesDropdown.tsx [Client Component Browser]
    ./app/_components/NavLinks.tsx [Client Component Browser]
    ./app/_components/Navbar.tsx [Client Component Browser]
    ./app/_components/Navbar.tsx [Server Component]
    ./app/layout.tsx [Server Component]

  Client Component SSR:
    ./app/_components/ServicesDropdown.tsx [Client Component SSR]
    ./app/_components/NavLinks.tsx [Client Component SSR]
    ./app/_components/Navbar.tsx [Client Component SSR]
    ./app/_components/Navbar.tsx [Server Component]
    ./app/layout.tsx [Server Component] @ http://localhost:3000/_next/static/chunks/node_modules_next_dist_0u_w_5s._.js:1945
[ 1132463ms] [ERROR] ./app/_components/ServicesDropdown.tsx:259:6
Expression expected
  257 |           SHELL_DURATION * 0.5
  258 |         );
> 259 |     }, panelRef);
      |      ^
  260 |
  261 |     return () => context.revert();
  262 |   }, [open, prefersReducedMotion, tracePaths]);

Parsing ecmascript source code failed

Import traces:
  Client Component Browser:
    ./app/_components/ServicesDropdown.tsx [Client Component Browser]
    ./app/_components/NavLinks.tsx [Client Component Browser]
    ./app/_components/Navbar.tsx [Client Component Browser]
    ./app/_components/Navbar.tsx [Server Component]
    ./app/layout.tsx [Server Component]

  Client Component SSR:
    ./app/_components/ServicesDropdown.tsx [Client Component SSR]
    ./app/_components/NavLinks.tsx [Client Component SSR]
    ./app/_components/Navbar.tsx [Client Component SSR]
    ./app/_components/Navbar.tsx [Server Component]
    ./app/layout.tsx [Server Component] @ http://localhost:3000/_next/static/chunks/node_modules_next_dist_0u_w_5s._.js:1945
[ 1132521ms] [ERROR] ./app/_components/ServicesDropdown.tsx:259:6
Expression expected
  257 |           SHELL_DURATION * 0.5
  258 |         );
> 259 |     }, panelRef);
      |      ^
  260 |
  261 |     return () => context.revert();
  262 |   }, [open, prefersReducedMotion, tracePaths]);

Parsing ecmascript source code failed

Import traces:
  Client Component Browser:
    ./app/_components/ServicesDropdown.tsx [Client Component Browser]
    ./app/_components/NavLinks.tsx [Client Component Browser]
    ./app/_components/Navbar.tsx [Client Component Browser]
    ./app/_components/Navbar.tsx [Server Component]
    ./app/layout.tsx [Server Component]

  Client Component SSR:
    ./app/_components/ServicesDropdown.tsx [Client Component SSR]
    ./app/_components/NavLinks.tsx [Client Component SSR]
    ./app/_components/Navbar.tsx [Client Component SSR]
    ./app/_components/Navbar.tsx [Server Component]
    ./app/layout.tsx [Server Component] @ http://localhost:3000/_next/static/chunks/node_modules_next_dist_0u_w_5s._.js:1945
[ 1132603ms] [ERROR] ./app/_components/ServicesDropdown.tsx:259:6
Expression expected
  257 |           SHELL_DURATION * 0.5
  258 |         );
> 259 |     }, panelRef);
      |      ^
  260 |
  261 |     return () => context.revert();
  262 |   }, [open, prefersReducedMotion, tracePaths]);

Parsing ecmascript source code failed

Import traces:
  Client Component Browser:
    ./app/_components/ServicesDropdown.tsx [Client Component Browser]
    ./app/_components/NavLinks.tsx [Client Component Browser]
    ./app/_components/Navbar.tsx [Client Component Browser]
    ./app/_components/Navbar.tsx [Server Component]
    ./app/layout.tsx [Server Component]

  Client Component SSR:
    ./app/_components/ServicesDropdown.tsx [Client Component SSR]
    ./app/_components/NavLinks.tsx [Client Component SSR]
    ./app/_components/Navbar.tsx [Client Component SSR]
    ./app/_components/Navbar.tsx [Server Component]
    ./app/layout.tsx [Server Component] @ http://localhost:3000/_next/static/chunks/node_modules_next_dist_0u_w_5s._.js:1945
[ 1132677ms] [ERROR] ./app/_components/ServicesDropdown.tsx:259:6
Expression expected
  257 |           SHELL_DURATION * 0.5
  258 |         );
> 259 |     }, panelRef);
      |      ^
  260 |
  261 |     return () => context.revert();
  262 |   }, [open, prefersReducedMotion, tracePaths]);

Parsing ecmascript source code failed

Import traces:
  Client Component Browser:
    ./app/_components/ServicesDropdown.tsx [Client Component Browser]
    ./app/_components/NavLinks.tsx [Client Component Browser]
    ./app/_components/Navbar.tsx [Client Component Browser]
    ./app/_components/Navbar.tsx [Server Component]
    ./app/layout.tsx [Server Component]

  Client Component SSR:
    ./app/_components/ServicesDropdown.tsx [Client Component SSR]
    ./app/_components/NavLinks.tsx [Client Component SSR]
    ./app/_components/Navbar.tsx [Client Component SSR]
    ./app/_components/Navbar.tsx [Server Component]
    ./app/layout.tsx [Server Component] @ http://localhost:3000/_next/static/chunks/node_modules_next_dist_0u_w_5s._.js:1945
[ 1132744ms] [ERROR] ./app/_components/ServicesDropdown.tsx:259:6
Expression expected
  257 |           SHELL_DURATION * 0.5
  258 |         );
> 259 |     }, panelRef);
      |      ^
  260 |
  261 |     return () => context.revert();
  262 |   }, [open, prefersReducedMotion, tracePaths]);

Parsing ecmascript source code failed

Import traces:
  Client Component Browser:
    ./app/_components/ServicesDropdown.tsx [Client Component Browser]
    ./app/_components/NavLinks.tsx [Client Component Browser]
    ./app/_components/Navbar.tsx [Client Component Browser]
    ./app/_components/Navbar.tsx [Server Component]
    ./app/layout.tsx [Server Component]

  Client Component SSR:
    ./app/_components/ServicesDropdown.tsx [Client Component SSR]
    ./app/_components/NavLinks.tsx [Client Component SSR]
    ./app/_components/Navbar.tsx [Client Component SSR]
    ./app/_components/Navbar.tsx [Server Component]
    ./app/layout.tsx [Server Component] @ http://localhost:3000/_next/static/chunks/node_modules_next_dist_0u_w_5s._.js:1945
[ 1132810ms] [ERROR] ./app/_components/ServicesDropdown.tsx:259:6
Expression expected
  257 |           SHELL_DURATION * 0.5
  258 |         );
> 259 |     }, panelRef);
      |      ^
  260 |
  261 |     return () => context.revert();
  262 |   }, [open, prefersReducedMotion, tracePaths]);

Parsing ecmascript source code failed

Import traces:
  Client Component Browser:
    ./app/_components/ServicesDropdown.tsx [Client Component Browser]
    ./app/_components/NavLinks.tsx [Client Component Browser]
    ./app/_components/Navbar.tsx [Client Component Browser]
    ./app/_components/Navbar.tsx [Server Component]
    ./app/layout.tsx [Server Component]

  Client Component SSR:
    ./app/_components/ServicesDropdown.tsx [Client Component SSR]
    ./app/_components/NavLinks.tsx [Client Component SSR]
    ./app/_components/Navbar.tsx [Client Component SSR]
    ./app/_components/Navbar.tsx [Server Component]
    ./app/layout.tsx [Server Component] @ http://localhost:3000/_next/static/chunks/node_modules_next_dist_0u_w_5s._.js:1945
[ 1132874ms] [ERROR] ./app/_components/ServicesDropdown.tsx:259:6
Expression expected
  257 |           SHELL_DURATION * 0.5
  258 |         );
> 259 |     }, panelRef);
      |      ^
  260 |
  261 |     return () => context.revert();
  262 |   }, [open, prefersReducedMotion, tracePaths]);

Parsing ecmascript source code failed

Import traces:
  Client Component Browser:
    ./app/_components/ServicesDropdown.tsx [Client Component Browser]
    ./app/_components/NavLinks.tsx [Client Component Browser]
    ./app/_components/Navbar.tsx [Client Component Browser]
    ./app/_components/Navbar.tsx [Server Component]
    ./app/layout.tsx [Server Component]

  Client Component SSR:
    ./app/_components/ServicesDropdown.tsx [Client Component SSR]
    ./app/_components/NavLinks.tsx [Client Component SSR]
    ./app/_components/Navbar.tsx [Client Component SSR]
    ./app/_components/Navbar.tsx [Server Component]
    ./app/layout.tsx [Server Component] @ http://localhost:3000/_next/static/chunks/node_modules_next_dist_0u_w_5s._.js:1945
[ 1132959ms] [ERROR] ./app/_components/ServicesDropdown.tsx:259:6
Expression expected
  257 |           SHELL_DURATION * 0.5
  258 |         );
> 259 |     }, panelRef);
      |      ^
  260 |
  261 |     return () => context.revert();
  262 |   }, [open, prefersReducedMotion, tracePaths]);

Parsing ecmascript source code failed

Import traces:
  Client Component Browser:
    ./app/_components/ServicesDropdown.tsx [Client Component Browser]
    ./app/_components/NavLinks.tsx [Client Component Browser]
    ./app/_components/Navbar.tsx [Client Component Browser]
    ./app/_components/Navbar.tsx [Server Component]
    ./app/layout.tsx [Server Component]

  Client Component SSR:
    ./app/_components/ServicesDropdown.tsx [Client Component SSR]
    ./app/_components/NavLinks.tsx [Client Component SSR]
    ./app/_components/Navbar.tsx [Client Component SSR]
    ./app/_components/Navbar.tsx [Server Component]
    ./app/layout.tsx [Server Component] @ http://localhost:3000/_next/static/chunks/node_modules_next_dist_0u_w_5s._.js:1945
[ 1133035ms] [ERROR] ./app/_components/ServicesDropdown.tsx:259:6
Expression expected
  257 |           SHELL_DURATION * 0.5
  258 |         );
> 259 |     }, panelRef);
      |      ^
  260 |
  261 |     return () => context.revert();
  262 |   }, [open, prefersReducedMotion, tracePaths]);

Parsing ecmascript source code failed

Import traces:
  Client Component Browser:
    ./app/_components/ServicesDropdown.tsx [Client Component Browser]
    ./app/_components/NavLinks.tsx [Client Component Browser]
    ./app/_components/Navbar.tsx [Client Component Browser]
    ./app/_components/Navbar.tsx [Server Component]
    ./app/layout.tsx [Server Component]

  Client Component SSR:
    ./app/_components/ServicesDropdown.tsx [Client Component SSR]
    ./app/_components/NavLinks.tsx [Client Component SSR]
    ./app/_components/Navbar.tsx [Client Component SSR]
    ./app/_components/Navbar.tsx [Server Component]
    ./app/layout.tsx [Server Component] @ http://localhost:3000/_next/static/chunks/node_modules_next_dist_0u_w_5s._.js:1945
[ 1133103ms] [ERROR] ./app/_components/ServicesDropdown.tsx:259:6
Expression expected
  257 |           SHELL_DURATION * 0.5
  258 |         );
> 259 |     }, panelRef);
      |      ^
  260 |
  261 |     return () => context.revert();
  262 |   }, [open, prefersReducedMotion, tracePaths]);

Parsing ecmascript source code failed

Import traces:
  Client Component Browser:
    ./app/_components/ServicesDropdown.tsx [Client Component Browser]
    ./app/_components/NavLinks.tsx [Client Component Browser]
    ./app/_components/Navbar.tsx [Client Component Browser]
    ./app/_components/Navbar.tsx [Server Component]
    ./app/layout.tsx [Server Component]

  Client Component SSR:
    ./app/_components/ServicesDropdown.tsx [Client Component SSR]
    ./app/_components/NavLinks.tsx [Client Component SSR]
    ./app/_components/Navbar.tsx [Client Component SSR]
    ./app/_components/Navbar.tsx [Server Component]
    ./app/layout.tsx [Server Component] @ http://localhost:3000/_next/static/chunks/node_modules_next_dist_0u_w_5s._.js:1945
[ 1133176ms] [ERROR] ./app/_components/ServicesDropdown.tsx:259:6
Expression expected
  257 |           SHELL_DURATION * 0.5
  258 |         );
> 259 |     }, panelRef);
      |      ^
  260 |
  261 |     return () => context.revert();
  262 |   }, [open, prefersReducedMotion, tracePaths]);

Parsing ecmascript source code failed

Import traces:
  Client Component Browser:
    ./app/_components/ServicesDropdown.tsx [Client Component Browser]
    ./app/_components/NavLinks.tsx [Client Component Browser]
    ./app/_components/Navbar.tsx [Client Component Browser]
    ./app/_components/Navbar.tsx [Server Component]
    ./app/layout.tsx [Server Component]

  Client Component SSR:
    ./app/_components/ServicesDropdown.tsx [Client Component SSR]
    ./app/_components/NavLinks.tsx [Client Component SSR]
    ./app/_components/Navbar.tsx [Client Component SSR]
    ./app/_components/Navbar.tsx [Server Component]
    ./app/layout.tsx [Server Component] @ http://localhost:3000/_next/static/chunks/node_modules_next_dist_0u_w_5s._.js:1945
[ 1133243ms] [ERROR] ./app/_components/ServicesDropdown.tsx:259:6
Expression expected
  257 |           SHELL_DURATION * 0.5
  258 |         );
> 259 |     }, panelRef);
      |      ^
  260 |
  261 |     return () => context.revert();
  262 |   }, [open, prefersReducedMotion, tracePaths]);

Parsing ecmascript source code failed

Import traces:
  Client Component Browser:
    ./app/_components/ServicesDropdown.tsx [Client Component Browser]
    ./app/_components/NavLinks.tsx [Client Component Browser]
    ./app/_components/Navbar.tsx [Client Component Browser]
    ./app/_components/Navbar.tsx [Server Component]
    ./app/layout.tsx [Server Component]

  Client Component SSR:
    ./app/_components/ServicesDropdown.tsx [Client Component SSR]
    ./app/_components/NavLinks.tsx [Client Component SSR]
    ./app/_components/Navbar.tsx [Client Component SSR]
    ./app/_components/Navbar.tsx [Server Component]
    ./app/layout.tsx [Server Component] @ http://localhost:3000/_next/static/chunks/node_modules_next_dist_0u_w_5s._.js:1945
[ 1133309ms] [ERROR] ./app/_components/ServicesDropdown.tsx:259:6
Expression expected
  257 |           SHELL_DURATION * 0.5
  258 |         );
> 259 |     }, panelRef);
      |      ^
  260 |
  261 |     return () => context.revert();
  262 |   }, [open, prefersReducedMotion, tracePaths]);

Parsing ecmascript source code failed

Import traces:
  Client Component Browser:
    ./app/_components/ServicesDropdown.tsx [Client Component Browser]
    ./app/_components/NavLinks.tsx [Client Component Browser]
    ./app/_components/Navbar.tsx [Client Component Browser]
    ./app/_components/Navbar.tsx [Server Component]
    ./app/layout.tsx [Server Component]

  Client Component SSR:
    ./app/_components/ServicesDropdown.tsx [Client Component SSR]
    ./app/_components/NavLinks.tsx [Client Component SSR]
    ./app/_components/Navbar.tsx [Client Component SSR]
    ./app/_components/Navbar.tsx [Server Component]
    ./app/layout.tsx [Server Component] @ http://localhost:3000/_next/static/chunks/node_modules_next_dist_0u_w_5s._.js:1945
[ 1133382ms] [ERROR] ./app/_components/ServicesDropdown.tsx:259:6
Expression expected
  257 |           SHELL_DURATION * 0.5
  258 |         );
> 259 |     }, panelRef);
      |      ^
  260 |
  261 |     return () => context.revert();
  262 |   }, [open, prefersReducedMotion, tracePaths]);

Parsing ecmascript source code failed

Import traces:
  Client Component Browser:
    ./app/_components/ServicesDropdown.tsx [Client Component Browser]
    ./app/_components/NavLinks.tsx [Client Component Browser]
    ./app/_components/Navbar.tsx [Client Component Browser]
    ./app/_components/Navbar.tsx [Server Component]
    ./app/layout.tsx [Server Component]

  Client Component SSR:
    ./app/_components/ServicesDropdown.tsx [Client Component SSR]
    ./app/_components/NavLinks.tsx [Client Component SSR]
    ./app/_components/Navbar.tsx [Client Component SSR]
    ./app/_components/Navbar.tsx [Server Component]
    ./app/layout.tsx [Server Component] @ http://localhost:3000/_next/static/chunks/node_modules_next_dist_0u_w_5s._.js:1945
[ 1133456ms] [ERROR] ./app/_components/ServicesDropdown.tsx:259:6
Expression expected
  257 |           SHELL_DURATION * 0.5
  258 |         );
> 259 |     }, panelRef);
      |      ^
  260 |
  261 |     return () => context.revert();
  262 |   }, [open, prefersReducedMotion, tracePaths]);

Parsing ecmascript source code failed

Import traces:
  Client Component Browser:
    ./app/_components/ServicesDropdown.tsx [Client Component Browser]
    ./app/_components/NavLinks.tsx [Client Component Browser]
    ./app/_components/Navbar.tsx [Client Component Browser]
    ./app/_components/Navbar.tsx [Server Component]
    ./app/layout.tsx [Server Component]

  Client Component SSR:
    ./app/_components/ServicesDropdown.tsx [Client Component SSR]
    ./app/_components/NavLinks.tsx [Client Component SSR]
    ./app/_components/Navbar.tsx [Client Component SSR]
    ./app/_components/Navbar.tsx [Server Component]
    ./app/layout.tsx [Server Component] @ http://localhost:3000/_next/static/chunks/node_modules_next_dist_0u_w_5s._.js:1945
[ 1133514ms] [ERROR] ./app/_components/ServicesDropdown.tsx:259:6
Expression expected
  257 |           SHELL_DURATION * 0.5
  258 |         );
> 259 |     }, panelRef);
      |      ^
  260 |
  261 |     return () => context.revert();
  262 |   }, [open, prefersReducedMotion, tracePaths]);

Parsing ecmascript source code failed

Import traces:
  Client Component Browser:
    ./app/_components/ServicesDropdown.tsx [Client Component Browser]
    ./app/_components/NavLinks.tsx [Client Component Browser]
    ./app/_components/Navbar.tsx [Client Component Browser]
    ./app/_components/Navbar.tsx [Server Component]
    ./app/layout.tsx [Server Component]

  Client Component SSR:
    ./app/_components/ServicesDropdown.tsx [Client Component SSR]
    ./app/_components/NavLinks.tsx [Client Component SSR]
    ./app/_components/Navbar.tsx [Client Component SSR]
    ./app/_components/Navbar.tsx [Server Component]
    ./app/layout.tsx [Server Component] @ http://localhost:3000/_next/static/chunks/node_modules_next_dist_0u_w_5s._.js:1945
[ 1133588ms] [ERROR] ./app/_components/ServicesDropdown.tsx:259:6
Expression expected
  257 |           SHELL_DURATION * 0.5
  258 |         );
> 259 |     }, panelRef);
      |      ^
  260 |
  261 |     return () => context.revert();
  262 |   }, [open, prefersReducedMotion, tracePaths]);

Parsing ecmascript source code failed

Import traces:
  Client Component Browser:
    ./app/_components/ServicesDropdown.tsx [Client Component Browser]
    ./app/_components/NavLinks.tsx [Client Component Browser]
    ./app/_components/Navbar.tsx [Client Component Browser]
    ./app/_components/Navbar.tsx [Server Component]
    ./app/layout.tsx [Server Component]

  Client Component SSR:
    ./app/_components/ServicesDropdown.tsx [Client Component SSR]
    ./app/_components/NavLinks.tsx [Client Component SSR]
    ./app/_components/Navbar.tsx [Client Component SSR]
    ./app/_components/Navbar.tsx [Server Component]
    ./app/layout.tsx [Server Component] @ http://localhost:3000/_next/static/chunks/node_modules_next_dist_0u_w_5s._.js:1945
[ 1133664ms] [ERROR] ./app/_components/ServicesDropdown.tsx:259:6
Expression expected
  257 |           SHELL_DURATION * 0.5
  258 |         );
> 259 |     }, panelRef);
      |      ^
  260 |
  261 |     return () => context.revert();
  262 |   }, [open, prefersReducedMotion, tracePaths]);

Parsing ecmascript source code failed

Import traces:
  Client Component Browser:
    ./app/_components/ServicesDropdown.tsx [Client Component Browser]
    ./app/_components/NavLinks.tsx [Client Component Browser]
    ./app/_components/Navbar.tsx [Client Component Browser]
    ./app/_components/Navbar.tsx [Server Component]
    ./app/layout.tsx [Server Component]

  Client Component SSR:
    ./app/_components/ServicesDropdown.tsx [Client Component SSR]
    ./app/_components/NavLinks.tsx [Client Component SSR]
    ./app/_components/Navbar.tsx [Client Component SSR]
    ./app/_components/Navbar.tsx [Server Component]
    ./app/layout.tsx [Server Component] @ http://localhost:3000/_next/static/chunks/node_modules_next_dist_0u_w_5s._.js:1945
[ 1133742ms] [ERROR] ./app/_components/ServicesDropdown.tsx:259:6
Expression expected
  257 |           SHELL_DURATION * 0.5
  258 |         );
> 259 |     }, panelRef);
      |      ^
  260 |
  261 |     return () => context.revert();
  262 |   }, [open, prefersReducedMotion, tracePaths]);

Parsing ecmascript source code failed

Import traces:
  Client Component Browser:
    ./app/_components/ServicesDropdown.tsx [Client Component Browser]
    ./app/_components/NavLinks.tsx [Client Component Browser]
    ./app/_components/Navbar.tsx [Client Component Browser]
    ./app/_components/Navbar.tsx [Server Component]
    ./app/layout.tsx [Server Component]

  Client Component SSR:
    ./app/_components/ServicesDropdown.tsx [Client Component SSR]
    ./app/_components/NavLinks.tsx [Client Component SSR]
    ./app/_components/Navbar.tsx [Client Component SSR]
    ./app/_components/Navbar.tsx [Server Component]
    ./app/layout.tsx [Server Component] @ http://localhost:3000/_next/static/chunks/node_modules_next_dist_0u_w_5s._.js:1945
[ 1133804ms] [ERROR] ./app/_components/ServicesDropdown.tsx:259:6
Expression expected
  257 |           SHELL_DURATION * 0.5
  258 |         );
> 259 |     }, panelRef);
      |      ^
  260 |
  261 |     return () => context.revert();
  262 |   }, [open, prefersReducedMotion, tracePaths]);

Parsing ecmascript source code failed

Import traces:
  Client Component Browser:
    ./app/_components/ServicesDropdown.tsx [Client Component Browser]
    ./app/_components/NavLinks.tsx [Client Component Browser]
    ./app/_components/Navbar.tsx [Client Component Browser]
    ./app/_components/Navbar.tsx [Server Component]
    ./app/layout.tsx [Server Component]

  Client Component SSR:
    ./app/_components/ServicesDropdown.tsx [Client Component SSR]
    ./app/_components/NavLinks.tsx [Client Component SSR]
    ./app/_components/Navbar.tsx [Client Component SSR]
    ./app/_components/Navbar.tsx [Server Component]
    ./app/layout.tsx [Server Component] @ http://localhost:3000/_next/static/chunks/node_modules_next_dist_0u_w_5s._.js:1945
[ 1133888ms] [ERROR] ./app/_components/ServicesDropdown.tsx:259:6
Expression expected
  257 |           SHELL_DURATION * 0.5
  258 |         );
> 259 |     }, panelRef);
      |      ^
  260 |
  261 |     return () => context.revert();
  262 |   }, [open, prefersReducedMotion, tracePaths]);

Parsing ecmascript source code failed

Import traces:
  Client Component Browser:
    ./app/_components/ServicesDropdown.tsx [Client Component Browser]
    ./app/_components/NavLinks.tsx [Client Component Browser]
    ./app/_components/Navbar.tsx [Client Component Browser]
    ./app/_components/Navbar.tsx [Server Component]
    ./app/layout.tsx [Server Component]

  Client Component SSR:
    ./app/_components/ServicesDropdown.tsx [Client Component SSR]
    ./app/_components/NavLinks.tsx [Client Component SSR]
    ./app/_components/Navbar.tsx [Client Component SSR]
    ./app/_components/Navbar.tsx [Server Component]
    ./app/layout.tsx [Server Component] @ http://localhost:3000/_next/static/chunks/node_modules_next_dist_0u_w_5s._.js:1945
[ 1133963ms] [ERROR] ./app/_components/ServicesDropdown.tsx:259:6
Expression expected
  257 |           SHELL_DURATION * 0.5
  258 |         );
> 259 |     }, panelRef);
      |      ^
  260 |
  261 |     return () => context.revert();
  262 |   }, [open, prefersReducedMotion, tracePaths]);

Parsing ecmascript source code failed

Import traces:
  Client Component Browser:
    ./app/_components/ServicesDropdown.tsx [Client Component Browser]
    ./app/_components/NavLinks.tsx [Client Component Browser]
    ./app/_components/Navbar.tsx [Client Component Browser]
    ./app/_components/Navbar.tsx [Server Component]
    ./app/layout.tsx [Server Component]

  Client Component SSR:
    ./app/_components/ServicesDropdown.tsx [Client Component SSR]
    ./app/_components/NavLinks.tsx [Client Component SSR]
    ./app/_components/Navbar.tsx [Client Component SSR]
    ./app/_components/Navbar.tsx [Server Component]
    ./app/layout.tsx [Server Component] @ http://localhost:3000/_next/static/chunks/node_modules_next_dist_0u_w_5s._.js:1945
[ 1134033ms] [ERROR] ./app/_components/ServicesDropdown.tsx:259:6
Expression expected
  257 |           SHELL_DURATION * 0.5
  258 |         );
> 259 |     }, panelRef);
      |      ^
  260 |
  261 |     return () => context.revert();
  262 |   }, [open, prefersReducedMotion, tracePaths]);

Parsing ecmascript source code failed

Import traces:
  Client Component Browser:
    ./app/_components/ServicesDropdown.tsx [Client Component Browser]
    ./app/_components/NavLinks.tsx [Client Component Browser]
    ./app/_components/Navbar.tsx [Client Component Browser]
    ./app/_components/Navbar.tsx [Server Component]
    ./app/layout.tsx [Server Component]

  Client Component SSR:
    ./app/_components/ServicesDropdown.tsx [Client Component SSR]
    ./app/_components/NavLinks.tsx [Client Component SSR]
    ./app/_components/Navbar.tsx [Client Component SSR]
    ./app/_components/Navbar.tsx [Server Component]
    ./app/layout.tsx [Server Component] @ http://localhost:3000/_next/static/chunks/node_modules_next_dist_0u_w_5s._.js:1945
[ 1134147ms] [LOG] [Fast Refresh] rebuilding @ http://localhost:3000/_next/static/chunks/node_modules_next_dist_0u_w_5s._.js:1226
[ 1134280ms] [LOG] [Fast Refresh] done in 234ms @ http://localhost:3000/_next/static/chunks/node_modules_next_dist_0u_w_5s._.js:1226
[ 1134480ms] [LOG] [Fast Refresh] rebuilding @ http://localhost:3000/_next/static/chunks/node_modules_next_dist_0u_w_5s._.js:1226
[ 1135194ms] [LOG] [Fast Refresh] done in 823ms @ http://localhost:3000/_next/static/chunks/node_modules_next_dist_0u_w_5s._.js:1226
[ 1135313ms] [LOG] [Fast Refresh] rebuilding @ http://localhost:3000/_next/static/chunks/node_modules_next_dist_0u_w_5s._.js:1226
[ 1135446ms] [LOG] [Fast Refresh] done in 235ms @ http://localhost:3000/_next/static/chunks/node_modules_next_dist_0u_w_5s._.js:1226
[ 1135940ms] [INFO] %cDownload the React DevTools for a better development experience: https://react.dev/link/react-devtools font-weight:bold @ http://localhost:3000/_next/static/chunks/node_modules_next_dist_115brz8._.js:2477
[ 1136107ms] [LOG] [HMR] connected @ http://localhost:3000/_next/static/chunks/node_modules_next_dist_115brz8._.js:2477
[ 1137763ms] [WARNING] THREE.Clock: This module has been deprecated. Please use THREE.Timer instead. @ http://localhost:3000/_next/static/chunks/node_modules_next_dist_115brz8._.js:2477
[ 1137847ms] [WARNING] THREE.Clock: This module has been deprecated. Please use THREE.Timer instead. @ http://localhost:3000/_next/static/chunks/node_modules_next_dist_115brz8._.js:2477
